0
1
2
3
4
5
6
7
8
9
10
11
12
13
14
15
16
17
18
19
20
21
22
23
24
25
26
27
28
29
30
31
32
33
34
35
36
37
38
39
40
41
42
43
44
45
46
47
48
49
50
51
52
53
54
55
56
57
58
59
60
61
62
63
64
65
66
67
68
69
70
71
72
73
74
75
76
77
78
79
80
81
82
83
84
85
86
87
88
89
90
91
92
93
94
95
96
97
98
99
100
101
102
103
104
105
106
107
108
109
110
111
112
113
114
115
116
117
118
119
120
121
122
123
124
125
126
127
128
129
130
131
132
133
134
135
136
137
138
139
140
141
142
143
144
145
146
147
148
149
150
151
152
153
154
155
156
157
158
159
160
161
162
163
164
165
166
167
168
169
170
171
172
173
174
175
176
177
178
179
180
181
182
183
184
185
186
187
188
189
190
191
192
193
194
195
196
197
198
199
200
201
202
203
204
205
206
207
208
209
210
211
212
213
214
215
216
217
218
219
220
221
222
223
224
225
226
227
228
229
230
231
232
233
234
235
236
237
238
239
240
241
242
243
244
245
246
247
248
249
250
251
252
253
254
255
256
257
258
259
260
261
262
263
264
265
266
267
268
269
270
271
272
273
274
275
276
277
278
279
280
281
282
283
284
285
286
287
288
289
290
291
292
293
294
295
296
297
298
299
300
301
302
303
304
305
306
307
308
309
310
311
312
313
314
315
316
317
318
319
320
321
322
323
324
325
326
327
328
329
330
331
332
333
334
335
336
337
338
339
340
341
342
343
344
345
346
347
348
349
350
351
352
353
354
355
356
357
358
359
360
361
362
363
364
365
366
367
368
369
370
371
372
373
374
375
376
377
378
379
380
381
382
383
384
385
386
387
388
389
390
391
392
393
394
395
396
397
398
399
400
401
402
403
404
405
406
407
408
409
410
411
412
413
414
415
416
417
418
419
420
421
422
423
424
425
426
427
428
429
430
431
432
433
434
435
436
437
438
439
440
441
442
443
444
445
446
447
448
449
450
451
452
453
454
455
456
457
458
459
460
461
462
463
464
465
466
467
468
469
470
471
472
473
474
475
476
477
478
479
480
481
482
483
484
485
486
487
488
489
490
491
492
493
494
495
496
497
498
499
500
501
502
503
504
505
506
507
508
509
510
511
512
513
514
515
516
517
518
519
520
521
522
523
524
525
526
527
528
529
530
531
532
533
534
535
536
537
538
539
540
541
542
543
544
545
546
547
548
549
550
551
552
553
554
555
556
557
558
559
560
561
562
563
564
565
566
567
568
569
570
571
572
573
574
575
576
577
578
579
580
581
582
583
584
585
586
587
588
589
590
591
592
593
594
595
596
597
598
599
600
601
602
603
604
605
606
607
608
609
610
611
612
613
614
615
616
617
618
619
620
621
622
623
624
625
626
627
628
629
630
631
632
633
634
635
636
637
638
639
640
641
642
643
644
645
646
647
648
649
650
651
652
653
654
655
656
657
658
659
660
661
662
663
664
665
666
667
668
669
670
671
672
673
674
675
676
677
678
679
680
681
682
683
684
685
686
687
688
689
690
691
692
693
694
695
696
697
698
699
700
701
702
703
704
705
706
707
708
709
710
711
712
713
714
715
716
717
718
719
720
721
722
723
724
725
726
727
728
729
730
731
732
733
734
735
736
737
738
739
740
741
742
743
744
745
746
747
748
749
750
751
752
753
754
755
756
757
758
759
760
761
762
763
764
765
766
767
768
769
770
771
772
773
774
775
776
777
778
779
780
781
782
783
784
785
786
787
788
789
790
791
792
793
794
795
796
797
798
799
800
801
802
803
804
805
806
807
808
809
810
811
812
813
814
815
816
817
818
819
820
821
822
823
824
825
826
827
828
829
830
831
832
833
834
835
836
837
838
839
840
841
842
843
844
845
846
847
848
849
850
851
852
853
854
855
856
857
858
859
860
861
862
863
864
865
866
867
868
869
870
871
872
873
874
875
876
877
878
879
880
881
882
883
884
885
886
887
888
889
890
891
892
893
894
895
896
897
898
899
900
901
902
903
904
905
906
907
908
909
910
911
912
913
914
915
916
917
918
919
920
921
922
923
924
925
926
927
928
929
930
931
932
933
934
935
936
937
938
939
940
941
942
943
944
945
946
947
948
949
950
951
952
953
954
955
956
957
958
959
960
961
962
963
964
965
966
967
968
969
970
971
972
973
974
975
976
977
978
979
980
981
982
983
984
985
986
987
988
989
990
991
992
993
994
995
996
997
998
999
1000
1001
1002
1003
1004
1005
1006
1007
1008
1009
1010
1011
1012
1013
1014
1015
1016
1017
1018
1019
1020
1021
1022
1023
1024
1025
1026
1027
1028
1029
1030
1031
1032
1033
1034
1035
1036
1037
1038
1039
1040
1041
1042
1043
1044
1045
1046
1047
1048
1049
1050
1051
1052
1053
1054
1055
1056
1057
1058
1059
1060
1061
1062
1063
1064
1065
1066
1067
1068
1069
1070
1071
1072
1073
1074
1075
1076
1077
1078
1079
1080
1081
1082
1083
1084
1085
1086
1087
1088
1089
1090
1091
1092
1093
1094
1095
1096
1097
1098
1099
1100
1101
1102
1103
1104
1105
1106
1107
1108
1109
1110
1111
1112
1113
1114
1115
1116
1117
1118
1119
1120
1121
1122
1123
1124
1125
1126
1127
1128
1129
1130
1131
1132
1133
1134
1135
1136
1137
1138
1139
1140
1141
1142
1143
1144
1145
1146
1147
1148
1149
1150
1151
1152
1153
1154
1155
1156
1157
1158
1159
1160
1161
1162
1163
1164
1165
1166
1167
1168
1169
1170
1171
1172
1173
1174
1175
1176
1177
1178
1179
1180
1181
1182
1183
1184
1185
1186
1187
1188
1189
1190
1191
1192
1193
1194
1195
1196
1197
1198
1199
1200
1201
1202
1203
1204
1205
1206
1207
1208
1209
1210
1211
1212
1213
1214
1215
1216
1217
1218
1219
1220
1221
1222
1223
1224
1225
1226
1227
1228
1229
1230
1231
1232
1233
1234
1235
1236
1237
1238
1239
1240
1241
1242
1243
1244
1245
1246
1247
1248
1249
1250
1251
1252
1253
1254
1255
1256
1257
1258
1259
1260
1261
1262
1263
1264
1265
1266
1267
1268
1269
1270
1271
1272
1273
1274
1275
1276
1277
1278
1279
1280
1281
1282
1283
1284
1285
1286
1287
1288
1289
1290
1291
1292
1293
1294
1295
1296
1297
1298
1299
1300
1301
1302
1303
1304
1305
1306
1307
1308
1309
1310
1311
1312
1313
1314
1315
1316
1317
1318
1319
1320
1321
1322
1323
1324
1325
1326
1327
1328
1329
1330
1331
1332
1333
1334
1335
1336
1337
1338
1339
1340
1341
1342
1343
1344
1345
1346
1347
1348
1349
1350
1351
1352
1353
1354
1355
1356
1357
1358
1359
1360
1361
1362
1363
1364
1365
1366
1367
1368
1369
1370
1371
1372
1373
1374
1375
1376
1377
1378
1379
1380
1381
1382
1383
1384
1385
1386
1387
1388
1389
1390
1391
1392
1393
1394
1395
1396
1397
1398
1399
1400
1401
1402
1403
1404
1405
1406
1407
1408
1409
1410
1411
1412
1413
1414
1415
1416
1417
1418
1419
1420
1421
1422
1423
1424
1425
1426
1427
1428
1429
1430
1431
1432
1433
1434
1435
1436
1437
1438
1439
1440
1441
1442
1443
1444
1445
1446
1447
1448
1449
1450
1451
1452
1453
1454
1455
1456
1457
1458
1459
1460
1461
1462
1463
1464
1465
1466
1467
1468
1469
1470
1471
1472
1473
1474
1475
1476
1477
1478
1479
1480
1481
1482
1483
1484
1485
1486
1487
1488
1489
1490
1491
1492
1493
1494
1495
1496
1497
1498
1499
1500
1501
1502
1503
1504
1505
1506
1507
1508
1509
1510
1511
1512
1513
1514
1515
1516
1517
1518
1519
1520
1521
1522
1523
1524
1525
1526
1527
1528
1529
1530
1531
1532
1533
1534
1535
1536
1537
1538
1539
1540
1541
1542
1543
1544
1545
1546
1547
1548
1549
1550
1551
1552
1553
1554
1555
1556
1557
1558
1559
1560
1561
1562
1563
1564
1565
1566
1567
1568
1569
1570
1571
1572
1573
1574
1575
1576
1577
1578
1579
1580
1581
1582
1583
1584
1585
1586
1587
1588
1589
1590
1591
1592
1593
1594
1595
1596
1597
1598
1599
1600
1601
1602
1603
1604
1605
1606
1607
1608
1609
1610
1611
1612
1613
1614
1615
1616
1617
1618
1619
1620
1621
1622
1623
1624
1625
1626
1627
1628
1629
1630
1631
1632
1633
1634
1635
1636
1637
1638
1639
1640
1641
1642
1643
1644
1645
1646
1647
1648
1649
1650
1651
1652
1653
1654
1655
1656
1657
1658
1659
1660
1661
1662
1663
1664
1665
1666
1667
1668
1669
1670
1671
1672
1673
1674
1675
1676
1677
1678
1679
1680
1681
1682
1683
1684
1685
1686
1687
1688
1689
1690
1691
1692
1693
1694
1695
1696
1697
1698
1699
1700
1701
1702
1703
1704
1705
1706
1707
1708
1709
1710
1711
1712
1713
1714
1715
1716
1717
1718
1719
1720
1721
1722
1723
1724
1725
1726
1727
1728
1729
1730
1731
1732
1733
1734
1735
1736
1737
1738
1739
1740
1741
1742
1743
1744
1745
1746
1747
1748
1749
1750
1751
1752
1753
1754
1755
1756
1757
1758
1759
1760
1761
1762
1763
1764
1765
1766
1767
1768
1769
1770
1771
1772
1773
1774
1775
1776
1777
1778
1779
1780
1781
1782
1783
1784
1785
1786
1787
1788
1789
1790
1791
1792
1793
1794
1795
1796
1797
1798
1799
1800
1801
1802
1803
1804
1805
1806
1807
1808
1809
1810
1811
1812
1813
1814
1815
1816
1817
1818
1819
1820
1821
1822
1823
1824
1825
1826
1827
1828
1829
1830
1831
1832
1833
1834
1835
1836
1837
1838
1839
1840
1841
1842
1843
1844
1845
1846
1847
1848
1849
1850
1851
1852
1853
1854
1855
1856
1857
1858
1859
1860
1861
1862
1863
1864
1865
1866
1867
1868
1869
1870
1871
1872
1873
1874
1875
1876
1877
1878
1879
1880
1881
1882
1883
1884
1885
1886
1887
1888
1889
1890
1891
1892
1893
1894
1895
1896
1897
1898
1899
1900
1901
1902
1903
1904
1905
1906
1907
1908
1909
1910
1911
1912
1913
1914
1915
1916
1917
1918
1919
1920
1921
1922
1923
1924
1925
1926
1927
1928
1929
1930
1931
1932
1933
1934
1935
1936
1937
1938
1939
1940
1941
1942
1943
1944
1945
1946
1947
1948
1949
1950
1951
1952
1953
1954
1955
1956
1957
1958
1959
1960
1961
1962
1963
1964
1965
1966
1967
1968
1969
1970
1971
1972
1973
1974
1975
1976
1977
1978
1979
1980
1981
1982
1983
1984
1985
1986
1987
1988
1989
1990
1991
1992
1993
1994
1995
1996
1997
1998
1999
2000
2001
2002
2003
2004
2005
2006
2007
2008
2009
2010
2011
2012
2013
2014
2015
2016
2017
2018
2019
2020
2021
2022
2023
2024
2025
2026
2027
2028
2029
2030
2031
2032
2033
2034
2035
2036
2037
2038
2039
2040
2041
2042
2043
2044
2045
2046
2047
2048
2049
2050
2051
2052
2053
2054
2055
2056
2057
2058
2059
2060
2061
2062
2063
2064
2065
2066
2067
2068
2069
2070
2071
2072
2073
2074
2075
2076
2077
2078
2079
2080
2081
2082
2083
2084
2085
2086
2087
2088
2089
2090
2091
2092
2093
2094
2095
2096
2097
2098
2099
2100
2101
2102
2103
2104
2105
2106
2107
2108
2109
2110
2111
2112
2113
2114
2115
2116
2117
2118
2119
2120
2121
2122
2123
2124
2125
2126
2127
2128
2129
2130
2131
2132
2133
2134
2135
2136
2137
2138
2139
2140
2141
2142
2143
2144
2145
2146
2147
2148
2149
2150
2151
2152
2153
2154
2155
2156
2157
2158
2159
2160
2161
2162
2163
2164
2165
2166
2167
2168
2169
2170
2171
2172
2173
2174
2175
2176
2177
2178
2179
2180
2181
2182
2183
2184
2185
2186
2187
2188
2189
2190
2191
2192
2193
2194
2195
2196
2197
2198
2199
2200
2201
2202
2203
2204
2205
2206
2207
2208
2209
2210
2211
2212
2213
2214
2215
2216
2217
2218
2219
2220
2221
2222
2223
2224
2225
2226
2227
2228
2229
2230
2231
2232
2233
2234
2235
2236
2237
2238
2239
2240
2241
2242
2243
2244
2245
2246
2247
2248
2249
2250
2251
2252
2253
2254
2255
2256
2257
2258
2259
2260
2261
2262
2263
2264
2265
2266
2267
2268
2269
2270
2271
2272
2273
2274
2275
2276
2277
2278
2279
2280
2281
2282
2283
2284
2285
2286
2287
2288
2289
2290
2291
2292
2293
2294
2295
2296
2297
2298
2299
2300
2301
2302
2303
2304
2305
2306
2307
2308
2309
2310
2311
2312
2313
2314
2315
2316
2317
2318
2319
2320
2321
2322
2323
2324
2325
2326
2327
2328
2329
2330
2331
2332
2333
2334
2335
2336
2337
2338
2339
2340
2341
2342
2343
2344
2345
2346
2347
2348
2349
2350
2351
2352
2353
2354
2355
2356
2357
2358
2359
2360
2361
2362
2363
2364
2365
2366
2367
2368
2369
2370
2371
2372
2373
2374
2375
2376
2377
2378
2379
2380
2381
2382
2383
2384
2385
2386
2387
2388
2389
2390
2391
2392
2393
2394
2395
2396
2397
2398
2399
2400
2401
2402
2403
2404
2405
2406
2407
2408
2409
2410
2411
2412
2413
2414
2415
2416
2417
2418
2419
2420
2421
2422
2423
2424
2425
2426
2427
2428
2429
2430
2431
2432
2433
2434
2435
2436
2437
2438
2439
2440
2441
2442
2443
2444
2445
2446
2447
2448
2449
2450
2451
2452
2453
2454
2455
2456
2457
2458
2459
2460
2461
2462
2463
2464
2465
2466
2467
2468
2469
2470
2471
2472
2473
2474
2475
2476
2477
2478
2479
2480
2481
2482
2483
2484
2485
2486
2487
2488
2489
2490
2491
2492
2493
2494
2495
2496
2497
2498
2499
2500
2501
2502
2503
2504
2505
2506
2507
2508
2509
2510
2511
2512
2513
2514
2515
2516
2517
2518
2519
2520
2521
2522
2523
2524
2525
2526
2527
2528
2529
2530
2531
2532
2533
2534
2535
2536
2537
2538
2539
2540
2541
2542
2543
2544
2545
2546
2547
2548
2549
2550
2551
2552
2553
2554
2555
2556
2557
2558
2559
2560
2561
2562
2563
2564
2565
2566
2567
2568
2569
2570
2571
2572
2573
2574
2575
2576
2577
2578
2579
2580
2581
2582
2583
2584
2585
2586
2587
2588
2589
2590
2591
2592
2593
2594
2595
2596
2597
2598
2599
2600
2601
2602
2603
2604
2605
2606
2607
2608
2609
2610
2611
2612
2613
2614
2615
2616
2617
2618
2619
2620
2621
2622
2623
2624
2625
2626
2627
2628
2629
2630
2631
2632
2633
2634
2635
2636
2637
2638
2639
2640
2641
2642
2643
2644
2645
2646
2647
2648
2649
2650
2651
2652
2653
2654
2655
2656
2657
2658
2659
2660
2661
2662
2663
2664
2665
2666
2667
2668
2669
2670
2671
2672
2673
2674
2675
2676
2677
2678
2679
2680
2681
2682
2683
2684
2685
2686
2687
2688
2689
2690
2691
2692
2693
2694
2695
2696
2697
2698
2699
2700
2701
2702
2703
2704
2705
2706
2707
2708
2709
2710
2711
2712
2713
2714
2715
2716
2717
2718
2719
2720
2721
2722
2723
2724
2725
2726
2727
2728
2729
2730
2731
2732
2733
2734
2735
2736
2737
2738
2739
2740
2741
2742
2743
2744
2745
2746
2747
2748
2749
2750
2751
2752
2753
2754
2755
2756
2757
2758
2759
2760
2761
2762
2763
2764
2765
2766
2767
2768
2769
2770
2771
2772
2773
2774
2775
2776
2777
2778
2779
2780
2781
2782
2783
2784
2785
2786
2787
2788
2789
2790
2791
2792
2793
2794
2795
2796
2797
2798
2799
2800
2801
2802
2803
2804
2805
2806
2807
2808
2809
2810
2811
2812
2813
2814
2815
2816
2817
2818
2819
2820
2821
2822
2823
2824
2825
2826
2827
2828
2829
2830
2831
2832
2833
2834
2835
2836
2837
2838
2839
2840
2841
2842
2843
2844
2845
2846
2847
2848
2849
2850
2851
2852
2853
2854
2855
2856
2857
2858
2859
2860
2861
2862
2863
2864
2865
2866
2867
2868
2869
2870
2871
2872
2873
2874
2875
2876
2877
2878
2879
2880
2881
2882
2883
2884
2885
2886
2887
2888
2889
2890
2891
2892
2893
2894
2895
2896
2897
2898
2899
2900
2901
2902
2903
2904
2905
2906
2907
2908
2909
2910
2911
2912
2913
2914
2915
2916
2917
2918
2919
2920
2921
2922
2923
2924
2925
2926
2927
2928
2929
2930
2931
2932
2933
2934
2935
2936
2937
2938
2939
2940
2941
2942
2943
2944
2945
2946
2947
2948
2949
2950
2951
2952
2953
2954
2955
2956
2957
2958
2959
2960
2961
2962
2963
2964
2965
2966
2967
2968
2969
2970
2971
2972
2973
2974
2975
2976
2977
2978
2979
2980
2981
2982
2983
2984
2985
2986
2987
2988
2989
2990
2991
2992
2993
2994
2995
2996
2997
2998
2999
3000
3001
3002
3003
3004
3005
3006
3007
3008
3009
3010
3011
3012
3013
3014
3015
3016
3017
3018
3019
3020
3021
3022
3023
3024
3025
3026
3027
3028
3029
3030
3031
3032
3033
3034
3035
3036
3037
3038
3039
3040
3041
3042
3043
3044
3045
3046
3047
3048
3049
3050
3051
3052
3053
3054
3055
3056
3057
3058
3059
3060
3061
3062
3063
3064
3065
3066
3067
3068
3069
3070
3071
3072
3073
3074
3075
3076
3077
3078
3079
3080
3081
3082
3083
3084
3085
3086
3087
3088
3089
3090
3091
3092
3093
3094
3095
3096
3097
3098
3099
3100
3101
3102
3103
3104
3105
3106
3107
3108
3109
3110
3111
3112
3113
3114
3115
3116
3117
3118
3119
3120
3121
3122
3123
3124
3125
3126
3127
3128
3129
3130
3131
3132
3133
3134
3135
3136
3137
3138
3139
3140
3141
3142
3143
3144
3145
3146
3147
3148
3149
3150
3151
3152
3153
3154
3155
3156
3157
3158
3159
3160
3161
3162
3163
3164
3165
3166
3167
3168
3169
3170
3171
3172
3173
3174
3175
3176
3177
3178
3179
3180
3181
3182
3183
3184
3185
3186
3187
3188
3189
3190
3191
3192
3193
3194
3195
3196
3197
3198
3199
3200
3201
3202
3203
3204
3205
3206
3207
3208
3209
3210
3211
3212
3213
3214
3215
3216
3217
3218
3219
3220
3221
3222
3223
3224
3225
3226
3227
3228
3229
3230
3231
3232
3233
3234
3235
3236
3237
3238
3239
3240
3241
3242
3243
3244
3245
3246
3247
3248
3249
3250
3251
3252
3253
3254
3255
3256
3257
3258
3259
3260
3261
3262
3263
3264
3265
3266
3267
3268
3269
3270
3271
3272
3273
3274
3275
3276
3277
3278
3279
3280
3281
3282
3283
3284
3285
3286
3287
3288
3289
3290
3291
3292
3293
3294
3295
3296
3297
3298
3299
3300
3301
3302
3303
3304
3305
3306
3307
3308
3309
3310
3311
3312
3313
3314
3315
3316
3317
3318
3319
3320
3321
3322
3323
3324
3325
3326
3327
3328
3329
3330
3331
3332
3333
3334
3335
3336
3337
3338
3339
3340
3341
3342
3343
3344
3345
3346
3347
3348
3349
3350
3351
3352
3353
3354
3355
3356
3357
3358
3359
3360
3361
3362
3363
3364
3365
3366
3367
3368
3369
3370
3371
3372
3373
3374
3375
3376
3377
3378
3379
3380
3381
3382
3383
3384
3385
3386
3387
3388
3389
3390
3391
3392
3393
3394
3395
3396
3397
3398
3399
3400
3401
3402
3403
3404
3405
3406
3407
3408
3409
3410
3411
3412
3413
3414
3415
3416
3417
3418
3419
3420
3421
3422
3423
3424
3425
3426
3427
3428
3429
3430
3431
3432
3433
3434
3435
3436
3437
3438
3439
3440
3441
3442
3443
3444
3445
3446
3447
3448
3449
3450
3451
3452
3453
3454
3455
3456
3457
3458
3459
3460
3461
3462
3463
3464
3465
3466
3467
3468
3469
3470
3471
3472
3473
3474
3475
3476
3477
3478
3479
3480
3481
3482
3483
3484
3485
3486
3487
3488
3489
3490
3491
3492
3493
3494
3495
3496
3497
3498
3499
3500
3501
3502
3503
3504
3505
3506
3507
3508
3509
3510
3511
3512
3513
3514
3515
3516
3517
3518
3519
3520
3521
3522
3523
3524
3525
3526
3527
3528
3529
3530
3531
3532
3533
3534
3535
3536
3537
3538
3539
3540
3541
3542
3543
3544
3545
3546
3547
3548
3549
3550
3551
3552
3553
3554
3555
3556
3557
3558
3559
3560
3561
3562
3563
3564
3565
3566
3567
3568
3569
3570
3571
3572
3573
3574
3575
3576
3577
3578
3579
3580
3581
3582
3583
3584
3585
3586
3587
3588
3589
3590
3591
3592
3593
3594
3595
3596
3597
3598
3599
3600
3601
3602
3603
3604
3605
3606
3607
3608
3609
3610
3611
3612
3613
3614
3615
3616
3617
3618
3619
3620
3621
3622
3623
3624
3625
3626
3627
3628
3629
3630
3631
3632
3633
3634
3635
3636
3637
3638
3639
3640
3641
3642
3643
3644
3645
3646
3647
3648
3649
3650
3651
3652
3653
3654
3655
3656
3657
3658
3659
3660
3661
3662
3663
3664
3665
3666
3667
3668
3669
3670
3671
3672
3673
3674
3675
3676
3677
3678
3679
3680
3681
3682
3683
3684
3685
3686
3687
3688
3689
3690
3691
3692
3693
3694
3695
3696
3697
3698
3699
3700
3701
3702
3703
3704
3705
3706
3707
3708
3709
3710
3711
3712
3713
3714
3715
3716
3717
3718
3719
3720
3721
3722
3723
3724
3725
3726
3727
3728
3729
3730
3731
3732
3733
3734
3735
3736
3737
3738
3739
3740
3741
3742
3743
3744
3745
3746
3747
3748
3749
3750
3751
3752
3753
3754
3755
3756
3757
3758
3759
3760
3761
3762
3763
3764
3765
3766
3767
3768
3769
3770
3771
3772
3773
3774
3775
3776
3777
3778
3779
3780
3781
3782
3783
3784
3785
3786
3787
3788
3789
3790
3791
3792
3793
3794
3795
3796
3797
3798
3799
3800
3801
3802
3803
3804
3805
3806
3807
3808
3809
3810
3811
3812
3813
3814
3815
3816
3817
3818
3819
3820
3821
3822
3823
3824
3825
3826
3827
3828
3829
3830
3831
3832
3833
3834
3835
3836
3837
3838
3839
3840
3841
3842
3843
3844
3845
3846
3847
3848
3849
3850
3851
3852
3853
3854
3855
3856
3857
3858
3859
3860
3861
3862
3863
3864
3865
3866
3867
3868
3869
3870
3871
3872
3873
3874
3875
3876
3877
3878
3879
3880
3881
3882
3883
3884
3885
3886
3887
3888
3889
3890
3891
3892
3893
3894
3895
3896
3897
3898
3899
3900
3901
3902
3903
3904
3905
3906
3907
3908
3909
3910
3911
3912
3913
3914
3915
3916
3917
3918
3919
3920
3921
3922
3923
3924
3925
3926
3927
3928
3929
3930
3931
3932
3933
3934
3935
3936
3937
3938
3939
3940
3941
3942
3943
3944
3945
3946
3947
3948
3949
3950
3951
3952
3953
3954
3955
3956
3957
3958
3959
3960
3961
3962
3963
3964
3965
3966
3967
3968
3969
3970
3971
3972
3973
3974
3975
3976
3977
3978
3979
3980
3981
3982
3983
3984
3985
3986
3987
3988
3989
3990
3991
3992
3993
3994
3995
3996
3997
3998
3999
4000
4001
4002
4003
4004
4005
4006
4007
4008
4009
4010
4011
4012
4013
4014
4015
4016
4017
4018
4019
4020
4021
4022
4023
4024
4025
4026
4027
4028
4029
4030
4031
4032
4033
4034
4035
4036
4037
4038
4039
4040
4041
4042
4043
4044
4045
4046
4047
4048
4049
4050
4051
4052
4053
4054
4055
4056
4057
4058
4059
4060
4061
4062
4063
4064
4065
4066
4067
4068
4069
4070
4071
4072
4073
4074
4075
4076
4077
4078
4079
4080
4081
4082
4083
4084
4085
4086
4087
4088
4089
4090
4091
4092
4093
4094
4095
4096
4097
4098
4099
4100
4101
4102
4103
4104
4105
4106
4107
4108
4109
4110
4111
4112
4113
4114
4115
4116
4117
4118
4119
4120
4121
4122
4123
4124
4125
4126
4127
4128
4129
4130
4131
4132
4133
4134
4135
4136
4137
4138
4139
4140
4141
4142
4143
4144
4145
4146
4147
4148
4149
4150
4151
4152
4153
4154
4155
4156
4157
4158
4159
4160
4161
4162
4163
4164
4165
4166
4167
4168
4169
4170
4171
4172
4173
4174
4175
4176
4177
4178
4179
4180
4181
4182
4183
4184
4185
4186
4187
4188
4189
4190
4191
4192
4193
4194
4195
4196
4197
4198
4199
4200
4201
4202
4203
4204
4205
4206
4207
4208
4209
4210
4211
4212
4213
4214
4215
4216
4217
4218
4219
4220
4221
4222
4223
4224
4225
4226
4227
4228
4229
4230
4231
4232
4233
4234
4235
4236
4237
4238
4239
4240
4241
4242
4243
4244
4245
4246
4247
4248
4249
4250
4251
4252
4253
4254
4255
4256
4257
4258
4259
4260
4261
4262
4263
4264
4265
4266
4267
4268
4269
4270
4271
4272
4273
4274
4275
4276
4277
4278
4279
4280
4281
4282
4283
4284
4285
4286
4287
4288
4289
4290
4291
4292
4293
4294
4295
4296
4297
4298
4299
4300
4301
4302
4303
4304
4305
4306
4307
4308
4309
4310
4311
4312
4313
4314
4315
4316
4317
4318
4319
4320
4321
4322
4323
4324
4325
4326
4327
4328
4329
4330
4331
4332
4333
4334
4335
4336
4337
4338
4339
4340
4341
4342
4343
4344
4345
4346
4347
4348
4349
4350
4351
4352
4353
4354
4355
4356
4357
4358
4359
4360
4361
4362
4363
4364
4365
4366
4367
4368
4369
4370
4371
4372
4373
4374
4375
4376
4377
4378
4379
4380
4381
4382
4383
4384
4385
4386
4387
4388
4389
4390
4391
4392
4393
4394
4395
4396
4397
4398
4399
4400
4401
4402
4403
4404
4405
4406
4407
4408
4409
4410
4411
4412
4413
4414
4415
4416
4417
4418
4419
4420
4421
4422
4423
4424
4425
4426
4427
4428
4429
4430
4431
4432
4433
4434
4435
4436
4437
4438
4439
4440
4441
4442
4443
4444
4445
4446
4447
4448
4449
4450
4451
4452
4453
4454
4455
4456
4457
4458
4459
4460
4461
4462
4463
4464
4465
4466
4467
4468
4469
4470
4471
4472
4473
4474
4475
4476
4477
4478
4479
4480
4481
4482
4483
4484
4485
4486
4487
4488
4489
4490
4491
4492
4493
4494
4495
4496
4497
4498
4499
4500
4501
4502
4503
4504
4505
4506
4507
4508
4509
4510
4511
4512
4513
4514
4515
4516
4517
4518
4519
4520
4521
4522
4523
4524
4525
4526
4527
4528
4529
4530
4531
4532
4533
4534
4535
4536
4537
4538
4539
4540
4541
4542
4543
4544
4545
4546
4547
4548
4549
4550
4551
4552
4553
4554
4555
4556
4557
4558
4559
4560
4561
4562
4563
4564
4565
4566
4567
4568
4569
4570
4571
4572
4573
4574
4575
4576
4577
4578
4579
4580
4581
4582
4583
4584
4585
4586
4587
4588
4589
4590
4591
4592
4593
4594
4595
4596
4597
4598
4599
4600
4601
4602
4603
4604
4605
4606
4607
4608
4609
4610
4611
4612
4613
4614
4615
4616
4617
4618
4619
4620
4621
4622
4623
4624
4625
4626
4627
4628
4629
4630
4631
4632
4633
4634
4635
4636
4637
4638
4639
4640
4641
4642
4643
4644
4645
4646
4647
4648
4649
4650
4651
4652
4653
4654
4655
4656
4657
4658
4659
4660
4661
4662
4663
4664
4665
4666
4667
4668
4669
4670
4671
4672
4673
4674
4675
4676
4677
4678
4679
4680
4681
4682
4683
4684
4685
4686
4687
4688
4689
4690
4691
4692
4693
4694
4695
4696
4697
4698
4699
4700
4701
4702
4703
4704
4705
4706
4707
4708
4709
4710
4711
4712
4713
4714
4715
4716
4717
4718
4719
4720
4721
4722
4723
4724
4725
4726
4727
4728
4729
4730
4731
4732
4733
4734
4735
4736
4737
4738
4739
4740
4741
4742
4743
4744
4745
4746
4747
4748
4749
4750
4751
4752
4753
4754
4755
4756
4757
4758
4759
4760
4761
4762
4763
4764
4765
4766
4767
4768
4769
4770
4771
4772
4773
4774
4775
4776
4777
4778
4779
4780
4781
4782
4783
4784
4785
4786
4787
4788
4789
4790
4791
4792
4793
4794
4795
4796
4797
4798
4799
4800
4801
4802
4803
4804
4805
4806
4807
4808
4809
4810
4811
4812
4813
4814
4815
4816
4817
4818
4819
4820
4821
4822
4823
4824
4825
4826
4827
4828
4829
4830
4831
4832
4833
4834
4835
4836
4837
4838
4839
4840
4841
4842
4843
4844
4845
4846
4847
4848
4849
4850
4851
4852
4853
4854
4855
4856
4857
4858
4859
4860
4861
4862
4863
4864
4865
4866
4867
4868
4869
4870
4871
4872
4873
4874
4875
4876
4877
4878
4879
4880
4881
4882
4883
4884
4885
4886
4887
4888
4889
4890
4891
4892
4893
4894
4895
4896
4897
4898
4899
4900
4901
4902
4903
4904
4905
4906
4907
4908
4909
4910
4911
4912
4913
4914
4915
4916
4917
4918
4919
4920
4921
4922
4923
4924
4925
4926
4927
4928
4929
4930
4931
4932
4933
4934
4935
4936
4937
4938
4939
4940
4941
4942
4943
4944
4945
4946
4947
4948
4949
4950
4951
4952
4953
4954
4955
4956
4957
4958
4959
4960
4961
4962
4963
4964
4965
4966
4967
4968
4969
4970
4971
4972
4973
4974
4975
4976
4977
4978
4979
4980
4981
4982
4983
4984
4985
4986
4987
4988
4989
4990
4991
4992
4993
4994
4995
4996
4997
4998
4999
5000
5001
5002
5003
5004
5005
5006
5007
5008
5009
5010
5011
5012
5013
5014
5015
5016
5017
5018
5019
5020
5021
5022
5023
5024
5025
5026
5027
5028
5029
5030
5031
5032
5033
5034
5035
5036
5037
5038
5039
5040
5041
5042
5043
5044
5045
5046
5047
5048
5049
5050
5051
5052
5053
5054
5055
5056
5057
5058
5059
5060
5061
5062
5063
5064
5065
5066
5067
5068
5069
5070
5071
5072
5073
5074
5075
5076
5077
5078
5079
5080
5081
5082
5083
5084
5085
5086
5087
5088
5089
5090
5091
5092
5093
5094
5095
5096
5097
5098
5099
5100
5101
5102
5103
5104
5105
5106
5107
5108
5109
5110
5111
5112
5113
5114
5115
5116
5117
5118
5119
5120
5121
5122
5123
5124
5125
5126
5127
5128
5129
5130
5131
5132
5133
5134
5135
5136
5137
5138
5139
5140
5141
5142
5143
5144
5145
5146
5147
5148
5149
5150
5151
5152
5153
5154
5155
5156
5157
5158
5159
5160
5161
5162
5163
5164
5165
5166
5167
5168
5169
5170
5171
5172
5173
5174
5175
5176
5177
5178
5179
5180
5181
5182
5183
5184
5185
5186
5187
5188
5189
5190
5191
5192
5193
5194
5195
5196
5197
5198
5199
5200
5201
5202
5203
5204
5205
5206
5207
5208
5209
5210
5211
5212
5213
5214
5215
5216
5217
5218
5219
5220
5221
5222
5223
5224
5225
5226
5227
5228
5229
5230
5231
5232
5233
5234
5235
5236
5237
5238
5239
5240
5241
5242
5243
5244
5245
5246
5247
5248
5249
5250
5251
5252
5253
5254
5255
5256
5257
5258
5259
5260
5261
5262
5263
5264
5265
5266
5267
5268
5269
5270
5271
5272
5273
5274
5275
5276
5277
5278
5279
5280
5281
5282
5283
5284
5285
5286
5287
5288
5289
5290
5291
5292
5293
5294
5295
5296
5297
5298
5299
5300
5301
5302
5303
5304
5305
5306
5307
5308
5309
5310
5311
5312
5313
5314
5315
5316
5317
5318
5319
5320
5321
5322
5323
5324
5325
5326
5327
5328
5329
5330
5331
5332
5333
5334
5335
5336
5337
5338
5339
5340
5341
5342
5343
5344
5345
5346
5347
5348
5349
5350
5351
5352
5353
5354
5355
5356
5357
5358
5359
5360
5361
5362
5363
5364
5365
5366
5367
5368
5369
5370
5371
5372
5373
5374
5375
5376
5377
5378
5379
5380
5381
5382
5383
5384
5385
5386
5387
5388
5389
5390
5391
5392
5393
5394
5395
5396
5397
5398
5399
5400
5401
5402
5403
5404
5405
5406
5407
5408
5409
5410
5411
5412
5413
5414
5415
5416
5417
5418
5419
5420
5421
5422
5423
5424
5425
5426
5427
5428
5429
5430
5431
5432
5433
5434
5435
5436
5437
5438
5439
5440
5441
5442
5443
5444
5445
5446
5447
5448
5449
5450
5451
5452
5453
5454
5455
5456
5457
5458
5459
5460
5461
5462
5463
5464
5465
5466
5467
5468
5469
5470
5471
5472
5473
5474
5475
5476
5477
5478
5479
5480
5481
5482
5483
5484
5485
5486
5487
5488
5489
5490
5491
5492
5493
5494
5495
5496
5497
5498
5499
5500
5501
5502
5503
5504
5505
5506
5507
5508
5509
5510
5511
5512
5513
5514
5515
5516
5517
5518
5519
5520
5521
5522
5523
5524
5525
5526
5527
5528
5529
5530
5531
5532
5533
5534
5535
5536
5537
5538
5539
5540
5541
5542
5543
5544
5545
5546
5547
5548
5549
5550
5551
5552
5553
5554
5555
5556
5557
5558
5559
5560
5561
5562
5563
5564
5565
5566
5567
5568
5569
5570
5571
5572
5573
5574
5575
5576
5577
5578
5579
5580
5581
5582
5583
5584
5585
5586
5587
5588
5589
5590
5591
5592
5593
5594
5595
5596
5597
5598
5599
5600
5601
5602
5603
5604
5605
5606
5607
5608
5609
5610
5611
5612
5613
5614
5615
5616
5617
5618
5619
5620
5621
5622
5623
5624
5625
5626
5627
5628
5629
5630
5631
5632
5633
5634
5635
5636
5637
5638
5639
5640
5641
5642
5643
5644
5645
5646
5647
5648
5649
5650
5651
5652
5653
5654
5655
5656
5657
5658
5659
5660
5661
5662
5663
5664
5665
5666
5667
5668
5669
5670
5671
5672
5673
5674
5675
5676
5677
5678
5679
5680
5681
5682
5683
5684
5685
5686
5687
5688
5689
5690
5691
5692
5693
5694
5695
5696
5697
5698
5699
5700
5701
5702
5703
5704
5705
5706
5707
5708
5709
5710
5711
5712
5713
5714
5715
5716
5717
5718
5719
5720
5721
5722
5723
5724
5725
5726
5727
5728
5729
5730
5731
5732
5733
5734
5735
5736
5737
5738
5739
5740
5741
5742
5743
5744
5745
5746
5747
5748
5749
5750
5751
5752
5753
5754
5755
5756
5757
5758
5759
5760
5761
5762
5763
5764
5765
5766
5767
5768
5769
5770
5771
5772
5773
5774
5775
5776
5777
5778
5779
5780
5781
5782
5783
5784
5785
5786
5787
5788
5789
5790
5791
5792
5793
5794
5795
5796
5797
5798
5799
5800
5801
5802
5803
5804
5805
5806
5807
5808
5809
5810
5811
5812
5813
5814
5815
5816
5817
5818
5819
5820
5821
5822
5823
5824
5825
5826
5827
5828
5829
5830
5831
5832
5833
5834
5835
5836
5837
5838
5839
5840
5841
5842
5843
5844
5845
5846
5847
5848
5849
5850
5851
5852
5853
5854
5855
5856
5857
5858
5859
5860
5861
5862
5863
5864
5865
5866
5867
5868
5869
5870
5871
5872
5873
5874
5875
5876
5877
5878
5879
5880
5881
5882
5883
5884
5885
5886
5887
5888
5889
5890
5891
5892
5893
5894
5895
5896
5897
5898
5899
5900
5901
5902
5903
5904
5905
5906
5907
5908
5909
5910
5911
5912
5913
5914
5915
5916
5917
5918
5919
5920
5921
5922
5923
5924
5925
5926
5927
5928
5929
5930
5931
5932
5933
5934
5935
5936
5937
5938
5939
5940
5941
5942
5943
5944
5945
5946
5947
5948
5949
5950
5951
5952
5953
5954
5955
5956
5957
5958
5959
5960
5961
5962
5963
5964
5965
5966
5967
5968
5969
5970
5971
5972
5973
5974
5975
5976
5977
5978
5979
5980
5981
5982
5983
5984
5985
5986
5987
5988
5989
5990
5991
5992
5993
5994
5995
5996
5997
5998
5999
6000
6001
6002
6003
6004
6005
6006
6007
6008
6009
6010
6011
6012
6013
6014
6015
6016
6017
6018
6019
6020
6021
6022
6023
6024
6025
6026
6027
6028
6029
6030
6031
6032
6033
6034
6035
6036
6037
6038
6039
6040
6041
6042
6043
6044
6045
6046
6047
6048
6049
6050
6051
6052
6053
6054
6055
6056
6057
6058
6059
6060
6061
6062
6063
6064
6065
6066
6067
6068
6069
6070
6071
6072
6073
6074
6075
6076
6077
6078
6079
6080
6081
6082
6083
6084
6085
6086
6087
6088
6089
6090
6091
6092
6093
6094
6095
6096
6097
6098
6099
6100
6101
6102
6103
6104
6105
6106
6107
6108
6109
6110
6111
6112
6113
6114
6115
6116
6117
6118
6119
6120
6121
6122
6123
6124
6125
6126
6127
6128
6129
6130
6131
6132
6133
6134
6135
6136
6137
6138
6139
6140
6141
6142
6143
6144
6145
6146
6147
6148
6149
6150
6151
6152
6153
6154
6155
6156
6157
6158
6159
6160
6161
6162
6163
6164
6165
6166
6167
6168
6169
6170
6171
6172
6173
6174
6175
6176
6177
6178
6179
6180
6181
6182
6183
6184
6185
6186
6187
6188
6189
6190
6191
6192
6193
6194
6195
6196
6197
6198
6199
6200
6201
6202
6203
6204
6205
6206
6207
6208
6209
6210
6211
6212
6213
6214
6215
6216
6217
6218
6219
6220
6221
6222
6223
6224
6225
6226
6227
6228
6229
6230
6231
6232
6233
6234
6235
6236
6237
6238
6239
6240
6241
6242
6243
6244
6245
6246
6247
6248
6249
6250
6251
6252
6253
6254
6255
6256
6257
6258
6259
6260
6261
6262
6263
6264
6265
6266
6267
6268
6269
6270
6271
6272
6273
6274
6275
6276
6277
6278
6279
6280
6281
6282
6283
6284
6285
6286
6287
6288
6289
6290
6291
6292
6293
6294
6295
6296
6297
6298
6299
6300
6301
6302
6303
6304
6305
6306
6307
6308
6309
6310
6311
6312
6313
6314
6315
6316
6317
6318
6319
6320
6321
6322
6323
6324
6325
6326
6327
6328
6329
6330
6331
6332
6333
6334
6335
6336
6337
6338
6339
6340
6341
6342
6343
6344
6345
6346
6347
6348
6349
6350
6351
6352
6353
6354
6355
6356
6357
6358
6359
6360
6361
6362
6363
6364
6365
6366
6367
6368
6369
6370
6371
6372
6373
6374
6375
6376
6377
6378
6379
6380
6381
6382
6383
6384
6385
6386
6387
6388
6389
6390
6391
6392
6393
6394
6395
6396
6397
6398
6399
6400
6401
6402
6403
6404
6405
6406
6407
6408
6409
6410
6411
6412
6413
6414
6415
6416
6417
6418
6419
6420
6421
6422
6423
6424
6425
6426
6427
6428
6429
6430
6431
6432
6433
6434
6435
6436
6437
6438
6439
6440
6441
6442
6443
6444
6445
6446
6447
6448
6449
6450
6451
6452
6453
6454
6455
6456
6457
6458
6459
6460
6461
6462
6463
6464
6465
6466
6467
6468
6469
6470
6471
6472
6473
6474
6475
6476
6477
6478
6479
6480
6481
6482
6483
6484
6485
6486
6487
6488
6489
6490
6491
6492
6493
6494
6495
6496
6497
6498
6499
6500
6501
6502
6503
6504
6505
6506
6507
6508
6509
6510
6511
6512
6513
6514
6515
6516
6517
6518
6519
6520
6521
6522
6523
6524
6525
6526
6527
6528
6529
6530
6531
6532
6533
6534
6535
6536
6537
6538
6539
6540
6541
6542
6543
6544
6545
6546
6547
6548
6549
6550
6551
6552
6553
6554
6555
6556
6557
6558
6559
6560
6561
6562
6563
6564
6565
6566
6567
6568
6569
6570
6571
6572
6573
6574
6575
6576
6577
6578
6579
6580
6581
6582
6583
6584
6585
6586
6587
6588
6589
6590
6591
6592
6593
6594
6595
6596
6597
6598
6599
6600
6601
6602
6603
6604
6605
6606
6607
6608
6609
6610
6611
6612
6613
6614
6615
6616
6617
6618
6619
6620
6621
6622
6623
6624
6625
6626
6627
6628
6629
6630
6631
6632
6633
6634
6635
6636
6637
6638
6639
6640
6641
6642
6643
6644
6645
6646
6647
6648
6649
6650
6651
6652
6653
6654
6655
6656
6657
6658
6659
6660
6661
6662
6663
6664
6665
6666
6667
6668
6669
6670
6671
6672
6673
6674
6675
6676
6677
6678
6679
6680
6681
6682
6683
6684
6685
6686
6687
6688
6689
6690
6691
6692
6693
6694
6695
6696
6697
6698
6699
6700
6701
6702
6703
6704
6705
6706
6707
6708
6709
6710
6711
6712
6713
6714
6715
6716
6717
6718
6719
6720
6721
6722
6723
6724
6725
6726
6727
6728
6729
6730
6731
6732
6733
6734
6735
6736
6737
6738
6739
6740
6741
6742
6743
6744
6745
6746
6747
6748
6749
6750
6751
6752
6753
6754
6755
6756
6757
6758
6759
6760
6761
6762
6763
6764
6765
6766
6767
6768
6769
6770
6771
6772
6773
6774
6775
6776
6777
6778
6779
6780
6781
6782
6783
6784
6785
6786
6787
6788
6789
6790
6791
6792
6793
6794
6795
6796
6797
6798
6799
6800
6801
6802
6803
6804
6805
6806
6807
6808
6809
6810
6811
6812
6813
6814
6815
6816
6817
6818
6819
6820
6821
6822
6823
6824
6825
6826
6827
6828
6829
6830
6831
6832
6833
6834
6835
6836
6837
6838
6839
6840
6841
6842
6843
6844
6845
6846
6847
6848
6849
6850
6851
6852
6853
6854
6855
6856
6857
6858
6859
6860
6861
6862
6863
6864
6865
6866
6867
6868
6869
6870
6871
6872
6873
6874
6875
6876
6877
6878
6879
6880
6881
6882
6883
6884
6885
6886
6887
6888
6889
6890
6891
6892
6893
6894
6895
6896
6897
6898
6899
6900
6901
6902
6903
6904
6905
6906
6907
6908
6909
6910
6911
6912
6913
6914
6915
6916
6917
6918
6919
6920
6921
6922
6923
6924
6925
6926
6927
6928
6929
6930
6931
6932
6933
6934
6935
6936
6937
6938
6939
6940
6941
6942
6943
6944
6945
6946
6947
6948
6949
6950
6951
6952
6953
6954
6955
6956
6957
6958
6959
6960
6961
6962
6963
6964
6965
6966
6967
6968
6969
6970
6971
6972
6973
6974
6975
6976
6977
6978
6979
6980
6981
6982
6983
6984
6985
6986
6987
6988
6989
6990
6991
6992
6993
6994
6995
6996
6997
6998
6999
7000
7001
7002
7003
7004
7005
7006
7007
7008
7009
7010
7011
7012
7013
7014
7015
7016
7017
7018
7019
7020
7021
7022
7023
7024
7025
7026
7027
7028
7029
7030
7031
7032
7033
7034
7035
7036
7037
7038
7039
7040
7041
7042
7043
7044
7045
7046
7047
7048
7049
7050
7051
7052
7053
7054
7055
7056
7057
7058
7059
7060
7061
7062
7063
7064
7065
7066
7067
7068
7069
7070
7071
7072
7073
7074
7075
7076
7077
7078
7079
7080
7081
7082
7083
7084
7085
7086
7087
7088
7089
7090
7091
7092
7093
7094
7095
7096
7097
7098
7099
7100
7101
7102
7103
7104
7105
7106
7107
7108
7109
7110
7111
7112
7113
7114
7115
7116
7117
7118
7119
7120
7121
7122
7123
7124
7125
7126
7127
7128
7129
7130
7131
7132
7133
7134
7135
7136
7137
7138
7139
7140
7141
7142
7143
7144
7145
7146
7147
7148
7149
7150
7151
7152
7153
7154
7155
7156
7157
7158
7159
7160
7161
7162
7163
7164
7165
7166
7167
7168
7169
7170
7171
7172
7173
7174
7175
7176
7177
7178
7179
7180
7181
7182
7183
7184
7185
7186
7187
7188
7189
7190
7191
7192
7193
7194
7195
7196
7197
7198
7199
7200
7201
7202
7203
7204
7205
7206
7207
7208
7209
7210
7211
7212
7213
7214
7215
7216
7217
7218
7219
7220
7221
7222
7223
7224
7225
7226
7227
7228
7229
7230
7231
7232
7233
7234
7235
7236
7237
7238
7239
7240
7241
7242
7243
7244
7245
7246
7247
7248
7249
7250
7251
7252
7253
7254
7255
7256
7257
7258
7259
7260
7261
7262
7263
7264
7265
7266
7267
7268
7269
7270
7271
7272
7273
7274
7275
7276
7277
7278
7279
7280
7281
7282
7283
7284
7285
7286
7287
7288
7289
7290
7291
7292
7293
7294
7295
7296
7297
7298
7299
7300
7301
7302
7303
7304
7305
7306
7307
7308
7309
7310
7311
7312
7313
7314
7315
7316
7317
7318
7319
7320
7321
7322
7323
7324
7325
7326
7327
7328
7329
7330
7331
7332
7333
7334
7335
7336
7337
7338
7339
7340
7341
7342
7343
7344
7345
7346
7347
7348
7349
7350
7351
7352
7353
7354
7355
7356
7357
7358
7359
7360
7361
7362
7363
7364
7365
7366
7367
7368
7369
7370
7371
7372
7373
7374
7375
7376
7377
7378
7379
7380
7381
7382
7383
7384
7385
7386
7387
7388
7389
7390
7391
7392
7393
7394
7395
7396
7397
7398
7399
7400
7401
7402
7403
7404
7405
7406
7407
7408
7409
7410
7411
7412
7413
7414
7415
7416
7417
7418
7419
7420
7421
7422
7423
7424
7425
7426
7427
7428
7429
7430
7431
7432
7433
7434
7435
7436
7437
7438
7439
7440
7441
7442
7443
7444
7445
7446
7447
7448
7449
7450
7451
7452
7453
7454
7455
7456
7457
7458
7459
7460
7461
7462
7463
7464
7465
7466
7467
7468
7469
7470
7471
7472
7473
7474
7475
7476
7477
7478
7479
7480
7481
7482
7483
7484
7485
7486
7487
7488
7489
7490
7491
7492
7493
7494
7495
7496
7497
7498
7499
7500
7501
7502
7503
7504
7505
7506
7507
7508
7509
7510
7511
7512
7513
7514
7515
7516
7517
7518
7519
7520
7521
7522
7523
7524
7525
7526
7527
7528
7529
7530
7531
7532
7533
7534
7535
7536
7537
7538
7539
7540
7541
7542
7543
7544
7545
7546
7547
7548
7549
7550
7551
7552
7553
7554
7555
7556
7557
7558
7559
7560
7561
7562
7563
7564
7565
7566
7567
7568
7569
7570
7571
7572
7573
7574
7575
7576
7577
7578
7579
7580
7581
7582
7583
7584
7585
7586
7587
7588
7589
7590
7591
7592
7593
7594
7595
7596
7597
7598
7599
7600
7601
7602
7603
7604
7605
7606
7607
7608
7609
7610
7611
7612
7613
7614
7615
7616
7617
7618
7619
7620
7621
7622
7623
7624
7625
7626
7627
7628
7629
7630
7631
7632
7633
7634
7635
7636
7637
7638
7639
7640
7641
7642
7643
7644
7645
7646
7647
7648
7649
7650
7651
7652
7653
7654
7655
7656
7657
7658
7659
7660
7661
7662
7663
7664
7665
7666
7667
7668
7669
7670
7671
7672
7673
7674
7675
7676
7677
7678
7679
7680
7681
7682
7683
7684
7685
7686
7687
7688
7689
7690
7691
7692
7693
7694
7695
7696
7697
7698
7699
7700
7701
7702
7703
7704
7705
7706
7707
7708
7709
7710
7711
7712
7713
7714
7715
7716
7717
7718
7719
7720
7721
7722
7723
7724
7725
7726
7727
7728
7729
7730
7731
7732
7733
7734
7735
7736
7737
7738
7739
7740
7741
7742
7743
7744
7745
7746
7747
7748
7749
7750
7751
7752
7753
7754
7755
7756
7757
7758
7759
7760
7761
7762
7763
7764
7765
7766
7767
7768
7769
7770
7771
7772
7773
7774
7775
7776
7777
7778
7779
7780
7781
7782
7783
7784
7785
7786
7787
7788
7789
7790
7791
7792
7793
7794
7795
7796
7797
7798
7799
7800
7801
7802
7803
7804
7805
7806
7807
7808
7809
7810
7811
7812
7813
7814
7815
7816
7817
7818
7819
7820
7821
7822
7823
7824
7825
7826
7827
7828
7829
7830
7831
7832
7833
7834
7835
7836
7837
7838
7839
7840
7841
7842
7843
7844
7845
7846
7847
7848
7849
7850
7851
7852
7853
7854
7855
7856
7857
7858
7859
7860
7861
7862
7863
7864
7865
7866
7867
7868
7869
7870
7871
7872
7873
7874
7875
7876
7877
7878
7879
7880
7881
7882
7883
7884
7885
7886
7887
7888
7889
7890
7891
7892
7893
7894
7895
7896
7897
7898
7899
7900
7901
7902
7903
7904
7905
7906
7907
7908
7909
7910
7911
7912
7913
7914
7915
7916
7917
7918
7919
7920
7921
7922
7923
7924
7925
7926
7927
7928
7929
7930
7931
7932
7933
7934
7935
7936
7937
7938
7939
7940
7941
7942
7943
7944
7945
7946
7947
7948
7949
7950
7951
7952
7953
7954
7955
7956
7957
7958
7959
7960
7961
7962
7963
7964
7965
7966
7967
7968
7969
7970
7971
7972
7973
7974
7975
7976
7977
7978
7979
7980
7981
7982
7983
7984
7985
7986
7987
7988
7989
7990
7991
7992
7993
7994
7995
7996
7997
7998
7999
8000
8001
8002
8003
8004
8005
8006
8007
8008
8009
8010
8011
8012
8013
8014
8015
8016
8017
8018
8019
8020
8021
8022
8023
8024
8025
8026
8027
8028
8029
8030
8031
8032
8033
8034
8035
8036
8037
8038
8039
8040
8041
8042
8043
8044
8045
8046
8047
8048
8049
8050
8051
8052
8053
8054
8055
8056
8057
8058
8059
8060
8061
8062
8063
8064
8065
8066
8067
8068
8069
8070
8071
8072
8073
8074
8075
8076
8077
8078
8079
8080
8081
8082
8083
8084
8085
8086
8087
8088
8089
8090
8091
8092
8093
8094
8095
8096
8097
8098
8099
8100
8101
8102
8103
8104
8105
8106
8107
8108
8109
8110
8111
8112
8113
8114
8115
8116
8117
8118
8119
8120
8121
8122
8123
8124
8125
8126
8127
8128
8129
8130
8131
8132
8133
8134
8135
8136
8137
8138
8139
8140
8141
8142
8143
8144
8145
8146
8147
8148
8149
8150
8151
8152
8153
8154
8155
8156
8157
8158
8159
8160
8161
8162
8163
8164
8165
8166
8167
8168
8169
8170
8171
8172
8173
8174
8175
8176
8177
8178
8179
8180
8181
8182
8183
8184
8185
8186
8187
8188
8189
8190
8191
8192
8193
8194
8195
8196
8197
8198
8199
8200
8201
8202
8203
8204
8205
8206
8207
8208
8209
8210
8211
8212
8213
8214
8215
8216
8217
8218
8219
8220
8221
8222
8223
8224
8225
8226
8227
8228
8229
8230
8231
8232
8233
8234
8235
8236
8237
8238
8239
8240
8241
8242
8243
8244
8245
8246
8247
8248
8249
8250
8251
8252
8253
8254
8255
8256
8257
8258
8259
8260
8261
8262
8263
8264
8265
8266
8267
8268
8269
8270
8271
8272
8273
8274
8275
8276
8277
8278
8279
8280
8281
8282
8283
8284
8285
8286
8287
8288
8289
8290
8291
8292
8293
8294
8295
8296
8297
8298
8299
8300
8301
8302
8303
8304
8305
8306
8307
8308
8309
8310
8311
8312
8313
8314
8315
8316
8317
8318
8319
8320
8321
8322
8323
8324
8325
8326
8327
8328
8329
8330
8331
8332
8333
8334
8335
8336
8337
8338
8339
8340
8341
8342
8343
8344
8345
8346
8347
8348
8349
8350
8351
8352
8353
8354
8355
8356
8357
8358
8359
8360
8361
8362
8363
8364
8365
8366
8367
8368
8369
8370
8371
8372
8373
8374
8375
8376
8377
8378
8379
8380
8381
8382
8383
8384
8385
8386
8387
8388
8389
8390
8391
8392
8393
8394
8395
8396
8397
8398
8399
8400
8401
8402
8403
8404
8405
8406
8407
8408
8409
8410
8411
8412
8413
8414
8415
8416
8417
8418
8419
8420
8421
8422
8423
8424
8425
8426
8427
8428
8429
8430
8431
8432
8433
8434
8435
8436
8437
8438
8439
8440
8441
8442
8443
8444
8445
8446
8447
8448
8449
8450
8451
8452
8453
8454
8455
8456
8457
8458
8459
8460
8461
8462
8463
8464
8465
8466
8467
8468
8469
8470
8471
8472
8473
8474
8475
8476
8477
8478
8479
8480
8481
8482
8483
8484
8485
8486
8487
8488
8489
8490
8491
8492
8493
8494
8495
8496
8497
8498
8499
8500
8501
8502
8503
8504
8505
8506
8507
8508
8509
8510
8511
8512
8513
8514
8515
8516
8517
8518
8519
8520
8521
8522
8523
8524
8525
8526
8527
8528
8529
8530
8531
8532
8533
8534
8535
8536
8537
8538
8539
8540
8541
8542
8543
8544
8545
8546
8547
8548
8549
8550
8551
8552
8553
8554
8555
8556
8557
8558
8559
8560
8561
8562
8563
8564
8565
8566
8567
8568
8569
8570
8571
8572
8573
8574
8575
8576
8577
8578
8579
8580
8581
8582
8583
8584
8585
8586
8587
8588
8589
8590
8591
8592
8593
8594
8595
8596
8597
8598
8599
8600
8601
8602
8603
8604
8605
8606
8607
8608
8609
8610
8611
8612
8613
8614
8615
8616
8617
8618
8619
8620
8621
8622
8623
8624
8625
8626
8627
8628
8629
8630
8631
8632
8633
8634
8635
8636
8637
8638
8639
8640
8641
8642
8643
8644
8645
8646
8647
8648
8649
8650
8651
8652
8653
8654
8655
8656
8657
8658
8659
8660
8661
8662
8663
8664
8665
8666
8667
8668
8669
8670
8671
8672
8673
8674
8675
8676
8677
8678
8679
8680
8681
8682
8683
8684
8685
8686
8687
8688
8689
8690
8691
8692
8693
8694
8695
8696
8697
8698
8699
8700
8701
8702
8703
8704
8705
8706
8707
8708
8709
8710
8711
8712
8713
8714
8715
8716
8717
8718
8719
8720
8721
8722
8723
8724
8725
8726
8727
8728
8729
8730
8731
8732
8733
8734
8735
8736
8737
8738
8739
8740
8741
8742
8743
8744
8745
8746
8747
8748
8749
8750
8751
8752
8753
8754
8755
8756
8757
8758
8759
8760
8761
8762
8763
8764
8765
8766
8767
8768
8769
8770
8771
8772
8773
8774
8775
8776
8777
8778
8779
8780
8781
8782
8783
8784
8785
8786
8787
8788
8789
8790
8791
8792
8793
8794
8795
8796
8797
8798
8799
8800
8801
8802
8803
8804
8805
8806
8807
8808
8809
8810
8811
8812
8813
8814
8815
8816
8817
8818
8819
8820
8821
8822
8823
8824
8825
8826
8827
8828
8829
8830
8831
8832
8833
8834
8835
8836
8837
8838
8839
8840
8841
8842
8843
8844
8845
8846
8847
8848
8849
8850
8851
8852
8853
8854
8855
8856
8857
8858
8859
8860
8861
8862
8863
8864
8865
8866
8867
8868
8869
8870
8871
8872
8873
8874
8875
8876
8877
8878
8879
8880
8881
8882
8883
8884
8885
8886
8887
8888
8889
8890
8891
8892
8893
8894
8895
8896
8897
8898
8899
8900
8901
8902
8903
8904
8905
8906
8907
8908
8909
8910
8911
8912
8913
8914
8915
8916
8917
8918
8919
8920
8921
8922
8923
8924
8925
8926
8927
8928
8929
8930
8931
8932
8933
8934
8935
8936
8937
8938
8939
8940
8941
8942
8943
8944
8945
8946
8947
8948
8949
8950
8951
8952
8953
8954
8955
8956
8957
8958
8959
8960
8961
8962
8963
8964
8965
8966
8967
8968
8969
8970
8971
8972
8973
8974
8975
8976
8977
8978
8979
8980
8981
8982
8983
8984
8985
8986
8987
8988
8989
8990
8991
8992
8993
8994
8995
8996
8997
8998
8999
9000
9001
9002
9003
9004
9005
9006
9007
9008
9009
9010
9011
9012
9013
9014
9015
9016
9017
9018
9019
9020
9021
9022
9023
9024
9025
9026
9027
9028
9029
9030
9031
9032
9033
9034
9035
9036
9037
9038
9039
9040
9041
9042
9043
9044
9045
9046
9047
9048
9049
9050
9051
9052
9053
9054
9055
9056
9057
9058
9059
9060
9061
9062
9063
9064
9065
9066
9067
9068
9069
9070
9071
9072
9073
9074
9075
9076
9077
9078
9079
9080
9081
9082
9083
9084
9085
9086
9087
9088
9089
9090
9091
9092
9093
9094
9095
9096
9097
9098
9099
9100
9101
9102
9103
9104
9105
9106
9107
9108
9109
9110
9111
9112
9113
9114
9115
9116
9117
9118
9119
9120
9121
9122
9123
9124
9125
9126
9127
9128
9129
9130
9131
9132
9133
9134
9135
9136
9137
9138
9139
9140
9141
9142
9143
9144
9145
9146
9147
9148
9149
9150
9151
9152
9153
9154
9155
9156
9157
9158
9159
9160
9161
9162
9163
9164
9165
9166
9167
9168
9169
9170
9171
9172
9173
9174
9175
9176
9177
9178
9179
9180
9181
9182
9183
9184
9185
9186
9187
9188
9189
9190
9191
9192
9193
9194
9195
9196
9197
9198
9199
9200
9201
9202
9203
9204
9205
9206
9207
9208
9209
9210
9211
9212
9213
9214
9215
9216
9217
9218
9219
9220
9221
9222
9223
9224
9225
9226
9227
9228
9229
9230
9231
9232
9233
9234
9235
9236
9237
9238
9239
9240
9241
9242
9243
9244
9245
9246
9247
9248
9249
9250
9251
9252
9253
9254
9255
9256
9257
9258
9259
9260
9261
9262
9263
9264
9265
9266
9267
9268
9269
9270
9271
9272
9273
9274
9275
9276
9277
9278
9279
9280
9281
9282
9283
9284
9285
9286
9287
9288
9289
9290
9291
9292
9293
9294
9295
9296
9297
9298
9299
9300
9301
9302
9303
9304
9305
9306
9307
9308
9309
9310
9311
9312
9313
9314
9315
9316
9317
9318
9319
9320
9321
9322
9323
9324
9325
9326
9327
9328
9329
9330
9331
9332
9333
9334
9335
9336
9337
9338
9339
9340
9341
9342
9343
9344
9345
9346
9347
9348
9349
9350
9351
9352
9353
9354
9355
9356
9357
9358
9359
9360
9361
9362
9363
9364
9365
9366
9367
9368
9369
9370
9371
9372
9373
9374
9375
9376
9377
9378
9379
9380
9381
9382
9383
9384
9385
9386
9387
9388
9389
9390
9391
9392
9393
9394
9395
9396
9397
9398
9399
9400
9401
9402
9403
9404
9405
9406
9407
9408
9409
9410
9411
9412
9413
9414
9415
9416
9417
9418
9419
9420
9421
9422
9423
9424
9425
9426
9427
9428
9429
9430
9431
9432
9433
9434
9435
9436
9437
9438
9439
9440
9441
9442
9443
9444
9445
9446
9447
9448
9449
9450
9451
9452
9453
9454
9455
9456
9457
9458
9459
9460
9461
9462
9463
9464
9465
9466
9467
9468
9469
9470
9471
9472
9473
9474
9475
9476
9477
9478
9479
9480
9481
9482
9483
9484
9485
9486
9487
9488
9489
9490
9491
9492
9493
9494
9495
9496
9497
9498
9499
9500
9501
9502
9503
9504
9505
9506
9507
9508
9509
9510
9511
9512
9513
9514
9515
9516
9517
9518
9519
9520
9521
9522
9523
9524
9525
9526
9527
9528
9529
9530
9531
9532
9533
9534
9535
9536
9537
9538
9539
9540
9541
9542
9543
9544
9545
9546
9547
9548
9549
9550
9551
9552
9553
9554
9555
9556
9557
9558
9559
9560
9561
9562
9563
9564
9565
9566
9567
9568
9569
9570
9571
9572
9573
9574
9575
9576
9577
9578
9579
9580
9581
9582
9583
9584
9585
9586
9587
9588
9589
9590
9591
9592
9593
9594
9595
9596
9597
9598
9599
9600
9601
9602
9603
9604
9605
9606
9607
9608
9609
9610
9611
9612
9613
9614
9615
9616
9617
9618
9619
9620
9621
9622
9623
9624
9625
9626
9627
9628
9629
9630
9631
9632
9633
9634
9635
9636
9637
9638
9639
9640
9641
9642
9643
9644
9645
9646
9647
9648
9649
9650
9651
9652
9653
9654
9655
9656
9657
9658
9659
9660
9661
9662
9663
9664
9665
9666
9667
9668
9669
9670
9671
9672
9673
9674
9675
9676
9677
9678
9679
9680
9681
9682
9683
9684
9685
9686
9687
9688
9689
9690
9691
9692
9693
9694
9695
9696
9697
9698
9699
9700
9701
9702
9703
9704
9705
9706
9707
9708
9709
9710
9711
9712
9713
9714
9715
9716
9717
9718
9719
9720
9721
9722
9723
9724
9725
9726
9727
9728
9729
9730
9731
9732
9733
9734
9735
9736
9737
9738
9739
9740
9741
9742
9743
9744
9745
9746
9747
9748
9749
9750
9751
9752
9753
9754
9755
9756
9757
9758
9759
9760
9761
9762
9763
9764
9765
9766
9767
9768
9769
9770
9771
9772
9773
9774
9775
9776
9777
9778
9779
9780
9781
9782
9783
9784
9785
9786
9787
9788
9789
9790
9791
9792
9793
9794
9795
9796
9797
9798
9799
9800
9801
9802
9803
9804
9805
9806
9807
9808
9809
9810
9811
9812
9813
9814
9815
9816
9817
9818
9819
9820
9821
9822
9823
9824
9825
9826
9827
9828
9829
9830
9831
9832
9833
9834
9835
9836
9837
9838
9839
9840
9841
9842
9843
9844
9845
9846
9847
9848
9849
9850
9851
9852
9853
9854
9855
9856
9857
9858
9859
9860
9861
9862
9863
9864
9865
9866
9867
9868
9869
9870
9871
9872
9873
9874
9875
9876
9877
9878
9879
9880
9881
9882
9883
9884
9885
9886
9887
9888
9889
9890
9891
9892
9893
9894
9895
9896
9897
9898
9899
9900
9901
9902
9903
9904
9905
9906
9907
9908
9909
9910
9911
9912
9913
9914
9915
9916
9917
9918
9919
9920
9921
9922
9923
9924
9925
9926
9927
9928
9929
9930
9931
9932
9933
9934
9935
9936
9937
9938
9939
9940
9941
9942
9943
9944
9945
9946
9947
9948
9949
9950
9951
9952
9953
9954
9955
9956
9957
9958
9959
9960
9961
9962
9963
9964
9965
9966
9967
9968
9969
9970
9971
9972
9973
9974
9975
9976
9977
9978
9979
9980
9981
9982
9983
9984
9985
9986
9987
9988
9989
9990
9991
9992
9993
9994
9995
9996
9997
9998
9999
10000
10001
10002
10003
10004
10005
10006
10007
10008
10009
10010
10011
10012
10013
10014
10015
10016
10017
10018
10019
10020
10021
10022
10023
10024
10025
10026
10027
10028
10029
10030
10031
10032
10033
10034
10035
10036
10037
10038
10039
10040
10041
10042
10043
10044
10045
10046
10047
10048
10049
10050
10051
10052
10053
10054
10055
10056
10057
10058
10059
10060
10061
10062
10063
10064
10065
10066
10067
10068
10069
10070
10071
10072
10073
10074
10075
10076
10077
10078
10079
10080
10081
10082
10083
10084
10085
10086
10087
10088
10089
10090
10091
10092
10093
10094
10095
10096
10097
10098
10099
10100
10101
10102
10103
10104
10105
10106
10107
10108
10109
10110
10111
10112
10113
10114
10115
10116
10117
10118
10119
10120
10121
10122
10123
10124
10125
10126
10127
10128
10129
10130
10131
10132
10133
10134
10135
10136
10137
10138
10139
10140
10141
10142
10143
10144
10145
10146
10147
10148
10149
10150
10151
10152
10153
10154
10155
10156
10157
10158
10159
10160
10161
10162
10163
10164
10165
10166
10167
10168
10169
10170
10171
10172
10173
10174
10175
10176
10177
10178
10179
10180
10181
10182
10183
10184
10185
10186
10187
10188
10189
10190
10191
10192
10193
10194
10195
10196
10197
10198
10199
10200
10201
10202
10203
10204
10205
10206
10207
10208
10209
10210
10211
10212
10213
10214
10215
10216
10217
10218
10219
10220
10221
10222
10223
10224
10225
10226
10227
10228
10229
10230
10231
10232
10233
10234
10235
10236
10237
10238
10239
10240
10241
10242
10243
10244
10245
10246
10247
10248
10249
10250
10251
10252
10253
10254
10255
10256
10257
10258
10259
10260
10261
10262
10263
10264
10265
10266
10267
10268
10269
10270
10271
10272
10273
10274
10275
10276
10277
10278
10279
10280
10281
10282
10283
10284
10285
10286
10287
10288
10289
10290
10291
10292
10293
10294
10295
10296
10297
10298
10299
10300
10301
10302
10303
10304
10305
10306
10307
10308
10309
10310
10311
10312
10313
10314
10315
10316
10317
10318
10319
10320
10321
10322
10323
10324
10325
10326
10327
10328
10329
10330
10331
10332
10333
10334
10335
10336
10337
10338
10339
10340
10341
10342
10343
10344
10345
10346
10347
10348
10349
10350
10351
10352
10353
10354
10355
10356
10357
10358
10359
10360
10361
10362
10363
10364
10365
10366
10367
10368
10369
10370
10371
10372
10373
10374
10375
10376
10377
10378
10379
10380
10381
10382
10383
10384
10385
10386
10387
10388
10389
10390
10391
10392
10393
10394
10395
10396
10397
10398
10399
10400
10401
10402
10403
10404
10405
10406
10407
10408
10409
10410
10411
10412
10413
10414
10415
10416
10417
10418
10419
10420
10421
10422
10423
10424
10425
10426
10427
10428
10429
10430
10431
10432
10433
10434
10435
10436
10437
10438
10439
10440
10441
10442
10443
10444
10445
10446
10447
10448
10449
10450
10451
10452
10453
10454
10455
10456
10457
10458
10459
10460
10461
10462
10463
10464
10465
10466
10467
10468
10469
10470
10471
10472
10473
10474
10475
10476
10477
10478
10479
10480
10481
10482
10483
10484
10485
10486
10487
10488
10489
10490
10491
10492
10493
10494
10495
10496
10497
10498
10499
10500
10501
10502
10503
10504
10505
10506
10507
10508
10509
10510
10511
10512
10513
10514
10515
10516
10517
10518
10519
10520
10521
10522
10523
10524
10525
10526
10527
10528
10529
10530
10531
10532
10533
10534
10535
10536
10537
10538
10539
10540
10541
10542
10543
10544
10545
10546
10547
10548
10549
10550
10551
10552
10553
10554
10555
10556
10557
10558
10559
10560
10561
10562
10563
10564
10565
10566
10567
10568
10569
10570
10571
10572
10573
10574
10575
10576
10577
10578
10579
10580
10581
10582
10583
10584
10585
10586
10587
10588
10589
10590
10591
10592
10593
10594
10595
10596
10597
10598
10599
10600
10601
10602
10603
10604
10605
10606
10607
10608
10609
10610
10611
10612
10613
10614
10615
10616
10617
10618
10619
10620
10621
10622
10623
10624
10625
10626
10627
10628
10629
10630
10631
10632
10633
10634
10635
10636
10637
10638
10639
10640
10641
10642
10643
10644
10645
10646
10647
10648
10649
10650
10651
10652
10653
10654
10655
10656
10657
10658
10659
10660
10661
10662
10663
10664
10665
10666
10667
10668
10669
10670
10671
10672
10673
10674
10675
10676
10677
10678
10679
10680
10681
10682
10683
10684
10685
10686
10687
10688
10689
10690
10691
10692
10693
10694
10695
10696
10697
10698
10699
10700
10701
10702
10703
10704
10705
10706
10707
10708
10709
10710
10711
10712
10713
10714
10715
10716
10717
10718
10719
10720
10721
10722
10723
10724
10725
10726
10727
10728
10729
10730
10731
10732
10733
10734
10735
10736
10737
10738
10739
10740
10741
10742
10743
10744
10745
10746
10747
10748
10749
10750
10751
10752
10753
10754
10755
10756
10757
10758
10759
10760
10761
10762
10763
10764
10765
10766
10767
10768
10769
10770
10771
10772
10773
10774
10775
10776
10777
10778
10779
10780
10781
10782
10783
10784
10785
10786
10787
10788
10789
10790
10791
10792
10793
10794
10795
10796
10797
10798
10799
10800
10801
10802
10803
10804
10805
10806
10807
10808
10809
10810
10811
10812
10813
10814
10815
10816
10817
10818
10819
10820
10821
10822
10823
10824
10825
10826
10827
10828
10829
10830
10831
10832
10833
10834
10835
10836
10837
10838
10839
10840
10841
10842
10843
10844
10845
10846
10847
10848
10849
10850
10851
10852
10853
10854
10855
10856
10857
10858
10859
10860
10861
10862
10863
10864
10865
10866
10867
10868
10869
10870
10871
10872
10873
10874
10875
10876
10877
10878
10879
10880
10881
10882
10883
10884
10885
10886
10887
10888
10889
10890
10891
10892
10893
10894
10895
10896
10897
10898
10899
10900
10901
10902
10903
10904
10905
10906
10907
10908
10909
10910
10911
10912
10913
10914
10915
10916
10917
10918
10919
10920
10921
10922
10923
10924
10925
10926
10927
10928
10929
10930
10931
10932
10933
10934
10935
10936
10937
10938
10939
10940
10941
10942
10943
10944
10945
10946
10947
10948
10949
10950
10951
10952
10953
10954
10955
10956
10957
10958
10959
10960
10961
10962
10963
10964
10965
10966
10967
10968
10969
10970
10971
10972
10973
10974
10975
10976
10977
10978
10979
10980
10981
10982
10983
10984
10985
10986
10987
10988
10989
10990
10991
10992
10993
10994
10995
10996
10997
10998
10999
11000
11001
11002
11003
11004
11005
11006
11007
11008
11009
11010
11011
11012
11013
11014
11015
11016
11017
11018
11019
11020
11021
11022
11023
11024
11025
11026
11027
11028
11029
11030
11031
11032
11033
11034
11035
11036
11037
11038
11039
11040
11041
11042
11043
11044
11045
11046
11047
11048
11049
11050
11051
11052
11053
11054
11055
11056
11057
11058
11059
11060
11061
11062
11063
11064
11065
11066
11067
11068
11069
11070
11071
11072
11073
11074
11075
11076
11077
11078
11079
11080
11081
11082
11083
11084
11085
11086
11087
11088
11089
11090
11091
11092
11093
11094
11095
11096
11097
11098
11099
11100
11101
11102
11103
11104
11105
11106
11107
11108
11109
11110
11111
11112
11113
11114
11115
11116
11117
11118
11119
11120
11121
11122
11123
11124
11125
11126
11127
11128
11129
11130
11131
11132
11133
11134
11135
11136
11137
11138
11139
11140
11141
11142
11143
11144
11145
11146
11147
11148
11149
11150
11151
11152
11153
11154
11155
11156
11157
11158
11159
11160
11161
11162
11163
11164
11165
11166
11167
11168
11169
11170
11171
11172
11173
11174
11175
11176
11177
11178
11179
11180
11181
11182
11183
11184
11185
11186
11187
11188
11189
11190
11191
11192
11193
11194
11195
11196
11197
11198
11199
11200
11201
11202
11203
11204
11205
11206
11207
11208
11209
11210
11211
11212
11213
11214
11215
11216
11217
11218
11219
11220
11221
11222
11223
11224
11225
11226
11227
11228
11229
11230
11231
11232
11233
11234
11235
11236
11237
11238
11239
11240
11241
11242
11243
11244
11245
11246
11247
11248
11249
11250
11251
11252
11253
11254
11255
11256
11257
11258
11259
11260
11261
11262
11263
11264
11265
11266
11267
11268
11269
11270
11271
11272
11273
11274
11275
11276
11277
11278
11279
11280
11281
11282
11283
11284
11285
11286
11287
11288
11289
11290
11291
11292
11293
11294
11295
11296
11297
11298
11299
11300
11301
11302
11303
11304
11305
11306
11307
11308
11309
11310
11311
11312
11313
11314
11315
11316
11317
11318
11319
11320
11321
11322
11323
11324
11325
11326
11327
11328
11329
11330
11331
11332
11333
11334
11335
11336
11337
11338
11339
11340
11341
11342
11343
11344
11345
11346
11347
11348
11349
11350
11351
11352
11353
11354
11355
11356
11357
11358
11359
11360
11361
11362
11363
11364
11365
11366
11367
11368
11369
11370
11371
11372
11373
11374
11375
11376
11377
11378
11379
11380
11381
11382
11383
11384
11385
11386
11387
11388
11389
11390
11391
11392
11393
11394
11395
11396
11397
11398
11399
11400
11401
11402
11403
11404
11405
11406
11407
11408
11409
11410
11411
11412
11413
11414
11415
11416
11417
11418
11419
11420
11421
11422
11423
11424
11425
11426
11427
11428
11429
11430
11431
11432
11433
11434
11435
11436
11437
11438
11439
11440
11441
11442
11443
11444
11445
11446
11447
11448
11449
11450
11451
11452
11453
11454
11455
11456
11457
11458
11459
11460
11461
11462
11463
11464
11465
11466
11467
11468
11469
11470
11471
11472
11473
11474
11475
11476
11477
11478
11479
11480
11481
11482
11483
11484
11485
11486
11487
11488
11489
11490
11491
11492
11493
11494
11495
11496
11497
11498
11499
11500
11501
11502
11503
11504
11505
11506
11507
11508
11509
11510
11511
11512
11513
11514
11515
11516
11517
11518
11519
11520
11521
11522
11523
11524
11525
11526
11527
11528
11529
11530
11531
11532
11533
11534
11535
11536
11537
11538
11539
11540
11541
11542
11543
11544
11545
11546
11547
11548
11549
11550
11551
11552
11553
11554
11555
11556
11557
11558
11559
11560
11561
11562
11563
11564
11565
11566
11567
11568
11569
11570
11571
11572
11573
11574
11575
11576
11577
11578
11579
11580
11581
11582
11583
11584
11585
11586
11587
11588
11589
11590
11591
11592
11593
11594
11595
11596
11597
11598
11599
11600
11601
11602
11603
11604
11605
11606
11607
11608
11609
11610
11611
11612
11613
11614
11615
11616
11617
11618
11619
11620
11621
11622
11623
11624
11625
11626
11627
11628
11629
11630
11631
11632
11633
11634
11635
11636
11637
11638
11639
11640
11641
11642
11643
11644
11645
11646
11647
11648
11649
11650
11651
11652
11653
11654
11655
11656
11657
11658
11659
11660
11661
11662
11663
11664
11665
11666
11667
11668
11669
11670
11671
11672
11673
11674
11675
11676
11677
11678
11679
11680
11681
11682
11683
11684
11685
11686
11687
11688
11689
11690
11691
11692
11693
11694
11695
11696
11697
11698
11699
11700
11701
11702
11703
11704
11705
11706
11707
11708
11709
11710
11711
11712
11713
11714
11715
11716
11717
11718
11719
11720
11721
11722
11723
11724
11725
11726
11727
11728
11729
11730
11731
11732
11733
11734
11735
11736
11737
11738
11739
11740
11741
11742
11743
11744
11745
11746
11747
11748
11749
11750
11751
11752
11753
11754
11755
11756
11757
11758
11759
11760
11761
11762
11763
11764
11765
11766
11767
11768
11769
11770
11771
11772
11773
11774
11775
11776
11777
11778
11779
11780
11781
11782
11783
11784
11785
11786
11787
11788
11789
11790
11791
11792
11793
11794
11795
11796
11797
11798
11799
11800
11801
11802
11803
11804
11805
11806
11807
11808
11809
11810
11811
11812
11813
11814
11815
11816
11817
11818
11819
11820
11821
11822
11823
11824
11825
11826
11827
11828
11829
11830
11831
11832
11833
11834
11835
11836
11837
11838
11839
11840
11841
11842
11843
11844
11845
11846
11847
11848
11849
11850
11851
11852
11853
11854
11855
11856
11857
11858
11859
11860
11861
11862
11863
11864
11865
11866
11867
11868
11869
11870
11871
11872
11873
11874
11875
11876
11877
11878
11879
11880
11881
11882
11883
11884
11885
11886
11887
11888
11889
11890
11891
11892
11893
11894
11895
11896
11897
11898
11899
11900
11901
11902
11903
11904
11905
11906
11907
11908
11909
11910
11911
11912
11913
11914
11915
11916
11917
11918
11919
11920
11921
11922
11923
11924
11925
11926
11927
11928
11929
11930
11931
11932
11933
11934
11935
11936
11937
11938
11939
11940
11941
11942
11943
11944
11945
11946
11947
11948
11949
11950
11951
11952
11953
11954
11955
11956
11957
11958
11959
11960
11961
11962
11963
11964
11965
11966
11967
11968
11969
11970
11971
11972
11973
11974
11975
11976
11977
11978
11979
11980
11981
11982
11983
11984
11985
11986
11987
11988
11989
11990
11991
11992
11993
11994
11995
11996
11997
11998
11999
12000
12001
12002
12003
12004
12005
12006
12007
12008
12009
12010
12011
12012
12013
12014
12015
12016
12017
12018
12019
12020
12021
12022
12023
12024
12025
12026
12027
12028
12029
12030
12031
12032
12033
12034
12035
12036
12037
12038
12039
12040
12041
12042
12043
12044
12045
12046
12047
12048
12049
12050
12051
12052
12053
12054
12055
12056
12057
12058
12059
12060
12061
12062
12063
12064
12065
12066
12067
12068
12069
12070
12071
12072
12073
12074
12075
12076
12077
12078
12079
12080
12081
12082
12083
12084
12085
12086
12087
12088
12089
12090
12091
12092
12093
12094
12095
12096
12097
12098
12099
12100
12101
12102
12103
12104
12105
12106
12107
12108
12109
12110
12111
12112
12113
12114
12115
12116
12117
12118
12119
12120
12121
12122
12123
12124
12125
12126
12127
12128
12129
12130
12131
12132
12133
12134
12135
12136
12137
12138
12139
12140
12141
12142
12143
12144
12145
12146
12147
12148
12149
12150
12151
12152
12153
12154
12155
12156
12157
12158
12159
12160
12161
12162
12163
12164
12165
12166
12167
12168
12169
12170
12171
12172
12173
12174
12175
12176
12177
12178
12179
12180
12181
12182
12183
12184
12185
12186
12187
12188
12189
12190
12191
12192
12193
12194
12195
12196
12197
12198
12199
12200
12201
12202
12203
12204
12205
12206
12207
12208
12209
12210
12211
12212
12213
12214
12215
12216
12217
12218
12219
12220
12221
12222
12223
12224
12225
12226
12227
12228
12229
12230
12231
12232
12233
12234
12235
12236
12237
12238
12239
12240
12241
12242
12243
12244
12245
12246
12247
12248
12249
12250
12251
12252
12253
12254
12255
12256
12257
12258
12259
12260
12261
12262
12263
12264
12265
12266
12267
12268
12269
12270
12271
12272
12273
12274
12275
12276
12277
12278
12279
12280
12281
12282
12283
12284
12285
12286
12287
12288
12289
12290
12291
12292
12293
12294
12295
12296
12297
12298
12299
12300
12301
12302
12303
12304
12305
12306
12307
12308
12309
12310
12311
12312
12313
12314
12315
12316
12317
12318
12319
12320
12321
12322
12323
12324
12325
12326
12327
12328
12329
12330
12331
12332
12333
12334
12335
12336
12337
12338
12339
12340
12341
12342
12343
12344
12345
12346
12347
12348
12349
12350
12351
12352
12353
12354
12355
12356
12357
12358
12359
12360
12361
12362
12363
12364
12365
12366
12367
12368
12369
12370
12371
12372
12373
12374
12375
12376
12377
12378
12379
12380
12381
12382
12383
12384
12385
12386
12387
12388
12389
12390
12391
12392
12393
12394
12395
12396
12397
12398
12399
12400
12401
12402
12403
12404
12405
12406
12407
12408
12409
12410
12411
12412
12413
12414
12415
12416
12417
12418
12419
12420
12421
12422
12423
12424
12425
12426
12427
12428
12429
12430
12431
12432
12433
12434
12435
12436
12437
12438
12439
12440
12441
12442
12443
12444
12445
12446
12447
12448
12449
12450
12451
12452
12453
12454
12455
12456
12457
12458
12459
12460
12461
12462
12463
12464
12465
12466
12467
12468
12469
12470
12471
12472
12473
12474
12475
12476
12477
12478
12479
12480
12481
12482
12483
12484
12485
12486
12487
12488
12489
12490
12491
12492
12493
12494
12495
12496
12497
12498
12499
12500
12501
12502
12503
12504
12505
12506
12507
12508
12509
12510
12511
12512
12513
12514
12515
12516
12517
12518
12519
12520
12521
12522
12523
12524
12525
12526
12527
12528
12529
12530
12531
12532
12533
12534
12535
12536
12537
12538
12539
12540
12541
12542
12543
12544
12545
12546
12547
12548
12549
12550
12551
12552
12553
12554
12555
12556
12557
12558
12559
12560
12561
12562
12563
12564
12565
12566
12567
12568
12569
12570
12571
12572
12573
12574
12575
12576
12577
12578
12579
12580
12581
12582
12583
12584
12585
12586
12587
12588
12589
12590
12591
12592
12593
12594
12595
12596
12597
12598
12599
12600
12601
12602
12603
12604
12605
12606
12607
12608
12609
12610
12611
12612
12613
12614
12615
12616
12617
12618
12619
12620
12621
12622
12623
12624
12625
12626
12627
12628
12629
12630
12631
12632
12633
12634
12635
12636
12637
12638
12639
12640
12641
12642
12643
12644
12645
12646
12647
12648
12649
12650
12651
12652
12653
12654
12655
12656
12657
12658
12659
12660
12661
12662
12663
12664
12665
12666
12667
12668
12669
12670
12671
12672
12673
12674
12675
12676
12677
12678
12679
12680
12681
12682
12683
12684
12685
12686
12687
12688
12689
12690
12691
12692
12693
12694
12695
12696
12697
12698
12699
12700
12701
12702
12703
12704
12705
12706
12707
12708
12709
12710
12711
12712
12713
12714
12715
12716
12717
12718
12719
12720
12721
12722
12723
12724
12725
12726
12727
12728
12729
12730
12731
12732
12733
12734
12735
12736
12737
12738
12739
12740
12741
12742
12743
12744
12745
12746
12747
12748
12749
12750
12751
12752
12753
12754
12755
12756
12757
12758
12759
12760
12761
12762
12763
12764
12765
12766
12767
12768
12769
12770
12771
12772
12773
12774
12775
12776
12777
12778
12779
12780
12781
12782
12783
12784
12785
12786
12787
12788
12789
12790
12791
12792
12793
12794
12795
12796
12797
12798
12799
12800
12801
12802
12803
12804
12805
12806
12807
12808
12809
12810
12811
12812
12813
12814
12815
12816
12817
12818
12819
12820
12821
12822
12823
12824
12825
12826
12827
12828
12829
12830
12831
12832
12833
12834
12835
12836
12837
12838
12839
12840
12841
12842
12843
12844
12845
12846
12847
12848
12849
12850
12851
12852
12853
12854
12855
12856
12857
12858
12859
12860
12861
12862
12863
12864
12865
12866
12867
12868
12869
12870
12871
12872
12873
12874
12875
12876
12877
12878
12879
12880
12881
12882
12883
12884
12885
12886
12887
12888
12889
12890
12891
12892
12893
12894
12895
12896
12897
12898
12899
12900
12901
12902
12903
12904
12905
12906
12907
12908
12909
12910
12911
12912
12913
12914
12915
12916
12917
12918
12919
12920
12921
12922
12923
12924
12925
12926
12927
12928
12929
12930
12931
12932
12933
12934
12935
12936
12937
12938
12939
12940
12941
12942
12943
12944
12945
12946
12947
12948
12949
12950
12951
12952
12953
12954
12955
12956
12957
12958
12959
12960
12961
12962
12963
12964
12965
12966
12967
12968
12969
12970
12971
12972
12973
12974
12975
12976
12977
12978
12979
12980
12981
12982
12983
12984
12985
12986
12987
12988
12989
12990
12991
12992
12993
12994
12995
12996
12997
12998
12999
13000
13001
13002
13003
13004
13005
13006
13007
13008
13009
13010
13011
13012
13013
13014
13015
13016
13017
13018
13019
13020
13021
13022
13023
13024
13025
13026
13027
13028
13029
13030
13031
13032
13033
13034
13035
13036
13037
13038
13039
13040
13041
13042
13043
13044
13045
13046
13047
13048
13049
13050
13051
13052
13053
13054
13055
13056
13057
13058
13059
13060
13061
13062
13063
13064
13065
13066
13067
13068
13069
13070
13071
13072
13073
13074
13075
13076
13077
13078
13079
13080
13081
13082
13083
13084
13085
13086
13087
13088
13089
13090
13091
13092
13093
13094
13095
13096
13097
13098
13099
13100
13101
13102
13103
13104
13105
13106
13107
13108
13109
13110
13111
13112
13113
13114
13115
13116
13117
13118
13119
13120
13121
13122
13123
13124
13125
13126
13127
13128
13129
13130
13131
13132
13133
13134
13135
13136
13137
13138
13139
13140
13141
13142
13143
13144
13145
13146
13147
13148
13149
13150
13151
13152
13153
13154
13155
13156
13157
13158
13159
13160
13161
13162
13163
13164
13165
13166
13167
13168
13169
13170
13171
13172
13173
13174
13175
13176
13177
13178
13179
13180
13181
13182
13183
13184
13185
13186
13187
13188
13189
13190
13191
13192
13193
13194
13195
13196
13197
13198
13199
13200
13201
13202
13203
13204
13205
13206
13207
13208
13209
13210
13211
13212
13213
13214
13215
13216
13217
13218
13219
13220
13221
13222
13223
13224
13225
13226
13227
13228
13229
13230
13231
13232
13233
13234
13235
13236
13237
13238
13239
13240
13241
13242
13243
13244
13245
13246
13247
13248
13249
13250
13251
13252
13253
13254
13255
13256
13257
13258
13259
13260
13261
13262
13263
13264
13265
13266
13267
13268
13269
13270
13271
13272
13273
13274
13275
13276
13277
13278
13279
13280
13281
13282
13283
13284
13285
13286
13287
13288
13289
13290
13291
13292
13293
13294
13295
13296
13297
13298
13299
13300
13301
13302
13303
13304
13305
13306
13307
13308
13309
13310
13311
13312
13313
13314
13315
13316
13317
13318
13319
13320
13321
13322
13323
13324
13325
13326
13327
13328
13329
13330
13331
13332
13333
13334
13335
13336
13337
13338
13339
13340
13341
13342
13343
13344
13345
13346
13347
13348
13349
13350
13351
13352
13353
13354
13355
13356
13357
13358
13359
13360
13361
13362
13363
13364
13365
13366
13367
13368
13369
13370
13371
13372
13373
13374
13375
13376
13377
13378
13379
13380
13381
13382
13383
13384
13385
13386
13387
13388
13389
13390
13391
13392
13393
13394
13395
13396
13397
13398
13399
13400
13401
13402
13403
13404
13405
13406
13407
13408
13409
13410
13411
13412
13413
13414
13415
13416
13417
13418
13419
13420
13421
13422
13423
13424
13425
13426
13427
13428
13429
13430
13431
13432
13433
13434
13435
13436
13437
13438
13439
13440
13441
13442
13443
13444
13445
13446
13447
13448
13449
13450
13451
13452
13453
13454
13455
13456
13457
13458
13459
13460
13461
13462
13463
13464
13465
13466
13467
13468
13469
13470
13471
13472
13473
13474
13475
13476
13477
13478
13479
13480
13481
13482
13483
13484
13485
13486
13487
13488
13489
13490
13491
13492
13493
13494
13495
13496
13497
13498
13499
13500
13501
13502
13503
13504
13505
13506
13507
13508
13509
13510
13511
13512
13513
13514
13515
13516
13517
13518
13519
13520
13521
13522
13523
13524
13525
13526
13527
13528
13529
13530
13531
13532
13533
13534
13535
13536
13537
13538
13539
13540
13541
13542
13543
13544
13545
13546
13547
13548
13549
13550
13551
13552
13553
13554
13555
13556
13557
13558
13559
13560
13561
13562
13563
13564
13565
13566
13567
13568
13569
13570
13571
13572
13573
13574
13575
13576
13577
13578
13579
13580
13581
13582
13583
13584
13585
13586
13587
13588
13589
13590
13591
13592
13593
13594
13595
13596
13597
13598
13599
13600
13601
13602
13603
13604
13605
13606
13607
13608
13609
13610
13611
13612
13613
13614
13615
13616
13617
13618
13619
13620
13621
13622
13623
13624
13625
13626
13627
13628
13629
13630
13631
13632
13633
13634
13635
13636
13637
13638
13639
13640
13641
13642
13643
13644
13645
13646
13647
13648
13649
13650
13651
13652
13653
13654
13655
13656
13657
13658
13659
13660
13661
13662
13663
13664
13665
13666
13667
13668
13669
13670
13671
13672
13673
13674
13675
13676
13677
13678
13679
13680
13681
13682
13683
13684
13685
13686
13687
13688
13689
13690
13691
13692
13693
13694
13695
13696
13697
13698
13699
13700
13701
13702
13703
13704
13705
13706
13707
13708
13709
13710
13711
13712
13713
13714
13715
13716
13717
13718
13719
13720
13721
13722
13723
13724
13725
13726
13727
13728
13729
13730
13731
13732
13733
13734
13735
13736
13737
13738
13739
13740
13741
13742
13743
13744
13745
13746
13747
13748
13749
13750
13751
13752
13753
13754
13755
13756
13757
13758
13759
13760
13761
13762
13763
13764
13765
13766
13767
13768
13769
13770
13771
13772
13773
13774
13775
13776
13777
13778
13779
13780
13781
13782
13783
13784
13785
13786
13787
13788
13789
13790
13791
13792
13793
13794
13795
13796
13797
13798
13799
13800
13801
13802
13803
13804
13805
13806
13807
13808
13809
13810
13811
13812
13813
13814
13815
13816
13817
13818
13819
13820
13821
13822
13823
13824
13825
13826
13827
13828
13829
13830
13831
13832
13833
13834
13835
13836
13837
13838
13839
13840
13841
13842
13843
13844
13845
13846
13847
13848
13849
13850
13851
13852
13853
13854
13855
13856
13857
13858
13859
13860
13861
13862
13863
13864
13865
13866
13867
13868
13869
13870
13871
13872
13873
13874
13875
13876
13877
13878
13879
13880
13881
13882
13883
13884
13885
13886
13887
13888
13889
13890
13891
13892
13893
13894
13895
13896
13897
13898
13899
13900
13901
13902
13903
13904
13905
13906
13907
13908
13909
13910
13911
13912
13913
13914
13915
13916
13917
13918
13919
13920
13921
13922
13923
13924
13925
13926
13927
13928
13929
13930
13931
13932
13933
13934
13935
13936
13937
13938
13939
13940
13941
13942
13943
13944
13945
13946
13947
13948
13949
13950
13951
13952
13953
13954
13955
13956
13957
13958
13959
13960
13961
13962
13963
13964
13965
13966
13967
13968
13969
13970
13971
13972
13973
13974
13975
13976
13977
13978
13979
13980
13981
13982
13983
13984
13985
13986
13987
13988
13989
13990
13991
13992
13993
13994
13995
13996
13997
13998
13999
14000
14001
14002
14003
14004
14005
14006
14007
14008
14009
14010
14011
14012
14013
14014
14015
14016
14017
14018
14019
14020
14021
14022
14023
14024
14025
14026
14027
14028
14029
14030
14031
14032
14033
14034
14035
14036
14037
14038
14039
14040
14041
14042
14043
14044
14045
14046
14047
14048
14049
14050
14051
14052
14053
14054
14055
14056
14057
14058
14059
14060
14061
14062
14063
14064
14065
14066
14067
14068
14069
14070
14071
14072
14073
14074
14075
14076
14077
14078
14079
14080
14081
14082
14083
14084
14085
14086
14087
14088
14089
14090
14091
14092
14093
14094
14095
14096
14097
14098
14099
14100
14101
14102
14103
14104
14105
14106
14107
14108
14109
14110
14111
14112
14113
14114
14115
14116
14117
14118
14119
14120
14121
14122
14123
14124
14125
14126
14127
14128
14129
14130
14131
14132
14133
14134
14135
14136
14137
14138
14139
14140
14141
14142
14143
14144
14145
14146
14147
14148
14149
14150
14151
14152
14153
14154
14155
14156
14157
14158
14159
14160
14161
14162
14163
14164
14165
14166
14167
14168
14169
14170
14171
14172
14173
14174
14175
14176
14177
14178
14179
14180
14181
14182
14183
14184
14185
14186
14187
14188
14189
14190
14191
14192
14193
14194
14195
14196
14197
14198
14199
14200
14201
14202
14203
14204
14205
14206
14207
14208
14209
14210
14211
14212
14213
14214
14215
14216
14217
14218
14219
14220
14221
14222
14223
14224
14225
14226
14227
14228
14229
14230
14231
14232
14233
14234
14235
14236
14237
14238
14239
14240
14241
14242
14243
14244
14245
14246
14247
14248
14249
14250
14251
14252
14253
14254
14255
14256
14257
14258
14259
14260
14261
14262
14263
14264
14265
14266
14267
14268
14269
14270
14271
14272
14273
14274
14275
14276
14277
14278
14279
14280
14281
14282
14283
14284
14285
14286
14287
14288
14289
14290
14291
14292
14293
14294
14295
14296
14297
14298
14299
14300
14301
14302
14303
14304
14305
14306
14307
14308
14309
14310
14311
14312
14313
14314
14315
14316
14317
14318
14319
14320
14321
14322
14323
14324
14325
14326
14327
14328
14329
14330
14331
14332
14333
14334
14335
14336
14337
14338
14339
14340
14341
14342
14343
14344
14345
14346
14347
14348
14349
14350
14351
14352
14353
14354
14355
14356
14357
14358
14359
14360
14361
14362
14363
14364
14365
14366
14367
14368
14369
14370
14371
14372
14373
14374
14375
14376
14377
14378
14379
14380
14381
14382
14383
14384
14385
14386
14387
14388
14389
14390
14391
14392
14393
14394
14395
14396
14397
14398
14399
14400
14401
14402
14403
14404
14405
14406
14407
14408
14409
14410
14411
14412
14413
14414
14415
14416
14417
14418
14419
14420
14421
14422
14423
14424
14425
14426
14427
14428
14429
14430
14431
14432
14433
14434
14435
14436
14437
14438
14439
14440
14441
14442
14443
14444
14445
14446
14447
14448
14449
14450
14451
14452
14453
14454
14455
14456
14457
14458
14459
14460
14461
14462
14463
14464
14465
14466
14467
14468
14469
14470
14471
14472
14473
14474
14475
14476
14477
14478
14479
14480
14481
14482
14483
14484
14485
14486
14487
14488
14489
14490
14491
14492
14493
14494
14495
14496
14497
14498
14499
14500
14501
14502
14503
14504
14505
14506
14507
14508
14509
14510
14511
14512
14513
14514
14515
14516
14517
14518
14519
14520
14521
14522
14523
14524
14525
14526
14527
14528
14529
14530
14531
14532
14533
14534
14535
14536
14537
14538
14539
14540
14541
14542
14543
14544
14545
14546
14547
14548
14549
14550
14551
14552
14553
14554
14555
14556
14557
14558
14559
14560
14561
14562
14563
14564
14565
14566
14567
14568
14569
14570
14571
14572
14573
14574
14575
14576
14577
14578
14579
14580
14581
14582
14583
14584
14585
14586
14587
14588
14589
14590
14591
14592
14593
14594
14595
14596
14597
14598
14599
14600
14601
14602
14603
14604
14605
14606
14607
14608
14609
14610
14611
14612
14613
14614
14615
14616
14617
14618
14619
14620
14621
14622
14623
14624
14625
14626
14627
14628
14629
14630
14631
14632
14633
14634
14635
14636
14637
14638
14639
14640
14641
14642
14643
14644
14645
14646
14647
14648
14649
14650
14651
14652
14653
14654
14655
14656
14657
14658
14659
14660
14661
14662
14663
14664
14665
14666
14667
14668
14669
14670
14671
14672
14673
14674
14675
14676
14677
14678
14679
14680
14681
14682
14683
14684
14685
14686
14687
14688
14689
14690
14691
14692
14693
14694
14695
14696
14697
14698
14699
14700
14701
14702
14703
14704
14705
14706
14707
14708
14709
14710
14711
14712
14713
14714
14715
14716
14717
14718
14719
14720
14721
14722
14723
14724
14725
14726
14727
14728
14729
14730
14731
14732
14733
14734
14735
14736
14737
14738
14739
14740
14741
14742
14743
14744
14745
14746
14747
14748
14749
14750
14751
14752
14753
14754
14755
14756
14757
14758
14759
14760
14761
14762
14763
14764
14765
14766
14767
14768
14769
14770
14771
14772
14773
14774
14775
14776
14777
14778
14779
14780
14781
14782
14783
14784
14785
14786
14787
14788
14789
14790
14791
14792
14793
14794
14795
14796
14797
14798
14799
14800
14801
14802
14803
14804
14805
14806
14807
14808
14809
14810
14811
14812
14813
14814
14815
14816
14817
14818
14819
14820
14821
14822
14823
14824
14825
14826
14827
14828
14829
14830
14831
14832
14833
14834
14835
14836
14837
14838
14839
14840
14841
14842
14843
14844
14845
14846
14847
14848
14849
14850
14851
14852
14853
14854
14855
14856
14857
14858
14859
14860
14861
14862
14863
14864
14865
14866
14867
14868
14869
14870
14871
14872
14873
14874
14875
14876
14877
14878
14879
14880
14881
14882
14883
14884
14885
14886
14887
14888
14889
14890
14891
14892
14893
14894
14895
14896
14897
14898
14899
14900
14901
14902
14903
14904
14905
14906
14907
14908
14909
14910
14911
14912
14913
14914
14915
14916
14917
14918
14919
14920
14921
14922
14923
14924
14925
14926
14927
14928
14929
14930
14931
14932
14933
14934
14935
14936
14937
14938
14939
14940
14941
14942
14943
14944
14945
14946
14947
14948
14949
14950
14951
14952
14953
14954
14955
14956
14957
14958
14959
14960
14961
14962
14963
14964
14965
14966
14967
14968
14969
14970
14971
14972
14973
14974
14975
14976
14977
14978
14979
14980
14981
14982
14983
14984
14985
14986
14987
14988
14989
14990
14991
14992
14993
14994
14995
14996
14997
14998
14999
15000
15001
15002
15003
15004
15005
15006
15007
15008
15009
15010
15011
15012
15013
15014
15015
15016
15017
15018
15019
15020
15021
15022
15023
15024
15025
15026
15027
15028
15029
15030
15031
15032
15033
15034
15035
15036
15037
15038
15039
15040
15041
15042
15043
15044
15045
15046
15047
15048
15049
15050
15051
15052
15053
15054
15055
15056
15057
15058
15059
15060
15061
15062
15063
15064
15065
15066
15067
15068
15069
15070
15071
15072
15073
15074
15075
15076
15077
15078
15079
15080
15081
15082
15083
15084
15085
15086
15087
15088
15089
15090
15091
15092
15093
15094
15095
15096
15097
15098
15099
15100
15101
15102
15103
15104
15105
15106
15107
15108
15109
15110
15111
15112
15113
15114
15115
15116
15117
15118
15119
15120
15121
15122
15123
15124
15125
15126
15127
15128
15129
15130
15131
15132
15133
15134
15135
15136
15137
15138
15139
15140
15141
15142
15143
15144
15145
15146
15147
15148
15149
15150
15151
15152
15153
15154
15155
15156
15157
15158
15159
15160
15161
15162
15163
15164
15165
15166
15167
15168
15169
15170
15171
15172
15173
15174
15175
15176
15177
15178
15179
15180
15181
15182
15183
15184
15185
15186
15187
15188
15189
15190
15191
15192
15193
15194
15195
15196
15197
15198
15199
15200
15201
15202
15203
15204
15205
15206
15207
15208
15209
15210
15211
15212
15213
15214
15215
15216
15217
15218
15219
15220
15221
15222
15223
15224
15225
15226
15227
15228
15229
15230
15231
15232
15233
15234
15235
15236
15237
15238
15239
15240
15241
15242
15243
15244
15245
15246
15247
15248
15249
15250
15251
15252
15253
15254
15255
15256
15257
15258
15259
15260
15261
15262
15263
15264
15265
15266
15267
15268
15269
15270
15271
15272
15273
15274
15275
15276
15277
15278
15279
15280
15281
15282
15283
15284
15285
15286
15287
15288
15289
15290
15291
15292
15293
15294
15295
15296
15297
15298
15299
15300
15301
15302
15303
15304
15305
15306
15307
15308
15309
15310
15311
15312
15313
15314
15315
15316
15317
15318
15319
15320
15321
15322
15323
15324
15325
15326
15327
15328
15329
15330
15331
15332
15333
15334
15335
15336
15337
15338
15339
15340
15341
15342
15343
15344
15345
15346
15347
15348
15349
15350
15351
15352
15353
15354
15355
15356
15357
15358
15359
15360
15361
15362
15363
15364
15365
15366
15367
15368
15369
15370
15371
15372
15373
15374
15375
15376
15377
15378
15379
15380
15381
15382
15383
15384
15385
15386
15387
15388
15389
15390
15391
15392
15393
15394
15395
15396
15397
15398
15399
15400
15401
15402
15403
15404
15405
15406
15407
15408
15409
15410
15411
15412
15413
15414
15415
15416
15417
15418
15419
15420
15421
15422
15423
15424
15425
15426
15427
15428
15429
15430
15431
15432
15433
15434
15435
15436
15437
15438
15439
15440
15441
15442
15443
15444
15445
15446
15447
15448
15449
15450
15451
15452
15453
15454
15455
15456
15457
15458
15459
15460
15461
15462
15463
15464
15465
15466
15467
15468
15469
15470
15471
15472
15473
15474
15475
15476
15477
15478
15479
15480
15481
15482
15483
15484
15485
15486
15487
15488
15489
15490
15491
15492
15493
15494
15495
15496
15497
15498
15499
15500
15501
15502
15503
15504
15505
15506
15507
15508
15509
15510
15511
15512
15513
15514
15515
15516
15517
15518
15519
15520
15521
15522
15523
15524
15525
15526
15527
15528
15529
15530
15531
15532
15533
15534
15535
15536
15537
15538
15539
15540
15541
15542
15543
15544
15545
15546
15547
15548
15549
15550
15551
15552
15553
15554
15555
15556
15557
15558
15559
15560
15561
15562
15563
15564
15565
15566
15567
15568
15569
15570
15571
15572
15573
15574
15575
15576
15577
15578
15579
15580
15581
15582
15583
15584
15585
15586
15587
15588
15589
15590
15591
15592
15593
15594
15595
15596
15597
15598
15599
15600
15601
15602
15603
15604
15605
15606
15607
15608
15609
15610
15611
15612
15613
15614
15615
15616
15617
15618
15619
15620
15621
15622
15623
15624
15625
15626
15627
15628
15629
15630
15631
15632
15633
15634
15635
15636
15637
15638
15639
15640
15641
15642
15643
15644
15645
15646
15647
15648
15649
15650
15651
15652
15653
15654
15655
15656
15657
15658
15659
15660
15661
15662
15663
15664
15665
15666
15667
15668
15669
15670
15671
15672
15673
15674
15675
15676
15677
15678
15679
15680
15681
15682
15683
15684
15685
15686
15687
15688
15689
15690
15691
15692
15693
15694
15695
15696
15697
15698
15699
15700
15701
15702
15703
15704
15705
15706
15707
15708
15709
15710
15711
15712
15713
15714
15715
15716
15717
15718
15719
15720
15721
15722
15723
15724
15725
15726
15727
15728
15729
15730
15731
15732
15733
15734
15735
15736
15737
15738
15739
15740
15741
15742
15743
15744
15745
15746
15747
15748
15749
15750
15751
15752
15753
15754
15755
15756
15757
15758
15759
15760
15761
15762
15763
15764
15765
15766
15767
15768
15769
15770
15771
15772
15773
15774
15775
15776
15777
15778
15779
15780
15781
15782
15783
15784
15785
15786
15787
15788
15789
15790
15791
15792
15793
15794
15795
15796
15797
15798
15799
15800
15801
15802
15803
15804
15805
15806
15807
15808
15809
15810
15811
15812
15813
15814
15815
15816
15817
15818
15819
15820
15821
15822
15823
15824
15825
15826
15827
15828
15829
15830
15831
15832
15833
15834
15835
15836
15837
15838
15839
15840
15841
15842
15843
15844
15845
15846
15847
15848
15849
15850
15851
15852
15853
15854
15855
15856
15857
15858
15859
15860
15861
15862
15863
15864
15865
15866
15867
15868
15869
15870
15871
15872
15873
15874
15875
15876
15877
15878
15879
15880
15881
15882
15883
15884
15885
15886
15887
15888
15889
15890
15891
15892
15893
15894
15895
15896
15897
15898
15899
15900
15901
15902
15903
15904
15905
15906
15907
15908
15909
15910
15911
15912
15913
15914
15915
15916
15917
15918
15919
15920
15921
15922
15923
15924
15925
15926
15927
15928
15929
15930
15931
15932
15933
15934
15935
15936
15937
15938
15939
15940
15941
15942
15943
15944
15945
15946
15947
15948
15949
15950
15951
15952
15953
15954
15955
15956
15957
15958
15959
15960
15961
15962
15963
15964
15965
15966
15967
15968
15969
15970
15971
15972
15973
15974
15975
15976
15977
15978
15979
15980
15981
15982
15983
15984
15985
15986
15987
15988
15989
15990
15991
15992
15993
15994
15995
15996
15997
15998
15999
16000
16001
16002
16003
16004
16005
16006
16007
16008
16009
16010
16011
16012
16013
16014
16015
16016
16017
16018
16019
16020
16021
16022
16023
16024
16025
16026
16027
16028
16029
16030
16031
16032
16033
16034
16035
16036
16037
16038
16039
16040
16041
16042
16043
16044
16045
16046
16047
16048
16049
16050
16051
16052
16053
16054
16055
16056
16057
16058
16059
16060
16061
16062
16063
16064
16065
16066
16067
16068
16069
16070
16071
16072
16073
16074
16075
16076
16077
16078
16079
16080
16081
16082
16083
16084
16085
16086
16087
16088
16089
16090
16091
16092
16093
16094
16095
16096
16097
16098
16099
16100
16101
16102
16103
16104
16105
16106
16107
16108
16109
16110
16111
16112
16113
16114
16115
16116
16117
16118
16119
16120
16121
16122
16123
16124
16125
16126
16127
16128
16129
16130
16131
16132
16133
16134
16135
16136
16137
16138
16139
16140
16141
16142
16143
16144
16145
16146
16147
16148
16149
16150
16151
16152
16153
16154
16155
16156
16157
16158
16159
16160
16161
16162
16163
16164
16165
16166
16167
16168
16169
16170
16171
16172
16173
16174
16175
16176
16177
16178
16179
16180
16181
16182
16183
16184
16185
16186
16187
16188
16189
16190
16191
16192
16193
16194
16195
16196
16197
16198
16199
16200
16201
16202
16203
16204
16205
16206
16207
16208
16209
16210
16211
16212
16213
16214
16215
16216
16217
16218
16219
16220
16221
16222
16223
16224
16225
16226
16227
16228
16229
16230
16231
16232
16233
16234
16235
16236
16237
16238
16239
16240
16241
16242
16243
16244
16245
16246
16247
16248
16249
16250
16251
16252
16253
16254
16255
16256
16257
16258
16259
16260
16261
16262
16263
16264
16265
16266
16267
16268
16269
16270
16271
16272
16273
16274
16275
16276
16277
16278
16279
16280
16281
16282
16283
16284
16285
16286
16287
16288
16289
16290
16291
16292
16293
16294
16295
16296
16297
16298
16299
16300
16301
16302
16303
16304
16305
16306
16307
16308
16309
16310
16311
16312
16313
16314
16315
16316
16317
16318
16319
16320
16321
16322
16323
16324
16325
16326
16327
16328
16329
16330
16331
16332
16333
16334
16335
16336
16337
16338
16339
16340
16341
16342
16343
16344
16345
16346
16347
16348
16349
16350
16351
16352
16353
16354
16355
16356
16357
16358
16359
16360
16361
16362
16363
16364
16365
16366
16367
16368
16369
16370
16371
16372
16373
16374
16375
16376
16377
16378
16379
16380
16381
16382
16383
16384
16385
16386
16387
16388
16389
16390
16391
16392
16393
16394
16395
16396
16397
16398
16399
16400
16401
16402
16403
16404
16405
16406
16407
16408
16409
16410
16411
16412
16413
16414
16415
16416
16417
16418
16419
16420
16421
16422
16423
16424
16425
16426
16427
16428
16429
16430
16431
16432
16433
16434
16435
16436
16437
16438
16439
16440
16441
16442
16443
16444
16445
16446
16447
16448
16449
16450
16451
16452
16453
16454
16455
16456
16457
16458
16459
16460
16461
16462
16463
16464
16465
16466
16467
16468
16469
16470
16471
16472
16473
16474
16475
16476
16477
16478
16479
16480
16481
16482
16483
16484
16485
16486
16487
16488
16489
16490
16491
16492
16493
16494
16495
16496
16497
16498
16499
16500
16501
16502
16503
16504
16505
16506
16507
16508
16509
16510
16511
16512
16513
16514
16515
16516
16517
16518
16519
16520
16521
16522
16523
16524
16525
16526
16527
16528
16529
16530
16531
16532
16533
16534
16535
16536
16537
16538
16539
16540
16541
16542
16543
16544
16545
16546
16547
16548
16549
16550
16551
16552
16553
16554
16555
16556
16557
16558
16559
16560
16561
16562
16563
16564
16565
16566
16567
16568
16569
16570
16571
16572
16573
16574
16575
16576
16577
16578
16579
16580
16581
16582
16583
16584
16585
16586
16587
16588
16589
16590
16591
16592
16593
16594
16595
16596
16597
16598
16599
16600
16601
16602
16603
16604
16605
16606
16607
16608
16609
16610
16611
16612
16613
16614
16615
16616
16617
16618
16619
16620
16621
16622
16623
16624
16625
16626
16627
16628
16629
16630
16631
16632
16633
16634
16635
16636
16637
16638
16639
16640
16641
16642
16643
16644
16645
16646
16647
16648
16649
16650
16651
16652
16653
16654
16655
16656
16657
16658
16659
16660
16661
16662
16663
16664
16665
16666
16667
16668
16669
16670
16671
16672
16673
16674
16675
16676
16677
16678
16679
16680
16681
16682
16683
16684
16685
16686
16687
16688
16689
16690
16691
16692
16693
16694
16695
16696
16697
16698
16699
16700
16701
16702
16703
16704
16705
16706
16707
16708
16709
16710
16711
16712
16713
16714
16715
16716
16717
16718
16719
16720
16721
16722
16723
16724
16725
16726
16727
16728
16729
16730
16731
16732
16733
16734
16735
16736
16737
16738
16739
16740
16741
16742
16743
16744
16745
16746
16747
16748
16749
16750
16751
16752
16753
16754
16755
16756
16757
16758
16759
16760
16761
16762
16763
16764
16765
16766
16767
16768
16769
16770
16771
16772
16773
16774
16775
16776
16777
16778
16779
16780
16781
16782
16783
16784
16785
16786
16787
16788
16789
16790
16791
16792
16793
16794
16795
16796
16797
16798
16799
16800
16801
16802
16803
16804
16805
16806
16807
16808
16809
16810
16811
16812
16813
16814
16815
16816
16817
16818
16819
16820
16821
16822
16823
16824
16825
16826
16827
16828
16829
16830
16831
16832
16833
16834
16835
16836
16837
16838
16839
16840
16841
16842
16843
16844
16845
16846
16847
16848
16849
16850
16851
16852
16853
16854
16855
16856
16857
16858
16859
16860
16861
16862
16863
16864
16865
16866
16867
16868
16869
16870
16871
16872
16873
16874
16875
16876
16877
16878
16879
16880
16881
16882
16883
16884
16885
16886
16887
16888
16889
16890
16891
16892
16893
16894
16895
16896
16897
16898
16899
16900
16901
16902
16903
16904
16905
16906
16907
16908
16909
16910
16911
16912
16913
16914
16915
16916
16917
16918
16919
16920
16921
16922
16923
16924
16925
16926
16927
16928
16929
16930
16931
16932
16933
16934
16935
16936
16937
16938
16939
16940
16941
16942
16943
16944
16945
16946
16947
16948
16949
16950
16951
16952
16953
16954
16955
16956
16957
16958
16959
16960
16961
16962
16963
16964
16965
16966
16967
16968
16969
16970
16971
16972
16973
16974
16975
16976
16977
16978
16979
16980
16981
16982
16983
16984
16985
16986
16987
16988
16989
16990
16991
16992
16993
16994
16995
16996
16997
16998
16999
17000
17001
17002
17003
17004
17005
17006
17007
17008
17009
17010
17011
17012
17013
17014
17015
17016
17017
17018
17019
17020
17021
17022
17023
17024
17025
17026
17027
17028
17029
17030
17031
17032
17033
17034
17035
17036
17037
17038
17039
17040
17041
17042
17043
17044
17045
17046
17047
17048
17049
17050
17051
17052
17053
17054
17055
17056
17057
17058
17059
17060
17061
17062
17063
17064
17065
17066
17067
17068
17069
17070
17071
17072
17073
17074
17075
17076
17077
17078
17079
17080
17081
17082
17083
17084
17085
17086
17087
17088
17089
17090
17091
17092
17093
17094
17095
17096
17097
17098
17099
17100
17101
17102
17103
17104
17105
17106
17107
17108
17109
17110
17111
17112
17113
17114
17115
17116
17117
17118
17119
17120
17121
17122
17123
17124
17125
17126
17127
17128
17129
17130
17131
17132
17133
17134
17135
17136
17137
17138
17139
17140
17141
17142
17143
17144
17145
17146
17147
17148
17149
17150
17151
17152
17153
17154
17155
17156
17157
17158
17159
17160
17161
17162
17163
17164
17165
17166
17167
17168
17169
17170
17171
17172
17173
17174
17175
17176
17177
17178
17179
17180
17181
17182
17183
17184
17185
17186
17187
17188
17189
17190
17191
17192
17193
17194
17195
17196
17197
17198
17199
17200
17201
17202
17203
17204
17205
17206
17207
17208
17209
17210
17211
17212
17213
17214
17215
17216
17217
17218
17219
17220
17221
17222
17223
17224
17225
17226
17227
17228
17229
17230
17231
17232
17233
17234
17235
17236
17237
17238
17239
17240
17241
17242
17243
17244
17245
17246
17247
17248
17249
17250
17251
17252
17253
17254
17255
17256
17257
17258
17259
17260
17261
17262
17263
17264
17265
17266
17267
17268
17269
17270
17271
17272
17273
17274
17275
17276
17277
17278
17279
17280
17281
17282
17283
17284
17285
17286
17287
17288
17289
17290
17291
17292
17293
17294
17295
17296
17297
17298
17299
17300
17301
17302
17303
17304
17305
17306
17307
17308
17309
17310
17311
17312
17313
17314
17315
17316
17317
17318
17319
17320
17321
17322
17323
17324
17325
17326
17327
17328
17329
17330
17331
17332
17333
17334
17335
17336
17337
17338
17339
17340
17341
17342
17343
17344
17345
17346
17347
17348
17349
17350
17351
17352
17353
17354
17355
17356
17357
17358
17359
17360
17361
17362
17363
17364
17365
17366
17367
17368
17369
17370
17371
17372
17373
17374
17375
17376
17377
17378
17379
17380
17381
17382
17383
17384
17385
17386
17387
17388
17389
17390
17391
17392
17393
17394
17395
17396
17397
17398
17399
17400
17401
17402
17403
17404
17405
17406
17407
17408
17409
17410
17411
17412
17413
17414
17415
17416
17417
17418
17419
17420
17421
17422
17423
17424
17425
17426
17427
17428
17429
17430
17431
17432
17433
17434
17435
17436
17437
17438
17439
17440
17441
17442
17443
17444
17445
17446
17447
17448
17449
17450
17451
17452
17453
17454
17455
17456
17457
17458
17459
17460
17461
17462
17463
17464
17465
17466
17467
17468
17469
17470
17471
17472
17473
17474
17475
17476
17477
17478
17479
17480
17481
17482
17483
17484
17485
17486
17487
17488
17489
17490
17491
17492
17493
17494
17495
17496
17497
17498
17499
17500
17501
17502
17503
17504
17505
17506
17507
17508
17509
17510
17511
17512
17513
17514
17515
17516
17517
17518
17519
17520
17521
17522
17523
17524
17525
17526
17527
17528
17529
17530
17531
17532
17533
17534
17535
17536
17537
17538
17539
17540
17541
17542
17543
17544
17545
17546
17547
17548
17549
17550
17551
17552
17553
17554
17555
17556
17557
17558
17559
17560
17561
17562
17563
17564
17565
17566
17567
17568
17569
17570
17571
17572
17573
17574
17575
17576
17577
17578
17579
17580
17581
17582
17583
17584
17585
17586
17587
17588
17589
17590
17591
17592
17593
17594
17595
17596
17597
17598
17599
17600
17601
17602
17603
17604
17605
17606
17607
17608
17609
17610
17611
17612
17613
17614
17615
17616
17617
17618
17619
17620
17621
17622
17623
17624
17625
17626
17627
17628
17629
17630
17631
17632
17633
17634
17635
17636
17637
17638
17639
17640
17641
17642
17643
17644
17645
17646
17647
17648
17649
17650
17651
17652
17653
17654
17655
17656
17657
17658
17659
17660
17661
17662
17663
17664
17665
17666
17667
17668
17669
17670
17671
17672
17673
17674
17675
17676
17677
17678
17679
17680
17681
17682
17683
17684
17685
17686
17687
17688
17689
17690
17691
17692
17693
17694
17695
17696
17697
17698
17699
17700
17701
17702
17703
17704
17705
17706
17707
17708
17709
17710
17711
17712
17713
17714
17715
17716
17717
17718
17719
17720
17721
17722
17723
17724
17725
17726
17727
17728
17729
17730
17731
17732
17733
17734
17735
17736
17737
17738
17739
17740
17741
17742
17743
17744
17745
17746
17747
17748
17749
17750
17751
17752
17753
17754
17755
17756
17757
17758
17759
17760
17761
17762
17763
17764
17765
17766
17767
17768
17769
17770
17771
17772
17773
17774
17775
17776
17777
17778
17779
17780
17781
17782
17783
17784
17785
17786
17787
17788
17789
17790
17791
17792
17793
17794
17795
17796
17797
17798
17799
17800
17801
17802
17803
17804
17805
17806
17807
17808
17809
17810
17811
17812
17813
17814
17815
17816
17817
17818
17819
17820
17821
17822
17823
17824
17825
17826
17827
17828
17829
17830
17831
17832
17833
17834
17835
17836
17837
17838
17839
17840
17841
17842
17843
17844
17845
17846
17847
17848
17849
17850
17851
17852
17853
17854
17855
17856
17857
17858
17859
17860
17861
17862
17863
17864
17865
17866
17867
17868
17869
17870
17871
17872
17873
17874
17875
17876
17877
17878
17879
17880
17881
17882
17883
17884
17885
17886
17887
17888
17889
17890
17891
17892
17893
17894
17895
17896
17897
17898
17899
17900
17901
17902
17903
17904
17905
17906
17907
17908
17909
17910
17911
17912
17913
17914
17915
17916
17917
17918
17919
17920
17921
17922
17923
17924
17925
17926
17927
17928
17929
17930
17931
17932
17933
17934
17935
17936
17937
17938
17939
17940
17941
17942
17943
17944
17945
17946
17947
17948
17949
17950
17951
17952
17953
17954
17955
17956
17957
17958
17959
17960
17961
17962
17963
17964
17965
17966
17967
17968
17969
17970
17971
17972
17973
17974
17975
17976
17977
17978
17979
17980
17981
17982
17983
17984
17985
17986
17987
17988
17989
17990
17991
17992
17993
17994
17995
17996
17997
17998
17999
18000
18001
18002
18003
18004
18005
18006
18007
18008
18009
18010
18011
18012
18013
18014
18015
18016
18017
18018
18019
18020
18021
18022
18023
18024
18025
18026
18027
18028
18029
18030
18031
18032
18033
18034
18035
18036
18037
18038
18039
18040
18041
18042
18043
18044
18045
18046
18047
18048
18049
18050
18051
18052
18053
18054
18055
18056
18057
18058
18059
18060
18061
18062
18063
18064
18065
18066
18067
18068
18069
18070
18071
18072
18073
18074
18075
18076
18077
18078
18079
18080
18081
18082
18083
18084
18085
18086
18087
18088
18089
18090
18091
18092
18093
18094
18095
18096
18097
18098
18099
18100
18101
18102
18103
18104
18105
18106
18107
18108
18109
18110
18111
18112
18113
18114
18115
18116
18117
18118
18119
18120
18121
18122
18123
18124
18125
18126
18127
18128
18129
18130
18131
18132
18133
18134
18135
18136
18137
18138
18139
18140
18141
18142
18143
18144
18145
18146
18147
18148
18149
18150
18151
18152
18153
18154
18155
18156
18157
18158
18159
18160
18161
18162
18163
18164
18165
18166
18167
18168
18169
18170
18171
18172
18173
18174
18175
18176
18177
18178
18179
18180
18181
18182
18183
18184
18185
18186
18187
18188
18189
18190
18191
18192
18193
18194
18195
18196
18197
18198
18199
18200
18201
18202
18203
18204
18205
18206
18207
18208
18209
18210
18211
18212
18213
18214
18215
18216
18217
18218
18219
18220
18221
18222
18223
18224
18225
18226
18227
18228
18229
18230
18231
18232
18233
18234
18235
18236
18237
18238
18239
18240
18241
18242
18243
18244
18245
18246
18247
18248
18249
18250
18251
18252
18253
18254
18255
18256
18257
18258
18259
18260
18261
18262
18263
18264
18265
18266
18267
18268
18269
18270
18271
18272
18273
18274
18275
18276
18277
18278
18279
18280
18281
18282
18283
18284
18285
18286
18287
18288
18289
18290
18291
18292
18293
18294
18295
18296
18297
18298
18299
18300
18301
18302
18303
18304
18305
18306
18307
18308
18309
18310
18311
18312
18313
18314
18315
18316
18317
18318
18319
18320
18321
18322
18323
18324
18325
18326
18327
18328
18329
18330
18331
18332
18333
18334
18335
18336
18337
18338
18339
18340
18341
18342
18343
18344
18345
18346
18347
18348
18349
18350
18351
18352
18353
18354
18355
18356
18357
18358
18359
18360
18361
18362
18363
18364
18365
18366
18367
18368
18369
18370
18371
18372
18373
18374
18375
18376
18377
18378
18379
18380
18381
18382
18383
18384
18385
18386
18387
18388
18389
18390
18391
18392
18393
18394
18395
18396
18397
18398
18399
18400
18401
18402
18403
18404
18405
18406
18407
18408
18409
18410
18411
18412
18413
18414
18415
18416
18417
18418
18419
18420
18421
18422
18423
18424
18425
18426
18427
18428
18429
18430
18431
18432
18433
18434
18435
18436
18437
18438
18439
18440
18441
18442
18443
18444
18445
18446
18447
18448
18449
18450
18451
18452
18453
18454
18455
18456
18457
18458
18459
18460
18461
18462
18463
18464
18465
18466
18467
18468
18469
18470
18471
18472
18473
18474
18475
18476
18477
18478
18479
18480
18481
18482
18483
18484
18485
18486
18487
18488
18489
18490
18491
18492
18493
18494
18495
18496
18497
18498
18499
18500
18501
18502
18503
18504
18505
18506
18507
18508
18509
18510
18511
18512
18513
18514
18515
18516
18517
18518
18519
18520
18521
18522
18523
18524
18525
18526
18527
18528
18529
18530
18531
18532
18533
18534
18535
18536
18537
18538
18539
18540
18541
18542
18543
18544
18545
18546
18547
18548
18549
18550
18551
18552
18553
18554
18555
18556
18557
18558
18559
18560
18561
18562
18563
18564
18565
18566
18567
18568
18569
18570
18571
18572
18573
18574
18575
18576
18577
18578
18579
18580
18581
18582
18583
18584
18585
18586
18587
18588
18589
18590
18591
18592
18593
18594
18595
18596
18597
18598
18599
18600
18601
18602
18603
18604
18605
18606
18607
18608
18609
18610
18611
18612
18613
18614
18615
18616
18617
18618
18619
18620
18621
18622
18623
18624
18625
18626
18627
18628
18629
18630
18631
18632
18633
18634
18635
18636
18637
18638
18639
18640
18641
18642
18643
18644
18645
18646
18647
18648
18649
18650
18651
18652
18653
18654
18655
18656
18657
18658
18659
18660
18661
18662
18663
18664
18665
18666
18667
18668
18669
18670
18671
18672
18673
18674
18675
18676
18677
18678
18679
18680
18681
18682
18683
18684
18685
18686
18687
18688
18689
18690
18691
18692
18693
18694
18695
18696
18697
18698
18699
18700
18701
18702
18703
18704
18705
18706
18707
18708
18709
18710
18711
18712
18713
18714
18715
18716
18717
18718
18719
18720
18721
18722
18723
18724
18725
18726
18727
18728
18729
18730
18731
18732
18733
18734
18735
18736
18737
18738
18739
18740
18741
18742
18743
18744
18745
18746
18747
18748
18749
18750
18751
18752
18753
18754
18755
18756
18757
18758
18759
18760
18761
18762
18763
18764
18765
18766
18767
18768
18769
18770
18771
18772
18773
18774
18775
18776
18777
18778
18779
18780
18781
18782
18783
18784
18785
18786
18787
18788
18789
18790
18791
18792
18793
18794
18795
18796
18797
18798
18799
18800
18801
18802
18803
18804
18805
18806
18807
18808
18809
18810
18811
18812
18813
18814
18815
18816
18817
18818
18819
18820
18821
18822
18823
18824
18825
18826
18827
18828
18829
18830
18831
18832
18833
18834
18835
18836
18837
18838
18839
18840
18841
18842
18843
18844
18845
18846
18847
18848
18849
18850
18851
18852
18853
18854
18855
18856
18857
18858
18859
18860
18861
18862
18863
18864
18865
18866
18867
18868
18869
18870
18871
18872
18873
18874
18875
18876
18877
18878
18879
18880
18881
18882
18883
18884
18885
18886
18887
18888
18889
18890
18891
18892
18893
18894
18895
18896
18897
18898
18899
18900
18901
18902
18903
18904
18905
18906
18907
18908
18909
18910
18911
18912
18913
18914
18915
18916
18917
18918
18919
18920
18921
18922
18923
18924
18925
18926
18927
18928
18929
18930
18931
18932
18933
18934
18935
18936
18937
18938
18939
18940
18941
18942
18943
18944
18945
18946
18947
18948
18949
18950
18951
18952
18953
18954
18955
18956
18957
18958
18959
18960
18961
18962
18963
18964
18965
18966
18967
18968
18969
18970
18971
18972
18973
18974
18975
18976
18977
18978
18979
18980
18981
18982
18983
18984
18985
18986
18987
18988
18989
18990
18991
18992
18993
18994
18995
18996
18997
18998
18999
19000
19001
19002
19003
19004
19005
19006
19007
19008
19009
19010
19011
19012
19013
19014
19015
19016
19017
19018
19019
19020
19021
19022
19023
19024
19025
19026
19027
19028
19029
19030
19031
19032
19033
19034
19035
19036
19037
19038
19039
19040
19041
19042
19043
19044
19045
19046
19047
19048
19049
19050
19051
19052
19053
19054
19055
19056
19057
19058
19059
19060
19061
19062
19063
19064
19065
19066
19067
19068
19069
19070
19071
19072
19073
19074
19075
19076
19077
19078
19079
19080
19081
19082
19083
19084
19085
19086
19087
19088
19089
19090
19091
19092
19093
19094
19095
19096
19097
19098
19099
19100
19101
19102
19103
19104
19105
19106
19107
19108
19109
19110
19111
19112
19113
19114
19115
19116
19117
19118
19119
19120
19121
19122
19123
19124
19125
19126
19127
19128
19129
19130
19131
19132
19133
19134
19135
19136
19137
19138
19139
19140
19141
19142
19143
19144
19145
19146
19147
19148
19149
19150
19151
19152
19153
19154
19155
19156
19157
19158
19159
19160
19161
19162
19163
19164
19165
19166
19167
19168
19169
19170
19171
19172
19173
19174
19175
19176
19177
19178
19179
19180
19181
19182
19183
19184
19185
19186
19187
19188
19189
19190
19191
19192
19193
19194
19195
19196
19197
19198
19199
19200
19201
19202
19203
19204
19205
19206
19207
19208
19209
19210
19211
19212
19213
19214
19215
19216
19217
19218
19219
19220
19221
19222
19223
19224
19225
19226
19227
19228
19229
19230
19231
19232
19233
19234
19235
19236
19237
19238
19239
19240
19241
19242
19243
19244
19245
19246
19247
19248
19249
19250
19251
19252
19253
19254
19255
19256
19257
19258
19259
19260
19261
19262
19263
19264
19265
19266
19267
19268
19269
19270
19271
19272
19273
19274
19275
19276
19277
19278
19279
19280
19281
19282
19283
19284
19285
19286
19287
19288
19289
19290
19291
19292
19293
19294
19295
19296
19297
19298
19299
19300
19301
19302
19303
19304
19305
19306
19307
19308
19309
19310
19311
19312
19313
19314
19315
19316
19317
19318
19319
19320
19321
19322
19323
19324
19325
19326
19327
19328
19329
19330
19331
19332
19333
19334
19335
19336
19337
19338
19339
19340
19341
19342
19343
19344
19345
19346
19347
19348
19349
19350
19351
19352
19353
19354
19355
19356
19357
19358
19359
19360
19361
19362
19363
19364
19365
19366
19367
19368
19369
19370
19371
19372
19373
19374
19375
19376
19377
19378
19379
19380
19381
19382
19383
19384
19385
19386
19387
19388
19389
19390
19391
19392
19393
19394
19395
19396
19397
19398
19399
19400
19401
19402
19403
19404
19405
19406
19407
19408
19409
19410
19411
19412
19413
19414
19415
19416
19417
19418
19419
19420
19421
19422
19423
19424
19425
19426
19427
19428
19429
19430
19431
19432
19433
19434
19435
19436
19437
19438
19439
19440
19441
19442
19443
19444
19445
19446
19447
19448
19449
19450
19451
19452
19453
19454
19455
19456
19457
19458
19459
19460
19461
19462
19463
19464
19465
19466
19467
19468
19469
19470
19471
19472
19473
19474
19475
19476
19477
19478
19479
19480
19481
19482
19483
19484
19485
19486
19487
19488
19489
19490
19491
19492
19493
19494
19495
19496
19497
19498
19499
19500
19501
19502
19503
19504
19505
19506
19507
19508
19509
19510
19511
19512
19513
19514
19515
19516
19517
19518
19519
19520
19521
19522
19523
19524
19525
19526
19527
19528
19529
19530
19531
19532
19533
19534
19535
19536
19537
19538
19539
19540
19541
19542
19543
19544
19545
19546
19547
19548
19549
19550
19551
19552
19553
19554
19555
19556
19557
19558
19559
19560
19561
19562
19563
19564
19565
19566
19567
19568
19569
19570
19571
19572
19573
19574
19575
19576
19577
19578
19579
19580
19581
19582
19583
19584
19585
19586
19587
19588
19589
19590
19591
19592
19593
19594
19595
19596
19597
19598
19599
19600
19601
19602
19603
19604
19605
19606
19607
19608
19609
19610
19611
19612
19613
19614
19615
19616
19617
19618
19619
19620
19621
19622
19623
19624
19625
19626
19627
19628
19629
19630
19631
19632
19633
19634
19635
19636
19637
19638
19639
19640
19641
19642
19643
19644
19645
19646
19647
19648
19649
19650
19651
19652
19653
19654
19655
19656
19657
19658
19659
19660
19661
19662
19663
19664
19665
19666
19667
19668
19669
19670
19671
19672
19673
19674
19675
19676
19677
19678
19679
19680
19681
19682
19683
19684
19685
19686
19687
19688
19689
19690
19691
19692
19693
19694
19695
19696
19697
19698
19699
19700
19701
19702
19703
19704
19705
19706
19707
19708
19709
19710
19711
19712
19713
19714
19715
19716
19717
19718
19719
19720
19721
19722
19723
19724
19725
19726
19727
19728
19729
19730
19731
19732
19733
19734
19735
19736
19737
19738
19739
19740
19741
19742
19743
19744
19745
19746
19747
19748
19749
19750
19751
19752
19753
19754
19755
19756
19757
19758
19759
19760
19761
19762
19763
19764
19765
19766
19767
19768
19769
19770
19771
19772
19773
19774
19775
19776
19777
19778
19779
19780
19781
19782
19783
19784
19785
19786
19787
19788
19789
19790
19791
19792
19793
19794
19795
19796
19797
19798
19799
19800
19801
19802
19803
19804
19805
19806
19807
19808
19809
19810
19811
19812
19813
19814
19815
19816
19817
19818
19819
19820
19821
19822
19823
19824
19825
19826
19827
19828
19829
19830
19831
19832
19833
19834
19835
19836
19837
19838
19839
19840
19841
19842
19843
19844
19845
19846
19847
19848
19849
19850
19851
19852
19853
19854
19855
19856
19857
19858
19859
19860
19861
19862
19863
19864
19865
19866
19867
19868
19869
19870
19871
19872
19873
19874
19875
19876
19877
19878
19879
19880
19881
19882
19883
19884
19885
19886
19887
19888
19889
19890
19891
19892
19893
19894
19895
19896
19897
19898
19899
19900
19901
19902
19903
19904
19905
19906
19907
19908
19909
19910
19911
19912
19913
19914
19915
19916
19917
19918
19919
19920
19921
19922
19923
19924
19925
19926
19927
19928
19929
19930
19931
19932
19933
19934
19935
19936
19937
19938
19939
19940
19941
19942
19943
19944
19945
19946
19947
19948
19949
19950
19951
19952
19953
19954
19955
19956
19957
19958
19959
19960
19961
19962
19963
19964
19965
19966
19967
19968
19969
19970
19971
19972
19973
19974
19975
19976
19977
19978
19979
19980
19981
19982
19983
19984
19985
19986
19987
19988
19989
19990
19991
19992
19993
19994
19995
19996
19997
19998
19999
20000
20001
20002
20003
20004
20005
20006
20007
20008
20009
20010
20011
20012
20013
20014
20015
20016
20017
20018
20019
20020
20021
20022
20023
20024
20025
20026
20027
20028
20029
20030
20031
20032
20033
20034
20035
20036
20037
20038
20039
20040
20041
20042
20043
20044
20045
20046
20047
20048
20049
20050
20051
20052
20053
20054
20055
20056
20057
20058
20059
20060
20061
20062
20063
20064
20065
20066
20067
20068
20069
20070
20071
20072
20073
20074
20075
20076
20077
20078
20079
20080
20081
20082
20083
20084
20085
20086
20087
20088
20089
20090
20091
20092
20093
20094
20095
20096
20097
20098
20099
20100
20101
20102
20103
20104
20105
20106
20107
20108
20109
20110
20111
20112
20113
20114
20115
20116
20117
20118
20119
20120
20121
20122
20123
20124
20125
20126
20127
20128
20129
20130
20131
20132
20133
20134
20135
20136
20137
20138
20139
20140
20141
20142
20143
20144
20145
20146
20147
20148
20149
20150
20151
20152
20153
20154
20155
20156
20157
20158
20159
20160
20161
20162
20163
20164
20165
20166
20167
20168
20169
20170
20171
20172
20173
20174
20175
20176
20177
20178
20179
20180
20181
20182
20183
20184
20185
20186
20187
20188
20189
20190
20191
20192
20193
20194
20195
20196
20197
20198
20199
20200
20201
20202
20203
20204
20205
20206
20207
20208
20209
20210
20211
20212
20213
20214
20215
20216
20217
20218
20219
20220
20221
20222
20223
20224
20225
20226
20227
20228
20229
20230
20231
20232
20233
20234
20235
20236
20237
20238
20239
20240
20241
20242
20243
20244
20245
20246
20247
20248
20249
20250
20251
20252
20253
20254
20255
20256
20257
20258
20259
20260
20261
20262
20263
20264
20265
20266
20267
20268
20269
20270
20271
20272
20273
20274
20275
20276
20277
20278
20279
20280
20281
20282
20283
20284
20285
20286
20287
20288
20289
20290
20291
20292
20293
20294
20295
20296
20297
20298
20299
20300
20301
20302
20303
20304
20305
20306
20307
20308
20309
20310
20311
20312
20313
20314
20315
20316
20317
20318
20319
20320
20321
20322
20323
20324
20325
20326
20327
20328
20329
20330
20331
20332
20333
20334
20335
20336
20337
20338
20339
20340
20341
20342
20343
20344
20345
20346
20347
20348
20349
20350
20351
20352
20353
20354
20355
20356
20357
20358
20359
20360
20361
20362
20363
20364
20365
20366
20367
20368
20369
20370
20371
20372
20373
20374
20375
20376
20377
20378
20379
20380
20381
20382
20383
20384
20385
20386
20387
20388
20389
20390
20391
20392
20393
20394
20395
20396
20397
20398
20399
20400
20401
20402
20403
20404
20405
20406
20407
20408
20409
20410
20411
20412
20413
20414
20415
20416
20417
20418
20419
20420
20421
20422
20423
20424
20425
20426
20427
20428
20429
20430
20431
20432
20433
20434
20435
20436
20437
20438
20439
20440
20441
20442
20443
20444
20445
20446
20447
20448
20449
20450
20451
20452
20453
20454
20455
20456
20457
20458
20459
20460
20461
20462
20463
20464
20465
20466
20467
20468
20469
20470
20471
20472
20473
20474
20475
20476
20477
20478
20479
20480
20481
20482
20483
20484
20485
20486
20487
20488
20489
20490
20491
20492
20493
20494
20495
20496
20497
20498
20499
20500
20501
20502
20503
20504
20505
20506
20507
20508
20509
20510
20511
20512
20513
20514
20515
20516
20517
20518
20519
20520
20521
20522
20523
20524
20525
20526
20527
20528
20529
20530
20531
20532
20533
20534
20535
20536
20537
20538
20539
20540
20541
20542
20543
20544
20545
20546
20547
20548
20549
20550
20551
20552
20553
20554
20555
20556
20557
20558
20559
20560
20561
20562
20563
20564
20565
20566
20567
20568
20569
20570
20571
20572
20573
20574
20575
20576
20577
20578
20579
20580
20581
20582
20583
20584
20585
20586
20587
20588
20589
20590
20591
20592
20593
20594
20595
20596
20597
20598
20599
20600
20601
20602
20603
20604
20605
20606
20607
20608
20609
20610
20611
20612
20613
20614
20615
20616
20617
20618
20619
20620
20621
20622
20623
20624
20625
20626
20627
20628
20629
20630
20631
20632
20633
20634
20635
20636
20637
20638
20639
20640
20641
20642
20643
20644
20645
20646
20647
20648
20649
20650
20651
20652
20653
20654
20655
20656
20657
20658
20659
20660
20661
20662
20663
20664
20665
20666
20667
20668
20669
20670
20671
20672
20673
20674
20675
20676
20677
20678
20679
20680
20681
20682
20683
20684
20685
20686
20687
20688
20689
20690
20691
20692
20693
20694
20695
20696
20697
20698
20699
20700
20701
20702
20703
20704
20705
20706
20707
20708
20709
20710
20711
20712
20713
20714
20715
20716
20717
20718
20719
20720
20721
20722
20723
20724
20725
20726
20727
20728
20729
20730
20731
20732
20733
20734
20735
20736
20737
20738
20739
20740
20741
20742
20743
20744
20745
20746
20747
20748
20749
20750
20751
20752
20753
20754
20755
20756
20757
20758
20759
20760
20761
20762
20763
20764
20765
20766
20767
20768
20769
20770
20771
20772
20773
20774
20775
20776
20777
20778
20779
20780
20781
20782
20783
20784
20785
20786
20787
20788
20789
20790
20791
20792
20793
20794
20795
20796
20797
20798
20799
20800
20801
20802
20803
20804
20805
20806
20807
20808
20809
20810
20811
20812
20813
20814
20815
20816
20817
20818
20819
20820
20821
20822
20823
20824
20825
20826
20827
20828
20829
20830
20831
20832
20833
20834
20835
20836
20837
20838
20839
20840
20841
20842
20843
20844
20845
20846
20847
20848
20849
20850
20851
20852
20853
20854
20855
20856
20857
20858
20859
20860
20861
20862
20863
20864
20865
20866
20867
20868
20869
20870
20871
20872
20873
20874
20875
20876
20877
20878
20879
20880
20881
20882
20883
20884
20885
20886
20887
20888
20889
20890
20891
20892
20893
20894
20895
20896
20897
20898
20899
20900
20901
20902
20903
20904
20905
20906
20907
20908
20909
20910
20911
20912
20913
20914
20915
20916
20917
20918
20919
20920
20921
20922
20923
20924
20925
20926
20927
20928
20929
20930
20931
20932
20933
20934
20935
20936
20937
20938
20939
20940
20941
20942
20943
20944
20945
20946
20947
20948
20949
20950
20951
20952
20953
20954
20955
20956
20957
20958
20959
20960
20961
20962
20963
20964
20965
20966
20967
20968
20969
20970
20971
20972
20973
20974
20975
20976
20977
20978
20979
20980
20981
20982
20983
20984
20985
20986
20987
20988
20989
20990
20991
20992
20993
20994
20995
20996
20997
20998
20999
21000
21001
21002
21003
21004
21005
21006
21007
21008
21009
21010
21011
21012
21013
21014
21015
21016
21017
21018
21019
21020
21021
21022
21023
21024
21025
21026
21027
21028
21029
21030
21031
21032
21033
21034
21035
21036
21037
21038
21039
21040
21041
21042
21043
21044
21045
21046
21047
21048
21049
21050
21051
21052
21053
21054
21055
21056
21057
21058
21059
21060
21061
21062
21063
21064
21065
21066
21067
21068
21069
21070
21071
21072
21073
21074
21075
21076
21077
21078
21079
21080
21081
21082
21083
21084
21085
21086
21087
21088
21089
21090
21091
21092
21093
21094
21095
21096
21097
21098
21099
21100
21101
21102
21103
21104
21105
21106
21107
21108
21109
21110
21111
21112
21113
21114
21115
21116
21117
21118
21119
21120
21121
21122
21123
21124
21125
21126
21127
21128
21129
21130
21131
21132
21133
21134
21135
21136
21137
21138
21139
21140
21141
21142
21143
21144
21145
21146
21147
21148
21149
21150
21151
21152
21153
21154
21155
21156
21157
21158
21159
21160
21161
21162
21163
21164
21165
21166
21167
21168
21169
21170
21171
21172
21173
21174
21175
21176
21177
21178
21179
21180
21181
21182
21183
21184
21185
21186
21187
21188
21189
21190
21191
21192
21193
21194
21195
21196
21197
21198
21199
21200
21201
21202
21203
21204
21205
21206
21207
21208
21209
21210
21211
21212
21213
21214
21215
21216
21217
21218
21219
21220
21221
21222
21223
21224
21225
21226
21227
21228
21229
21230
21231
21232
21233
21234
21235
21236
21237
21238
21239
21240
21241
21242
21243
21244
21245
21246
21247
21248
21249
21250
21251
21252
21253
21254
21255
21256
21257
21258
21259
21260
21261
21262
21263
21264
21265
21266
21267
21268
21269
21270
21271
21272
21273
21274
21275
21276
21277
21278
21279
21280
21281
21282
21283
21284
21285
21286
21287
21288
21289
21290
21291
21292
21293
21294
21295
21296
21297
21298
21299
21300
21301
21302
21303
21304
21305
21306
21307
21308
21309
21310
21311
21312
21313
21314
21315
21316
21317
21318
21319
21320
21321
21322
21323
21324
21325
21326
21327
21328
21329
21330
21331
21332
21333
21334
21335
21336
21337
21338
21339
21340
21341
21342
21343
21344
21345
21346
21347
21348
21349
21350
21351
21352
21353
21354
21355
21356
21357
21358
21359
21360
21361
21362
21363
21364
21365
21366
21367
21368
21369
21370
21371
21372
21373
21374
21375
21376
21377
21378
21379
21380
21381
21382
21383
21384
21385
21386
21387
21388
21389
21390
21391
21392
21393
21394
21395
21396
21397
21398
21399
21400
21401
21402
21403
21404
21405
21406
21407
21408
21409
21410
21411
21412
21413
21414
21415
21416
21417
21418
21419
21420
21421
21422
21423
21424
21425
21426
21427
21428
21429
21430
21431
21432
21433
21434
21435
21436
21437
21438
21439
21440
21441
21442
21443
21444
21445
21446
21447
21448
21449
21450
21451
21452
21453
21454
21455
21456
21457
21458
21459
21460
21461
21462
21463
21464
21465
21466
21467
21468
21469
21470
21471
21472
21473
21474
21475
21476
21477
21478
21479
21480
21481
21482
21483
21484
21485
21486
21487
21488
21489
21490
21491
21492
21493
21494
21495
21496
21497
21498
21499
21500
21501
21502
21503
21504
21505
21506
21507
21508
21509
21510
21511
21512
21513
21514
21515
21516
21517
21518
21519
21520
21521
21522
21523
21524
21525
21526
21527
21528
21529
21530
21531
21532
21533
21534
21535
21536
21537
21538
21539
21540
21541
21542
21543
21544
21545
21546
21547
21548
21549
21550
21551
21552
21553
21554
21555
21556
21557
21558
21559
21560
21561
21562
21563
21564
21565
21566
21567
21568
21569
21570
21571
21572
21573
21574
21575
21576
21577
21578
21579
21580
21581
21582
21583
21584
21585
21586
21587
21588
21589
21590
21591
21592
21593
21594
21595
21596
21597
21598
21599
21600
21601
21602
21603
21604
21605
21606
21607
21608
21609
21610
21611
21612
21613
21614
21615
21616
21617
21618
21619
21620
21621
21622
21623
21624
21625
21626
21627
21628
21629
21630
21631
21632
21633
21634
21635
21636
21637
21638
21639
21640
21641
21642
21643
21644
21645
21646
21647
21648
21649
21650
21651
21652
21653
21654
21655
21656
21657
21658
21659
21660
21661
21662
21663
21664
21665
21666
21667
21668
21669
21670
21671
21672
21673
21674
21675
21676
21677
21678
21679
21680
21681
21682
21683
21684
21685
21686
21687
21688
21689
21690
21691
21692
21693
21694
21695
21696
21697
21698
21699
21700
21701
21702
21703
21704
21705
21706
21707
21708
21709
21710
21711
21712
21713
21714
21715
21716
21717
21718
21719
21720
21721
21722
21723
21724
21725
21726
21727
21728
21729
21730
21731
21732
21733
21734
21735
21736
21737
21738
21739
21740
21741
21742
21743
21744
21745
21746
21747
21748
21749
21750
21751
21752
21753
21754
21755
21756
21757
21758
21759
21760
21761
21762
21763
21764
21765
21766
21767
21768
21769
21770
21771
21772
21773
21774
21775
21776
21777
21778
21779
21780
21781
21782
21783
21784
21785
21786
21787
21788
21789
21790
21791
21792
21793
21794
21795
21796
21797
21798
21799
21800
21801
21802
21803
21804
21805
21806
21807
21808
21809
21810
21811
21812
21813
21814
21815
21816
21817
21818
21819
21820
21821
21822
21823
21824
21825
21826
21827
21828
21829
21830
21831
21832
21833
21834
21835
21836
21837
21838
21839
21840
21841
21842
21843
21844
21845
21846
21847
21848
21849
21850
21851
21852
21853
21854
21855
21856
21857
21858
21859
21860
21861
21862
21863
21864
21865
21866
21867
21868
21869
21870
21871
21872
21873
21874
21875
21876
21877
21878
21879
21880
21881
21882
21883
21884
21885
21886
21887
21888
21889
21890
21891
21892
21893
21894
21895
21896
21897
21898
21899
21900
21901
21902
21903
21904
21905
21906
21907
21908
21909
21910
21911
21912
21913
21914
21915
21916
21917
21918
21919
21920
21921
21922
21923
21924
21925
21926
21927
21928
21929
21930
21931
21932
21933
21934
21935
21936
21937
21938
21939
21940
21941
21942
21943
21944
21945
21946
21947
21948
21949
21950
21951
21952
21953
21954
21955
21956
21957
21958
21959
21960
21961
21962
21963
21964
21965
21966
21967
21968
21969
21970
21971
21972
21973
21974
21975
21976
21977
21978
21979
21980
21981
21982
21983
21984
21985
21986
21987
21988
21989
21990
21991
21992
21993
21994
21995
21996
21997
21998
21999
22000
22001
22002
22003
22004
22005
22006
22007
22008
22009
22010
22011
22012
22013
22014
22015
22016
22017
22018
22019
22020
22021
22022
22023
22024
22025
22026
22027
22028
22029
22030
22031
22032
22033
22034
22035
22036
22037
22038
22039
22040
22041
22042
22043
22044
22045
22046
22047
22048
22049
22050
22051
22052
22053
22054
22055
22056
22057
22058
22059
22060
22061
22062
22063
22064
22065
22066
22067
22068
22069
22070
22071
22072
22073
22074
22075
22076
22077
22078
22079
22080
22081
22082
22083
22084
22085
22086
22087
22088
22089
22090
22091
22092
22093
22094
22095
22096
22097
22098
22099
22100
22101
22102
22103
22104
22105
22106
22107
22108
22109
22110
22111
22112
22113
22114
22115
22116
22117
22118
22119
22120
22121
22122
22123
22124
22125
22126
22127
22128
22129
22130
22131
22132
22133
22134
22135
22136
22137
22138
22139
22140
22141
22142
22143
22144
22145
22146
22147
22148
22149
22150
22151
22152
22153
22154
22155
22156
22157
22158
22159
22160
22161
22162
22163
22164
22165
22166
22167
22168
22169
22170
22171
22172
22173
22174
22175
22176
22177
22178
22179
22180
22181
22182
22183
22184
22185
22186
22187
22188
22189
22190
22191
22192
22193
22194
22195
22196
22197
22198
22199
22200
22201
22202
22203
22204
22205
22206
22207
22208
22209
22210
22211
22212
22213
22214
22215
22216
22217
22218
22219
22220
22221
22222
22223
22224
22225
22226
22227
22228
22229
22230
22231
22232
22233
22234
22235
22236
22237
22238
22239
22240
22241
22242
22243
22244
22245
22246
22247
22248
22249
22250
22251
22252
22253
22254
22255
22256
22257
22258
22259
22260
22261
22262
22263
22264
22265
22266
22267
22268
22269
22270
22271
22272
22273
22274
22275
22276
22277
22278
22279
22280
22281
22282
22283
22284
22285
22286
22287
22288
22289
22290
22291
22292
22293
22294
22295
22296
22297
22298
22299
22300
22301
22302
22303
22304
22305
22306
22307
22308
22309
22310
22311
22312
22313
22314
22315
22316
22317
22318
22319
22320
22321
22322
22323
22324
22325
22326
22327
22328
22329
22330
22331
22332
22333
22334
22335
22336
22337
22338
22339
22340
22341
22342
22343
22344
22345
22346
22347
22348
22349
22350
22351
22352
22353
22354
22355
22356
22357
22358
22359
22360
22361
22362
22363
22364
22365
22366
22367
22368
22369
22370
22371
22372
22373
22374
22375
22376
22377
22378
22379
22380
22381
22382
22383
22384
22385
22386
22387
22388
22389
22390
22391
22392
22393
22394
22395
22396
22397
22398
22399
22400
22401
22402
22403
22404
22405
22406
22407
22408
22409
22410
22411
22412
22413
22414
22415
22416
22417
22418
22419
22420
22421
22422
22423
22424
22425
22426
22427
22428
22429
22430
22431
22432
22433
22434
22435
22436
22437
22438
22439
22440
22441
22442
22443
22444
22445
22446
22447
22448
22449
22450
22451
22452
22453
22454
22455
22456
22457
22458
22459
22460
22461
22462
22463
22464
22465
22466
22467
22468
22469
22470
22471
22472
22473
22474
22475
22476
22477
22478
22479
22480
22481
22482
22483
22484
22485
22486
22487
22488
22489
22490
22491
22492
22493
22494
22495
22496
22497
22498
22499
22500
22501
22502
22503
22504
22505
22506
22507
22508
22509
22510
22511
22512
22513
22514
22515
22516
22517
22518
22519
22520
22521
22522
22523
22524
22525
22526
22527
22528
22529
22530
22531
22532
22533
22534
22535
22536
22537
22538
22539
22540
22541
22542
22543
22544
22545
22546
22547
22548
22549
22550
22551
22552
22553
22554
22555
22556
22557
22558
22559
22560
22561
22562
22563
22564
22565
22566
22567
22568
22569
22570
22571
22572
22573
22574
22575
22576
22577
22578
22579
22580
22581
22582
22583
22584
22585
22586
22587
22588
22589
22590
22591
22592
22593
22594
22595
22596
22597
22598
22599
22600
22601
22602
22603
22604
22605
22606
22607
22608
22609
22610
22611
22612
22613
22614
22615
22616
22617
22618
22619
22620
22621
22622
22623
22624
22625
22626
22627
22628
22629
22630
22631
22632
22633
22634
22635
22636
22637
22638
22639
22640
22641
22642
22643
22644
22645
22646
22647
22648
22649
22650
22651
22652
22653
22654
22655
22656
22657
22658
22659
22660
22661
22662
22663
22664
22665
22666
22667
22668
22669
22670
22671
22672
22673
22674
22675
22676
22677
22678
22679
22680
22681
22682
22683
22684
22685
22686
22687
22688
22689
22690
22691
22692
22693
22694
22695
22696
22697
22698
22699
22700
22701
22702
22703
22704
22705
22706
22707
22708
22709
22710
22711
22712
22713
22714
22715
22716
22717
22718
22719
22720
22721
22722
22723
22724
22725
22726
22727
22728
22729
22730
22731
22732
22733
22734
22735
22736
22737
22738
22739
22740
22741
22742
22743
22744
22745
22746
22747
22748
22749
22750
22751
22752
22753
22754
22755
22756
22757
22758
22759
22760
22761
22762
22763
22764
22765
22766
22767
22768
22769
22770
22771
22772
22773
22774
22775
22776
22777
22778
22779
22780
22781
22782
22783
22784
22785
22786
22787
22788
22789
22790
22791
22792
22793
22794
22795
22796
22797
22798
22799
22800
22801
22802
22803
22804
22805
22806
22807
22808
22809
22810
22811
22812
22813
22814
22815
22816
22817
22818
22819
22820
22821
22822
22823
22824
22825
22826
22827
22828
22829
22830
22831
22832
22833
22834
22835
22836
22837
22838
22839
22840
22841
22842
22843
22844
22845
22846
22847
22848
22849
22850
22851
22852
22853
22854
22855
22856
22857
22858
22859
22860
22861
22862
22863
22864
22865
22866
22867
22868
22869
22870
22871
22872
22873
22874
22875
22876
22877
22878
22879
22880
22881
22882
22883
22884
22885
22886
22887
22888
22889
22890
22891
22892
22893
22894
22895
22896
22897
22898
22899
22900
22901
22902
22903
22904
22905
22906
22907
22908
22909
22910
22911
22912
22913
22914
22915
22916
22917
22918
22919
22920
22921
22922
22923
22924
22925
22926
22927
22928
22929
22930
22931
22932
22933
22934
22935
22936
22937
22938
22939
22940
22941
22942
22943
22944
22945
22946
22947
22948
22949
22950
22951
22952
22953
22954
22955
22956
22957
22958
22959
22960
22961
22962
22963
22964
22965
22966
22967
22968
22969
22970
22971
22972
22973
22974
22975
22976
22977
22978
22979
22980
22981
22982
22983
22984
22985
22986
22987
22988
22989
22990
22991
22992
22993
22994
22995
22996
22997
22998
22999
23000
23001
23002
23003
23004
23005
23006
23007
23008
23009
23010
23011
23012
23013
23014
23015
23016
23017
23018
23019
23020
23021
23022
23023
23024
23025
23026
23027
23028
23029
23030
23031
23032
23033
23034
23035
23036
23037
23038
23039
23040
23041
23042
23043
23044
23045
23046
23047
23048
23049
23050
23051
23052
23053
23054
23055
23056
23057
23058
23059
23060
23061
23062
23063
23064
23065
23066
23067
23068
23069
23070
23071
23072
23073
23074
23075
23076
23077
23078
23079
23080
23081
23082
23083
23084
23085
23086
23087
23088
23089
23090
23091
23092
23093
23094
23095
23096
23097
23098
23099
23100
23101
23102
23103
23104
23105
23106
23107
23108
23109
23110
23111
23112
23113
23114
23115
23116
23117
23118
23119
23120
23121
23122
23123
23124
23125
23126
23127
23128
23129
23130
23131
23132
23133
23134
23135
23136
23137
23138
23139
23140
23141
23142
23143
23144
23145
23146
23147
23148
23149
23150
23151
23152
23153
23154
23155
23156
23157
23158
23159
23160
23161
23162
23163
23164
23165
23166
23167
23168
23169
23170
23171
23172
23173
23174
23175
23176
23177
23178
23179
23180
23181
23182
23183
23184
23185
23186
23187
23188
23189
23190
23191
23192
23193
23194
23195
23196
23197
23198
23199
23200
23201
23202
23203
23204
23205
23206
23207
23208
23209
23210
23211
23212
23213
23214
23215
23216
23217
23218
23219
23220
23221
23222
23223
23224
23225
23226
23227
23228
23229
23230
23231
23232
23233
23234
23235
23236
23237
23238
23239
23240
23241
23242
23243
23244
23245
23246
23247
23248
23249
23250
23251
23252
23253
23254
23255
23256
23257
23258
23259
23260
23261
23262
23263
23264
23265
23266
23267
23268
23269
23270
23271
23272
23273
23274
23275
23276
23277
23278
23279
23280
23281
23282
23283
23284
23285
23286
23287
23288
23289
23290
23291
23292
23293
23294
23295
23296
23297
23298
23299
23300
23301
23302
23303
23304
23305
23306
23307
23308
23309
23310
23311
23312
23313
23314
23315
23316
23317
23318
23319
23320
23321
23322
23323
23324
23325
23326
23327
23328
23329
23330
23331
23332
23333
23334
23335
23336
23337
23338
23339
23340
23341
23342
23343
23344
23345
23346
23347
23348
23349
23350
23351
23352
23353
23354
23355
23356
23357
23358
23359
23360
23361
23362
23363
23364
23365
23366
23367
23368
23369
23370
23371
23372
23373
23374
23375
23376
23377
23378
23379
23380
23381
23382
23383
23384
23385
23386
23387
23388
23389
23390
23391
23392
23393
23394
23395
23396
23397
23398
23399
23400
23401
23402
23403
23404
23405
23406
23407
23408
23409
23410
23411
23412
23413
23414
23415
23416
23417
23418
23419
23420
23421
23422
23423
23424
23425
23426
23427
23428
23429
23430
23431
23432
23433
23434
23435
23436
23437
23438
23439
23440
23441
23442
23443
23444
23445
23446
23447
23448
23449
23450
23451
23452
23453
23454
23455
23456
23457
23458
23459
23460
23461
23462
23463
23464
23465
23466
23467
23468
23469
23470
23471
23472
23473
23474
23475
23476
23477
23478
23479
23480
23481
23482
23483
23484
23485
23486
23487
23488
23489
23490
23491
23492
23493
23494
23495
23496
23497
23498
23499
23500
23501
23502
23503
23504
23505
23506
23507
23508
23509
23510
23511
23512
23513
23514
23515
23516
23517
23518
23519
23520
23521
23522
23523
23524
23525
23526
23527
23528
23529
23530
23531
23532
23533
23534
23535
23536
23537
23538
23539
23540
23541
23542
23543
23544
23545
23546
23547
23548
23549
23550
23551
23552
23553
23554
23555
23556
23557
23558
23559
23560
23561
23562
23563
23564
23565
23566
23567
23568
23569
23570
23571
23572
23573
23574
23575
23576
23577
23578
23579
23580
23581
23582
23583
23584
23585
23586
23587
23588
23589
23590
23591
23592
23593
23594
23595
23596
23597
23598
23599
23600
23601
23602
23603
23604
23605
23606
23607
23608
23609
23610
23611
23612
23613
23614
23615
23616
23617
23618
23619
23620
23621
23622
23623
23624
23625
23626
23627
23628
23629
23630
23631
23632
23633
23634
23635
23636
23637
23638
23639
23640
23641
23642
23643
23644
23645
23646
23647
23648
23649
23650
23651
23652
23653
23654
23655
23656
23657
23658
23659
23660
23661
23662
23663
23664
23665
23666
23667
23668
23669
23670
23671
23672
23673
23674
23675
23676
23677
23678
23679
23680
23681
23682
23683
23684
23685
23686
23687
23688
23689
23690
23691
23692
23693
23694
23695
23696
23697
23698
23699
23700
23701
23702
23703
23704
23705
23706
23707
23708
23709
23710
23711
23712
23713
23714
23715
23716
23717
23718
23719
23720
23721
23722
23723
23724
23725
23726
23727
23728
23729
23730
23731
23732
23733
23734
23735
23736
23737
23738
23739
23740
23741
23742
23743
23744
23745
23746
23747
23748
23749
23750
23751
23752
23753
23754
23755
23756
23757
23758
23759
23760
23761
23762
23763
23764
23765
23766
23767
23768
23769
23770
23771
23772
23773
23774
23775
23776
23777
23778
23779
23780
23781
23782
23783
23784
23785
23786
23787
23788
23789
23790
23791
23792
23793
23794
23795
23796
23797
23798
23799
23800
23801
23802
23803
23804
23805
23806
23807
23808
23809
23810
23811
23812
23813
23814
23815
23816
23817
23818
23819
23820
23821
23822
23823
23824
23825
23826
23827
23828
23829
23830
23831
23832
23833
23834
23835
23836
23837
23838
23839
23840
23841
23842
23843
23844
23845
23846
23847
23848
23849
23850
23851
23852
23853
23854
23855
23856
23857
23858
23859
23860
23861
23862
23863
23864
23865
23866
23867
23868
23869
23870
23871
23872
23873
23874
23875
23876
23877
23878
23879
23880
23881
23882
23883
23884
23885
23886
23887
23888
23889
23890
23891
23892
23893
23894
23895
23896
23897
23898
23899
23900
23901
23902
23903
23904
23905
23906
23907
23908
23909
23910
23911
23912
23913
23914
23915
23916
23917
23918
23919
23920
23921
23922
23923
23924
23925
23926
23927
23928
23929
23930
23931
23932
23933
23934
23935
23936
23937
23938
23939
23940
23941
23942
23943
23944
23945
23946
23947
23948
23949
23950
23951
23952
23953
23954
23955
23956
23957
23958
23959
23960
23961
23962
23963
23964
23965
23966
23967
23968
23969
23970
23971
23972
23973
23974
23975
23976
23977
23978
23979
23980
23981
23982
23983
23984
23985
23986
23987
23988
23989
23990
23991
23992
23993
23994
23995
23996
23997
23998
23999
24000
24001
24002
24003
24004
24005
24006
24007
24008
24009
24010
24011
24012
24013
24014
24015
24016
24017
24018
24019
24020
24021
24022
24023
24024
24025
24026
24027
24028
24029
24030
24031
24032
24033
24034
24035
24036
24037
24038
24039
24040
24041
24042
24043
24044
24045
24046
24047
24048
24049
24050
24051
24052
24053
24054
24055
24056
24057
24058
24059
24060
24061
24062
24063
24064
24065
24066
24067
24068
24069
24070
24071
24072
24073
24074
24075
24076
24077
24078
24079
24080
24081
24082
24083
24084
24085
24086
24087
24088
24089
24090
24091
24092
24093
24094
24095
24096
24097
24098
24099
24100
24101
24102
24103
24104
24105
24106
24107
24108
24109
24110
24111
24112
24113
24114
24115
24116
24117
24118
24119
24120
24121
24122
24123
24124
24125
24126
24127
24128
24129
24130
24131
24132
24133
24134
24135
24136
24137
24138
24139
24140
24141
24142
24143
24144
24145
24146
24147
24148
24149
24150
24151
24152
24153
24154
24155
24156
24157
24158
24159
24160
24161
24162
24163
24164
24165
24166
24167
24168
24169
24170
24171
24172
24173
24174
24175
24176
24177
24178
24179
24180
24181
24182
24183
24184
24185
24186
24187
24188
24189
24190
24191
24192
24193
24194
24195
24196
24197
24198
24199
24200
24201
24202
24203
24204
24205
24206
24207
24208
24209
24210
24211
24212
24213
24214
24215
24216
24217
24218
24219
24220
24221
24222
24223
24224
24225
24226
24227
24228
24229
24230
24231
24232
24233
24234
24235
24236
24237
24238
24239
24240
24241
24242
24243
24244
24245
24246
24247
24248
24249
24250
24251
24252
24253
24254
24255
24256
24257
24258
24259
24260
24261
24262
24263
24264
24265
24266
24267
24268
24269
24270
24271
24272
24273
24274
24275
24276
24277
24278
24279
24280
24281
24282
24283
24284
24285
24286
24287
24288
24289
24290
24291
24292
24293
24294
24295
24296
24297
24298
24299
24300
24301
24302
24303
24304
24305
24306
24307
24308
24309
24310
24311
24312
24313
24314
24315
24316
24317
24318
24319
24320
24321
24322
24323
24324
24325
24326
24327
24328
24329
24330
24331
24332
24333
24334
24335
24336
24337
24338
24339
24340
24341
24342
24343
24344
24345
24346
24347
24348
24349
24350
24351
24352
24353
24354
24355
24356
24357
24358
24359
24360
24361
24362
24363
24364
24365
24366
24367
24368
24369
24370
24371
24372
24373
24374
24375
24376
24377
24378
24379
24380
24381
24382
24383
24384
24385
24386
24387
24388
24389
24390
24391
24392
24393
24394
24395
24396
24397
24398
24399
24400
24401
24402
24403
24404
24405
24406
24407
24408
24409
24410
24411
24412
24413
24414
24415
24416
24417
24418
24419
24420
24421
24422
24423
24424
24425
24426
24427
24428
24429
24430
24431
24432
24433
24434
24435
24436
24437
24438
24439
24440
24441
24442
24443
24444
24445
24446
24447
24448
24449
24450
24451
24452
24453
24454
24455
24456
24457
24458
24459
24460
24461
24462
24463
24464
24465
24466
24467
24468
24469
24470
24471
24472
24473
24474
24475
24476
24477
24478
24479
24480
24481
24482
24483
24484
24485
24486
24487
24488
24489
24490
24491
24492
24493
24494
24495
24496
24497
24498
24499
24500
24501
24502
24503
24504
24505
24506
24507
24508
24509
24510
24511
24512
24513
24514
24515
24516
24517
24518
24519
24520
24521
24522
24523
24524
24525
24526
24527
24528
24529
24530
24531
24532
24533
24534
24535
24536
24537
24538
24539
24540
24541
24542
24543
24544
24545
24546
24547
24548
24549
24550
24551
24552
24553
24554
24555
24556
24557
24558
24559
24560
24561
24562
24563
24564
24565
24566
24567
24568
24569
24570
24571
24572
24573
24574
24575
24576
24577
24578
24579
24580
24581
24582
24583
24584
24585
24586
24587
24588
24589
24590
24591
24592
24593
24594
24595
24596
24597
24598
24599
24600
24601
24602
24603
24604
24605
24606
24607
24608
24609
24610
24611
24612
24613
24614
24615
24616
24617
24618
24619
24620
24621
24622
24623
24624
24625
24626
24627
24628
24629
24630
24631
24632
24633
24634
24635
24636
24637
24638
24639
24640
24641
24642
24643
24644
24645
24646
24647
24648
24649
24650
24651
24652
24653
24654
24655
24656
24657
24658
24659
24660
24661
24662
24663
24664
24665
24666
24667
24668
24669
24670
24671
24672
24673
24674
24675
24676
24677
24678
24679
24680
24681
24682
24683
24684
24685
24686
24687
24688
24689
24690
24691
24692
24693
24694
24695
24696
24697
24698
24699
24700
24701
24702
24703
24704
24705
24706
24707
24708
24709
24710
24711
24712
24713
24714
24715
24716
24717
24718
24719
24720
24721
24722
24723
24724
24725
24726
24727
24728
24729
24730
24731
24732
24733
24734
24735
24736
24737
24738
24739
24740
24741
24742
24743
24744
24745
24746
24747
24748
24749
24750
24751
24752
24753
24754
24755
24756
24757
24758
24759
24760
24761
24762
24763
24764
24765
24766
24767
24768
24769
24770
24771
24772
24773
24774
24775
24776
24777
24778
24779
24780
24781
24782
24783
24784
24785
24786
24787
24788
24789
24790
24791
24792
24793
24794
24795
24796
24797
24798
24799
24800
24801
24802
24803
24804
24805
24806
24807
24808
24809
24810
24811
24812
24813
24814
24815
24816
24817
24818
24819
24820
24821
24822
24823
24824
24825
24826
24827
24828
24829
24830
24831
24832
24833
24834
24835
24836
24837
24838
24839
24840
24841
24842
24843
24844
24845
24846
24847
24848
24849
24850
24851
24852
24853
24854
24855
24856
24857
24858
24859
24860
24861
24862
24863
24864
24865
24866
24867
24868
24869
24870
24871
24872
24873
24874
24875
24876
24877
24878
24879
24880
24881
24882
24883
24884
24885
24886
24887
24888
24889
24890
24891
24892
24893
24894
24895
24896
24897
24898
24899
24900
24901
24902
24903
24904
24905
24906
24907
24908
24909
24910
24911
24912
24913
24914
24915
24916
24917
24918
24919
24920
24921
24922
24923
24924
24925
24926
24927
24928
24929
24930
24931
24932
24933
24934
24935
24936
24937
24938
24939
24940
24941
24942
24943
24944
24945
24946
24947
24948
24949
24950
24951
24952
24953
24954
24955
24956
24957
24958
24959
24960
24961
24962
24963
24964
24965
24966
24967
24968
24969
24970
24971
24972
24973
24974
24975
24976
24977
24978
24979
24980
24981
24982
24983
24984
24985
24986
24987
24988
24989
24990
24991
24992
24993
24994
24995
24996
24997
24998
24999
25000
25001
25002
25003
25004
25005
25006
25007
25008
25009
25010
25011
25012
25013
25014
25015
25016
25017
25018
25019
25020
25021
25022
25023
25024
25025
25026
25027
25028
25029
25030
25031
25032
25033
25034
25035
25036
25037
25038
25039
25040
25041
25042
25043
25044
25045
25046
25047
25048
25049
25050
25051
25052
25053
25054
25055
25056
25057
25058
25059
25060
25061
25062
25063
25064
25065
25066
25067
25068
25069
25070
25071
25072
25073
25074
25075
25076
25077
25078
25079
25080
25081
25082
25083
25084
25085
25086
25087
25088
25089
25090
25091
25092
25093
25094
25095
25096
25097
25098
25099
25100
25101
25102
25103
25104
25105
25106
25107
25108
25109
25110
25111
25112
25113
25114
25115
25116
25117
25118
25119
25120
25121
25122
25123
25124
25125
25126
25127
25128
25129
25130
25131
25132
25133
25134
25135
25136
25137
25138
25139
25140
25141
25142
25143
25144
25145
25146
25147
25148
25149
25150
25151
25152
25153
25154
25155
25156
25157
25158
25159
25160
25161
25162
25163
25164
25165
25166
25167
25168
25169
25170
25171
25172
25173
25174
25175
25176
25177
25178
25179
25180
25181
25182
25183
25184
25185
25186
25187
25188
25189
25190
25191
25192
25193
25194
25195
25196
25197
25198
25199
25200
25201
25202
25203
25204
25205
25206
25207
25208
25209
25210
25211
25212
25213
25214
25215
25216
25217
25218
25219
25220
25221
25222
25223
25224
25225
25226
25227
25228
25229
25230
25231
25232
25233
25234
25235
25236
25237
25238
25239
25240
25241
25242
25243
25244
25245
25246
25247
25248
25249
25250
25251
25252
25253
25254
25255
25256
25257
25258
25259
25260
25261
25262
25263
25264
25265
25266
25267
25268
25269
25270
25271
25272
25273
25274
25275
25276
25277
25278
25279
25280
25281
25282
25283
25284
25285
25286
25287
25288
25289
25290
25291
25292
25293
25294
25295
25296
25297
25298
25299
25300
25301
25302
25303
25304
25305
25306
25307
25308
25309
25310
25311
25312
25313
25314
25315
25316
25317
25318
25319
25320
25321
25322
25323
25324
25325
25326
25327
25328
25329
25330
25331
25332
25333
25334
25335
25336
25337
25338
25339
25340
25341
25342
25343
25344
25345
25346
25347
25348
25349
25350
25351
25352
25353
25354
25355
25356
25357
25358
25359
25360
25361
25362
25363
25364
25365
25366
25367
25368
25369
25370
25371
25372
25373
25374
25375
25376
25377
25378
25379
25380
25381
25382
25383
25384
25385
25386
25387
25388
25389
25390
25391
25392
25393
25394
25395
25396
25397
25398
25399
25400
25401
25402
25403
25404
25405
25406
25407
25408
25409
25410
25411
25412
25413
25414
25415
25416
25417
25418
25419
25420
25421
25422
25423
25424
25425
25426
25427
25428
25429
25430
25431
25432
25433
25434
25435
25436
25437
25438
25439
25440
25441
25442
25443
25444
25445
25446
25447
25448
25449
25450
25451
25452
25453
25454
25455
25456
25457
25458
25459
25460
25461
25462
25463
25464
25465
25466
25467
25468
25469
25470
25471
25472
25473
25474
25475
25476
25477
25478
25479
25480
25481
25482
25483
25484
25485
25486
25487
25488
25489
25490
25491
25492
25493
25494
25495
25496
25497
25498
25499
25500
25501
25502
25503
25504
25505
25506
25507
25508
25509
25510
25511
25512
25513
25514
25515
25516
25517
25518
25519
25520
25521
25522
25523
25524
25525
25526
25527
25528
25529
25530
25531
25532
25533
25534
25535
25536
25537
25538
25539
25540
25541
25542
25543
25544
25545
25546
25547
25548
25549
25550
25551
25552
25553
25554
25555
25556
25557
25558
25559
25560
25561
25562
25563
25564
25565
25566
25567
25568
25569
25570
25571
25572
25573
25574
25575
25576
25577
25578
25579
25580
25581
25582
25583
25584
25585
25586
25587
25588
25589
25590
25591
25592
25593
25594
25595
25596
25597
25598
25599
25600
25601
25602
25603
25604
25605
25606
25607
25608
25609
25610
25611
25612
25613
25614
25615
25616
25617
25618
25619
25620
25621
25622
25623
25624
25625
25626
25627
25628
25629
25630
25631
25632
25633
25634
25635
25636
25637
25638
25639
25640
25641
25642
25643
25644
25645
25646
25647
25648
25649
25650
25651
25652
25653
25654
25655
25656
25657
25658
25659
25660
25661
25662
25663
25664
25665
25666
25667
25668
25669
25670
25671
25672
25673
25674
25675
25676
25677
25678
25679
25680
25681
25682
25683
25684
25685
25686
25687
25688
25689
25690
25691
25692
25693
25694
25695
25696
25697
25698
25699
25700
25701
25702
25703
25704
25705
25706
25707
25708
25709
25710
25711
25712
25713
25714
25715
25716
25717
25718
25719
25720
25721
25722
25723
25724
25725
25726
25727
25728
25729
25730
25731
25732
25733
25734
25735
25736
25737
25738
25739
25740
25741
25742
25743
25744
25745
25746
25747
25748
25749
25750
25751
25752
25753
25754
25755
25756
25757
25758
25759
25760
25761
25762
25763
25764
25765
25766
25767
25768
25769
25770
25771
25772
25773
25774
25775
25776
25777
25778
25779
25780
25781
25782
25783
25784
25785
25786
25787
25788
25789
25790
25791
25792
25793
25794
25795
25796
25797
25798
25799
25800
25801
25802
25803
25804
25805
25806
25807
25808
25809
25810
25811
25812
25813
25814
25815
25816
25817
25818
25819
25820
25821
25822
25823
25824
25825
25826
25827
25828
25829
25830
25831
25832
25833
25834
25835
25836
25837
25838
25839
25840
25841
25842
25843
25844
25845
25846
25847
25848
25849
25850
25851
25852
25853
25854
25855
25856
25857
25858
25859
25860
25861
25862
25863
25864
25865
25866
25867
25868
25869
25870
25871
25872
25873
25874
25875
25876
25877
25878
25879
25880
25881
25882
25883
25884
25885
25886
25887
25888
25889
25890
25891
25892
25893
25894
25895
25896
25897
25898
25899
25900
25901
25902
25903
25904
25905
25906
25907
25908
25909
25910
25911
25912
25913
25914
25915
25916
25917
25918
25919
25920
25921
25922
25923
25924
25925
25926
25927
25928
25929
25930
25931
25932
25933
25934
25935
25936
25937
25938
25939
25940
25941
25942
25943
25944
25945
25946
25947
25948
25949
25950
25951
25952
25953
25954
25955
25956
25957
25958
25959
25960
25961
25962
25963
25964
25965
25966
25967
25968
25969
25970
25971
25972
25973
25974
25975
25976
25977
25978
25979
25980
25981
25982
25983
25984
25985
25986
25987
25988
25989
25990
25991
25992
25993
25994
25995
25996
25997
25998
25999
26000
26001
26002
26003
26004
26005
26006
26007
26008
26009
26010
26011
26012
26013
26014
26015
26016
26017
26018
26019
26020
26021
26022
26023
26024
26025
26026
26027
26028
26029
26030
26031
26032
26033
26034
26035
26036
26037
26038
26039
26040
26041
26042
26043
26044
26045
26046
26047
26048
26049
26050
26051
26052
26053
26054
26055
26056
26057
26058
26059
26060
26061
26062
26063
26064
26065
26066
26067
26068
26069
26070
26071
26072
26073
26074
26075
26076
26077
26078
26079
26080
26081
26082
26083
26084
26085
26086
26087
26088
26089
26090
26091
26092
26093
26094
26095
26096
26097
26098
26099
26100
26101
26102
26103
26104
26105
26106
26107
26108
26109
26110
26111
26112
26113
26114
26115
26116
26117
26118
26119
26120
26121
26122
26123
26124
26125
26126
26127
26128
26129
26130
26131
26132
26133
26134
26135
26136
26137
26138
26139
26140
26141
26142
26143
26144
26145
26146
26147
26148
26149
26150
26151
26152
26153
26154
26155
26156
26157
26158
26159
26160
26161
26162
26163
26164
26165
26166
26167
26168
26169
26170
26171
26172
26173
26174
26175
26176
26177
26178
26179
26180
26181
26182
26183
26184
26185
26186
26187
26188
26189
26190
26191
26192
26193
26194
26195
26196
26197
26198
26199
26200
26201
26202
26203
26204
26205
26206
26207
26208
26209
26210
26211
26212
26213
26214
26215
26216
26217
26218
26219
26220
26221
26222
26223
26224
26225
26226
26227
26228
26229
26230
26231
26232
26233
26234
26235
26236
26237
26238
26239
26240
26241
26242
26243
26244
26245
26246
26247
26248
26249
26250
26251
26252
26253
26254
26255
26256
26257
26258
26259
26260
26261
26262
26263
26264
26265
26266
26267
26268
26269
26270
26271
26272
26273
26274
26275
26276
26277
26278
26279
26280
26281
26282
26283
26284
26285
26286
26287
26288
26289
26290
26291
26292
26293
26294
26295
26296
26297
26298
26299
26300
26301
26302
26303
26304
26305
26306
26307
26308
26309
26310
26311
26312
26313
26314
26315
26316
26317
26318
26319
26320
26321
26322
26323
26324
26325
26326
26327
26328
26329
26330
26331
26332
26333
26334
26335
26336
26337
26338
26339
26340
26341
26342
26343
26344
26345
26346
26347
26348
26349
26350
26351
26352
26353
26354
26355
26356
26357
26358
26359
26360
26361
26362
26363
26364
26365
26366
26367
26368
26369
26370
26371
26372
26373
26374
26375
26376
26377
26378
26379
26380
26381
26382
26383
26384
26385
26386
26387
26388
26389
26390
26391
26392
26393
26394
26395
26396
26397
26398
26399
26400
26401
26402
26403
26404
26405
26406
26407
26408
26409
26410
26411
26412
26413
26414
26415
26416
26417
26418
26419
26420
26421
26422
26423
26424
26425
26426
26427
26428
26429
26430
26431
26432
26433
26434
26435
26436
26437
26438
26439
26440
26441
26442
26443
26444
26445
26446
26447
26448
26449
26450
26451
26452
26453
26454
26455
26456
26457
26458
26459
26460
26461
26462
26463
26464
26465
26466
26467
26468
26469
26470
26471
26472
26473
26474
26475
26476
26477
26478
26479
26480
26481
26482
26483
26484
26485
26486
26487
26488
26489
26490
26491
26492
26493
26494
26495
26496
26497
26498
26499
26500
26501
26502
26503
26504
26505
26506
26507
26508
26509
26510
26511
26512
26513
26514
26515
26516
26517
26518
26519
26520
26521
26522
26523
26524
26525
26526
26527
26528
26529
26530
26531
26532
26533
26534
26535
26536
26537
26538
26539
26540
26541
26542
26543
26544
26545
26546
26547
26548
26549
26550
26551
26552
26553
26554
26555
26556
26557
26558
26559
26560
26561
26562
26563
26564
26565
26566
26567
26568
26569
26570
26571
26572
26573
26574
26575
26576
26577
26578
26579
26580
26581
26582
26583
26584
26585
26586
26587
26588
26589
26590
26591
26592
26593
26594
26595
26596
26597
26598
26599
26600
26601
26602
26603
26604
26605
26606
26607
26608
26609
26610
26611
26612
26613
26614
26615
26616
26617
26618
26619
26620
26621
26622
26623
26624
26625
26626
26627
26628
26629
26630
26631
26632
26633
26634
26635
26636
26637
26638
26639
26640
26641
26642
26643
26644
26645
26646
26647
26648
26649
26650
26651
26652
26653
26654
26655
26656
26657
26658
26659
26660
26661
26662
26663
26664
26665
26666
26667
26668
26669
26670
26671
26672
26673
26674
26675
26676
26677
26678
26679
26680
26681
26682
26683
26684
26685
26686
26687
26688
26689
26690
26691
26692
26693
26694
26695
26696
26697
26698
26699
26700
26701
26702
26703
26704
26705
26706
26707
26708
26709
26710
26711
26712
26713
26714
26715
26716
26717
26718
26719
26720
26721
26722
26723
26724
26725
26726
26727
26728
26729
26730
26731
26732
26733
26734
26735
26736
26737
26738
26739
26740
26741
26742
26743
26744
26745
26746
26747
26748
26749
26750
26751
26752
26753
26754
26755
26756
26757
26758
26759
26760
26761
26762
26763
26764
26765
26766
26767
26768
26769
26770
26771
26772
26773
26774
26775
26776
26777
26778
26779
26780
26781
26782
26783
26784
26785
26786
26787
26788
26789
26790
26791
26792
26793
26794
26795
26796
26797
26798
26799
26800
26801
26802
26803
26804
26805
26806
26807
26808
26809
26810
26811
26812
26813
26814
26815
26816
26817
26818
26819
26820
26821
26822
26823
26824
26825
26826
26827
26828
26829
26830
26831
26832
26833
26834
26835
26836
26837
26838
26839
26840
26841
26842
26843
26844
26845
26846
26847
26848
26849
26850
26851
26852
26853
26854
26855
26856
26857
26858
26859
26860
26861
26862
26863
26864
26865
26866
26867
26868
26869
26870
26871
26872
26873
26874
26875
26876
26877
26878
26879
26880
26881
26882
26883
26884
26885
26886
26887
26888
26889
26890
26891
26892
26893
26894
26895
26896
26897
26898
26899
26900
26901
26902
26903
26904
26905
26906
26907
26908
26909
26910
26911
26912
26913
26914
26915
26916
26917
26918
26919
26920
26921
26922
26923
26924
26925
26926
26927
26928
26929
26930
26931
26932
26933
26934
26935
26936
26937
26938
26939
26940
26941
26942
26943
26944
26945
26946
26947
26948
26949
26950
26951
26952
26953
26954
26955
26956
26957
26958
26959
26960
26961
26962
26963
26964
26965
26966
26967
26968
26969
26970
26971
26972
26973
26974
26975
26976
26977
26978
26979
26980
26981
26982
26983
26984
26985
26986
26987
26988
26989
26990
26991
26992
26993
26994
26995
26996
26997
26998
26999
27000
27001
27002
27003
27004
27005
27006
27007
27008
27009
27010
27011
27012
27013
27014
27015
27016
27017
27018
27019
27020
27021
27022
27023
27024
27025
27026
27027
27028
27029
27030
27031
27032
27033
27034
27035
27036
27037
27038
27039
27040
27041
27042
27043
27044
27045
27046
27047
27048
27049
27050
27051
27052
27053
27054
27055
27056
27057
27058
27059
27060
27061
27062
27063
27064
27065
27066
27067
27068
27069
27070
27071
27072
27073
27074
27075
27076
27077
27078
27079
27080
27081
27082
27083
27084
27085
27086
27087
27088
27089
27090
27091
27092
27093
27094
27095
27096
27097
27098
27099
27100
27101
27102
27103
27104
27105
27106
27107
27108
27109
27110
27111
27112
27113
27114
27115
27116
27117
27118
27119
27120
27121
27122
27123
27124
27125
27126
27127
27128
27129
27130
27131
27132
27133
27134
27135
27136
27137
27138
27139
27140
27141
27142
27143
27144
27145
27146
27147
27148
27149
27150
27151
27152
27153
27154
27155
27156
27157
27158
27159
27160
27161
27162
27163
27164
27165
27166
27167
27168
27169
27170
27171
27172
27173
27174
27175
27176
27177
27178
27179
27180
27181
27182
27183
27184
27185
27186
27187
27188
27189
27190
27191
27192
27193
27194
27195
27196
27197
27198
27199
27200
27201
27202
27203
27204
27205
27206
27207
27208
27209
27210
27211
27212
27213
27214
27215
27216
27217
27218
27219
27220
27221
27222
27223
27224
27225
27226
27227
27228
27229
27230
27231
27232
27233
27234
27235
27236
27237
27238
27239
27240
27241
27242
27243
27244
27245
27246
27247
27248
27249
27250
27251
27252
27253
27254
27255
27256
27257
27258
27259
27260
27261
27262
27263
27264
27265
27266
27267
27268
27269
27270
27271
27272
27273
27274
27275
27276
27277
27278
27279
27280
27281
27282
27283
27284
27285
27286
27287
27288
27289
27290
27291
27292
27293
27294
27295
27296
27297
27298
27299
27300
27301
27302
27303
27304
27305
27306
27307
27308
27309
27310
27311
27312
27313
27314
27315
27316
27317
27318
27319
27320
27321
27322
27323
27324
27325
27326
27327
27328
27329
27330
27331
27332
27333
27334
27335
27336
27337
27338
27339
27340
27341
27342
27343
27344
27345
27346
27347
27348
27349
27350
27351
27352
27353
27354
27355
27356
27357
27358
27359
27360
27361
27362
27363
27364
27365
27366
27367
27368
27369
27370
27371
27372
27373
27374
27375
27376
27377
27378
27379
27380
27381
27382
27383
27384
27385
27386
27387
27388
27389
27390
27391
27392
27393
27394
27395
27396
27397
27398
27399
27400
27401
27402
27403
27404
27405
27406
27407
27408
27409
27410
27411
27412
27413
27414
27415
27416
27417
27418
27419
27420
27421
27422
27423
27424
27425
27426
27427
27428
27429
27430
27431
27432
27433
27434
27435
27436
27437
27438
27439
27440
27441
27442
27443
27444
27445
27446
27447
27448
27449
27450
27451
27452
27453
27454
27455
27456
27457
27458
27459
27460
27461
27462
27463
27464
27465
27466
27467
27468
27469
27470
27471
27472
27473
27474
27475
27476
27477
27478
27479
27480
27481
27482
27483
27484
27485
27486
27487
27488
27489
27490
27491
27492
27493
27494
27495
27496
27497
27498
27499
27500
27501
27502
27503
27504
27505
27506
27507
27508
27509
27510
27511
27512
27513
27514
27515
27516
27517
27518
27519
27520
27521
27522
27523
27524
27525
27526
27527
27528
27529
27530
27531
27532
27533
27534
27535
27536
27537
27538
27539
27540
27541
27542
27543
27544
27545
27546
27547
27548
27549
27550
27551
27552
27553
27554
27555
27556
27557
27558
27559
27560
27561
27562
27563
27564
27565
27566
27567
27568
27569
27570
27571
27572
27573
27574
27575
27576
27577
27578
27579
27580
27581
27582
27583
27584
27585
27586
27587
27588
27589
27590
27591
27592
27593
27594
27595
27596
27597
27598
27599
27600
27601
27602
27603
27604
27605
27606
27607
27608
27609
27610
27611
27612
27613
27614
27615
27616
27617
27618
27619
27620
27621
27622
27623
27624
27625
27626
27627
27628
27629
27630
27631
27632
27633
27634
27635
27636
27637
27638
27639
27640
27641
27642
27643
27644
27645
27646
27647
27648
27649
27650
27651
27652
27653
27654
27655
27656
27657
27658
27659
27660
27661
27662
27663
27664
27665
27666
27667
27668
27669
27670
27671
27672
27673
27674
27675
27676
27677
27678
27679
27680
27681
27682
27683
27684
27685
27686
27687
27688
27689
27690
27691
27692
27693
27694
27695
27696
27697
27698
27699
27700
27701
27702
27703
27704
27705
27706
27707
27708
27709
27710
27711
27712
27713
27714
27715
27716
27717
27718
27719
27720
27721
27722
27723
27724
27725
27726
27727
27728
27729
27730
27731
27732
27733
27734
27735
27736
27737
27738
27739
27740
27741
27742
27743
27744
27745
27746
27747
27748
27749
27750
27751
27752
27753
27754
27755
27756
27757
27758
27759
27760
27761
27762
27763
27764
27765
27766
27767
27768
27769
27770
27771
27772
27773
27774
27775
27776
27777
27778
27779
27780
27781
27782
27783
27784
27785
27786
27787
27788
27789
27790
27791
27792
27793
27794
27795
27796
27797
27798
27799
27800
27801
27802
27803
27804
27805
27806
27807
27808
27809
27810
27811
27812
27813
27814
27815
27816
27817
27818
27819
27820
27821
27822
27823
27824
27825
27826
27827
27828
27829
27830
27831
27832
27833
27834
27835
27836
27837
27838
27839
27840
27841
27842
27843
27844
27845
27846
27847
27848
27849
27850
27851
27852
27853
27854
27855
27856
27857
27858
27859
27860
27861
27862
27863
27864
27865
27866
27867
27868
27869
27870
27871
27872
27873
27874
27875
27876
27877
27878
27879
27880
27881
27882
27883
27884
27885
27886
27887
27888
27889
27890
27891
27892
27893
27894
27895
27896
27897
27898
27899
27900
27901
27902
27903
27904
27905
27906
27907
27908
27909
27910
27911
27912
27913
27914
27915
27916
27917
27918
27919
27920
27921
27922
27923
27924
27925
27926
27927
27928
27929
27930
27931
27932
27933
27934
27935
27936
27937
27938
27939
27940
27941
27942
27943
27944
27945
27946
27947
27948
27949
27950
27951
27952
27953
27954
27955
27956
27957
27958
27959
27960
27961
27962
27963
27964
27965
27966
27967
27968
27969
27970
27971
27972
27973
27974
27975
27976
27977
27978
27979
27980
27981
27982
27983
27984
27985
27986
27987
27988
27989
27990
27991
27992
27993
27994
27995
27996
27997
27998
27999
28000
28001
28002
28003
28004
28005
28006
28007
28008
28009
28010
28011
28012
28013
28014
28015
28016
28017
28018
28019
28020
28021
28022
28023
28024
28025
28026
28027
28028
28029
28030
28031
28032
28033
28034
28035
28036
28037
28038
28039
28040
28041
28042
28043
28044
28045
28046
28047
28048
28049
28050
28051
28052
28053
28054
28055
28056
28057
28058
28059
28060
28061
28062
28063
28064
28065
28066
28067
28068
28069
28070
28071
28072
28073
28074
28075
28076
28077
28078
28079
28080
28081
28082
28083
28084
28085
28086
28087
28088
28089
28090
28091
28092
28093
28094
28095
28096
28097
28098
28099
28100
28101
28102
28103
28104
28105
28106
28107
28108
28109
28110
28111
28112
28113
28114
28115
28116
28117
28118
28119
28120
28121
28122
28123
28124
28125
28126
28127
28128
28129
28130
28131
28132
28133
28134
28135
28136
28137
28138
28139
28140
28141
28142
28143
28144
28145
28146
28147
28148
28149
28150
28151
28152
28153
28154
28155
28156
28157
28158
28159
28160
28161
28162
28163
28164
28165
28166
28167
28168
28169
28170
28171
28172
28173
28174
28175
28176
28177
28178
28179
28180
28181
28182
28183
28184
28185
28186
28187
28188
28189
28190
28191
28192
28193
28194
28195
28196
28197
28198
28199
28200
28201
28202
28203
28204
28205
28206
28207
28208
28209
28210
28211
28212
28213
28214
28215
28216
28217
28218
28219
28220
28221
28222
28223
28224
28225
28226
28227
28228
28229
28230
28231
28232
28233
28234
28235
28236
28237
28238
28239
28240
28241
28242
28243
28244
28245
28246
28247
28248
28249
28250
28251
28252
28253
28254
28255
28256
28257
28258
28259
28260
28261
28262
28263
28264
28265
28266
28267
28268
28269
28270
28271
28272
28273
28274
28275
28276
28277
28278
28279
28280
28281
28282
28283
28284
28285
28286
28287
28288
28289
28290
28291
28292
28293
28294
28295
28296
28297
28298
28299
28300
28301
28302
28303
28304
28305
28306
28307
28308
28309
28310
28311
28312
28313
28314
28315
28316
28317
28318
28319
28320
28321
28322
28323
28324
28325
28326
28327
28328
28329
28330
28331
28332
28333
28334
28335
28336
28337
28338
28339
28340
28341
28342
28343
28344
28345
28346
28347
28348
28349
28350
28351
28352
28353
28354
28355
28356
28357
28358
28359
28360
28361
28362
28363
28364
28365
28366
28367
28368
28369
28370
28371
28372
28373
28374
28375
28376
28377
28378
28379
28380
28381
28382
28383
28384
28385
28386
28387
28388
28389
28390
28391
28392
28393
28394
28395
28396
28397
28398
28399
28400
28401
28402
28403
28404
28405
28406
28407
28408
28409
28410
28411
28412
28413
28414
28415
28416
28417
28418
28419
28420
28421
28422
28423
28424
28425
28426
28427
28428
28429
28430
28431
28432
28433
28434
28435
28436
28437
28438
28439
28440
28441
28442
28443
28444
28445
28446
28447
28448
28449
28450
28451
28452
28453
28454
28455
28456
28457
28458
28459
28460
28461
28462
28463
28464
28465
28466
28467
28468
28469
28470
28471
28472
28473
28474
28475
28476
28477
28478
28479
28480
28481
28482
28483
28484
28485
28486
28487
28488
28489
28490
28491
28492
28493
28494
28495
28496
28497
28498
28499
28500
28501
28502
28503
28504
28505
28506
28507
28508
28509
28510
28511
28512
28513
28514
28515
28516
28517
28518
28519
28520
28521
28522
28523
28524
28525
28526
28527
28528
28529
28530
28531
28532
28533
28534
28535
28536
28537
28538
28539
28540
28541
28542
28543
28544
28545
28546
28547
28548
28549
28550
28551
28552
28553
28554
28555
28556
28557
28558
28559
28560
28561
28562
28563
28564
28565
28566
28567
28568
28569
28570
28571
28572
28573
28574
28575
28576
28577
28578
28579
28580
28581
28582
28583
28584
28585
28586
28587
28588
28589
28590
28591
28592
28593
28594
28595
28596
28597
28598
28599
28600
28601
28602
28603
28604
28605
28606
28607
28608
28609
28610
28611
28612
28613
28614
28615
28616
28617
28618
28619
28620
28621
28622
28623
28624
28625
28626
28627
28628
28629
28630
28631
28632
28633
28634
28635
28636
28637
28638
28639
28640
28641
28642
28643
28644
28645
28646
28647
28648
28649
28650
28651
28652
28653
28654
28655
28656
28657
28658
28659
28660
28661
28662
28663
28664
28665
28666
28667
28668
28669
28670
28671
28672
28673
28674
28675
28676
28677
28678
28679
28680
28681
28682
28683
28684
28685
28686
28687
28688
28689
28690
28691
28692
28693
28694
28695
28696
28697
28698
28699
28700
28701
28702
28703
28704
28705
28706
28707
28708
28709
28710
28711
28712
28713
28714
28715
28716
28717
28718
28719
28720
28721
28722
28723
28724
28725
28726
28727
28728
28729
28730
28731
28732
28733
28734
28735
28736
28737
28738
28739
28740
28741
28742
28743
28744
28745
28746
28747
28748
28749
28750
28751
28752
28753
28754
28755
28756
28757
28758
28759
28760
28761
28762
28763
28764
28765
28766
28767
28768
28769
28770
28771
28772
28773
28774
28775
28776
28777
28778
28779
28780
28781
28782
28783
28784
28785
28786
28787
28788
28789
28790
28791
28792
28793
28794
28795
28796
28797
28798
28799
28800
28801
28802
28803
28804
28805
28806
28807
28808
28809
28810
28811
28812
28813
28814
28815
28816
28817
28818
28819
28820
28821
28822
28823
28824
28825
28826
28827
28828
28829
28830
28831
28832
28833
28834
28835
28836
28837
28838
28839
28840
28841
28842
28843
28844
28845
28846
28847
28848
28849
28850
28851
28852
28853
28854
28855
28856
28857
28858
28859
28860
28861
28862
28863
28864
28865
28866
28867
28868
28869
28870
28871
28872
28873
28874
28875
28876
28877
28878
28879
28880
28881
28882
28883
28884
28885
28886
28887
28888
28889
28890
28891
28892
28893
28894
28895
28896
28897
28898
28899
28900
28901
28902
28903
28904
28905
28906
28907
28908
28909
28910
28911
28912
28913
28914
28915
28916
28917
28918
28919
28920
28921
28922
28923
28924
28925
28926
28927
28928
28929
28930
28931
28932
28933
28934
28935
28936
28937
28938
28939
28940
28941
28942
28943
28944
28945
28946
28947
28948
28949
28950
28951
28952
28953
28954
28955
28956
28957
28958
28959
28960
28961
28962
28963
28964
28965
28966
28967
28968
28969
28970
28971
28972
28973
28974
28975
28976
28977
28978
28979
28980
28981
28982
28983
28984
28985
28986
28987
28988
28989
28990
28991
28992
28993
28994
28995
28996
28997
28998
28999
29000
29001
29002
29003
29004
29005
29006
29007
29008
29009
29010
29011
29012
29013
29014
29015
29016
29017
29018
29019
29020
29021
29022
29023
29024
29025
29026
29027
29028
29029
29030
29031
29032
29033
29034
29035
29036
29037
29038
29039
29040
29041
29042
29043
29044
29045
29046
29047
29048
29049
29050
29051
29052
29053
29054
29055
29056
29057
29058
29059
29060
29061
29062
29063
29064
29065
29066
29067
29068
29069
29070
29071
29072
29073
29074
29075
29076
29077
29078
29079
29080
29081
29082
29083
29084
29085
29086
29087
29088
29089
29090
29091
29092
29093
29094
29095
29096
29097
29098
29099
29100
29101
29102
29103
29104
29105
29106
29107
29108
29109
29110
29111
29112
29113
29114
29115
29116
29117
29118
29119
29120
29121
29122
29123
29124
29125
29126
29127
29128
29129
29130
29131
29132
29133
29134
29135
29136
29137
29138
29139
29140
29141
29142
29143
29144
29145
29146
29147
29148
29149
29150
29151
29152
29153
29154
29155
29156
29157
29158
29159
29160
29161
29162
29163
29164
29165
29166
29167
29168
29169
29170
29171
29172
29173
29174
29175
29176
29177
29178
29179
29180
29181
29182
29183
29184
29185
29186
29187
29188
29189
29190
29191
29192
29193
29194
29195
29196
29197
29198
29199
29200
29201
29202
29203
29204
29205
29206
29207
29208
29209
29210
29211
29212
29213
29214
29215
29216
29217
29218
29219
29220
29221
29222
29223
29224
29225
29226
29227
29228
29229
29230
29231
29232
29233
29234
29235
29236
29237
29238
29239
29240
29241
29242
29243
29244
29245
29246
29247
29248
29249
29250
29251
29252
29253
29254
29255
29256
29257
29258
29259
29260
29261
29262
29263
29264
29265
29266
29267
29268
29269
29270
29271
29272
29273
29274
29275
29276
29277
29278
29279
29280
29281
29282
29283
29284
29285
29286
29287
29288
29289
29290
29291
29292
29293
29294
29295
29296
29297
29298
29299
29300
29301
29302
29303
29304
29305
29306
29307
29308
29309
29310
29311
29312
29313
29314
29315
29316
29317
29318
29319
29320
29321
29322
29323
29324
29325
29326
29327
29328
29329
29330
29331
29332
29333
29334
29335
29336
29337
29338
29339
29340
29341
29342
29343
29344
29345
29346
29347
29348
29349
29350
29351
29352
29353
29354
29355
29356
29357
29358
29359
29360
29361
29362
29363
29364
29365
29366
29367
29368
29369
29370
29371
29372
29373
29374
29375
29376
29377
29378
29379
29380
29381
29382
29383
29384
29385
29386
29387
29388
29389
29390
29391
29392
29393
29394
29395
29396
29397
29398
29399
29400
29401
29402
29403
29404
29405
29406
29407
29408
29409
29410
29411
29412
29413
29414
29415
29416
29417
29418
29419
29420
29421
29422
29423
29424
29425
29426
29427
29428
29429
29430
29431
29432
29433
29434
29435
29436
29437
29438
29439
29440
29441
29442
29443
29444
29445
29446
29447
29448
29449
29450
29451
29452
29453
29454
29455
29456
29457
29458
29459
29460
29461
29462
29463
29464
29465
29466
29467
29468
29469
29470
29471
29472
29473
29474
29475
29476
29477
29478
29479
29480
29481
29482
29483
29484
29485
29486
29487
29488
29489
29490
29491
29492
29493
29494
29495
29496
29497
29498
29499
29500
29501
29502
29503
29504
29505
29506
29507
29508
29509
29510
29511
29512
29513
29514
29515
29516
29517
29518
29519
29520
29521
29522
29523
29524
29525
29526
29527
29528
29529
29530
29531
29532
29533
29534
29535
29536
29537
29538
29539
29540
29541
29542
29543
29544
29545
29546
29547
29548
29549
29550
29551
29552
29553
29554
29555
29556
29557
29558
29559
29560
29561
29562
29563
29564
29565
29566
29567
29568
29569
29570
29571
29572
29573
29574
29575
29576
29577
29578
29579
29580
29581
29582
29583
29584
29585
29586
29587
29588
29589
29590
29591
29592
29593
29594
29595
29596
29597
29598
29599
29600
29601
29602
29603
29604
29605
29606
29607
29608
29609
29610
29611
29612
29613
29614
29615
29616
29617
29618
29619
29620
29621
29622
29623
29624
29625
29626
29627
29628
29629
29630
29631
29632
29633
29634
29635
29636
29637
29638
29639
29640
29641
29642
29643
29644
29645
29646
29647
29648
29649
29650
29651
29652
29653
29654
29655
29656
29657
29658
29659
29660
29661
29662
29663
29664
29665
29666
29667
29668
29669
29670
29671
29672
29673
29674
29675
29676
29677
29678
29679
29680
29681
29682
29683
29684
29685
29686
29687
29688
29689
29690
29691
29692
29693
29694
29695
29696
29697
29698
29699
29700
29701
29702
29703
29704
29705
29706
29707
29708
29709
29710
29711
29712
29713
29714
29715
29716
29717
29718
29719
29720
29721
29722
29723
29724
29725
29726
29727
29728
29729
29730
29731
29732
29733
29734
29735
29736
29737
29738
29739
29740
29741
29742
29743
29744
29745
29746
29747
29748
29749
29750
29751
29752
29753
29754
29755
29756
29757
29758
29759
29760
29761
29762
29763
29764
29765
29766
29767
29768
29769
29770
29771
29772
29773
29774
29775
29776
29777
29778
29779
29780
29781
29782
29783
29784
29785
29786
29787
29788
29789
29790
29791
29792
29793
29794
29795
29796
29797
29798
29799
29800
29801
29802
29803
29804
29805
29806
29807
29808
29809
29810
29811
29812
29813
29814
29815
29816
29817
29818
29819
29820
29821
29822
29823
29824
29825
29826
29827
29828
29829
29830
29831
29832
29833
29834
29835
29836
29837
29838
29839
29840
29841
29842
29843
29844
29845
29846
29847
29848
29849
29850
29851
29852
29853
29854
29855
29856
29857
29858
29859
29860
29861
29862
29863
29864
29865
29866
29867
29868
29869
29870
29871
29872
29873
29874
29875
29876
29877
29878
29879
29880
29881
29882
29883
29884
29885
29886
29887
29888
29889
29890
29891
29892
29893
29894
29895
29896
29897
29898
29899
29900
29901
29902
29903
29904
29905
29906
29907
29908
29909
29910
29911
29912
29913
29914
29915
29916
29917
29918
29919
29920
29921
29922
29923
29924
29925
29926
29927
29928
29929
29930
29931
29932
29933
29934
29935
29936
29937
29938
29939
29940
29941
29942
29943
29944
29945
29946
29947
29948
29949
29950
29951
29952
29953
29954
29955
29956
29957
29958
29959
29960
29961
29962
29963
29964
29965
29966
29967
29968
29969
29970
29971
29972
29973
29974
29975
29976
29977
29978
29979
29980
29981
29982
29983
29984
29985
29986
29987
29988
29989
29990
29991
29992
29993
29994
29995
29996
29997
29998
29999
30000
30002
30003
30004
30006
30007
30008
30011
30012
30013
30014
30015
30016
30017
30018
30020
30024
30025
30026
30027
30029
30031
30032
30034
30035
30037
30039
30040
30046
30047
30050
30053
30054
30060
30062
30063
30064
30067
30068
30070
30074
30080
30081
30084
30085
30087
30088
30089
30090
30091
30092
30094
30096
30097
30098
30102
30103
30105
30107
30109
30112
30113
30116
30117
30118
30120
30125
30126
30127
30128
30129
30130
30131
30133
30134
30135
30136
30140
30141
30143
30144
30147
30148
30151
30153
30155
30159
30160
30162
30164
30166
30167
30168
30172
30175
30176
30177
30178
30180
30181
30182
30183
30185
30187
30188
30189
30190
30191
30192
30196
30197
30198
30200
30203
30206
30214
30217
30219
30222
30223
30224
30226
30227
30228
30229
30231
30234
30236
30239
30240
30241
30242
30243
30244
30245
30251
30253
30255
30257
30259
30260
30262
30265
30266
30267
30268
30270
30274
30276
30278
30280
30281
30283
30284
30286
30289
30290
30293
30294
30295
30298
30300
30302
30304
30305
30309
30310
30313
30314
30316
30317
30320
30323
30325
30326
30327
30328
30329
30330
30331
30333
30335
30340
30346
30347
30348
30349
30350
30351
30352
30353
30354
30356
30360
30361
30362
30365
30367
30369
30371
30375
30376
30377
30378
30381
30382
30384
30387
30388
30389
30391
30394
30396
30398
30400
30401
30404
30408
30409
30411
30412
30413
30414
30416
30418
30419
30421
30424
30428
30431
30433
30434
30435
30438
30439
30440
30441
30442
30445
30446
30447
30448
30449
30450
30452
30453
30454
30455
30456
30459
30460
30462
30466
30467
30469
30471
30472
30474
30475
30477
30478
30479
30481
30482
30483
30485
30486
30488
30489
30490
30491
30492
30493
30495
30502
30503
30504
30508
30510
30511
30512
30514
30515
30518
30520
30522
30523
30524
30526
30527
30528
30530
30531
30533
30535
30537
30539
30542
30545
30552
30553
30556
30562
30565
30567
30568
30571
30575
30576
30578
30579
30580
30582
30583
30584
30585
30588
30589
30591
30592
30594
30595
30597
30598
30599
30600
30602
30603
30604
30605
30606
30607
30608
30609
30613
30616
30618
30621
30627
30628
30633
30636
30637
30638
30641
30643
30644
30645
30646
30648
30649
30650
30652
30653
30656
30658
30659
30660
30663
30666
30668
30669
30670
30671
30673
30674
30676
30677
30678
30679
30680
30685
30687
30688
30692
30693
30694
30695
30699
30701
30702
30709
30710
30711
30713
30717
30718
30720
30721
30725
30726
30727
30730
30733
30735
30737
30740
30742
30745
30746
30747
30748
30749
30750
30755
30758
30760
30761
30763
30767
30768
30769
30770
30771
30772
30774
30777
30780
30781
30782
30786
30792
30794
30797
30799
30800
30801
30808
30812
30816
30817
30821
30824
30825
30828
30830
30832
30833
30834
30838
30839
30840
30843
30844
30845
30846
30848
30849
30853
30854
30856
30858
30863
30867
30868
30869
30873
30874
30876
30878
30879
30881
30883
30885
30887
30888
30891
30892
30893
30894
30895
30896
30897
30899
30900
30901
30902
30903
30905
30906
30907
30908
30910
30911
30913
30915
30919
30920
30922
30927
30928
30932
30933
30934
30936
30938
30939
30940
30945
30946
30950
30951
30956
30957
30958
30961
30965
30966
30967
30968
30969
30971
30972
30973
30975
30976
30978
30979
30980
30983
30986
30987
30988
30992
30994
30995
30996
30997
30998
31001
31003
31007
31015
31016
31017
31020
31021
31024
31026
31027
31029
31031
31036
31037
31038
31039
31040
31042
31044
31047
31048
31049
31051
31053
31056
31059
31060
31061
31062
31063
31064
31065
31069
31071
31072
31073
31076
31078
31080
31081
31085
31086
31087
31088
31091
31092
31093
31095
31096
31097
31098
31099
31100
31101
31104
31105
31107
31108
31111
31112
31113
31117
31118
31124
31127
31130
31131
31135
31136
31140
31141
31142
31145
31146
31148
31149
31150
31153
31154
31155
31156
31157
31158
31161
31165
31166
31167
31168
31169
31172
31173
31174
31175
31176
31177
31178
31179
31185
31187
31191
31197
31202
31206
31209
31210
31212
31216
31219
31224
31225
31226
31227
31228
31230
31231
31232
31234
31237
31238
31239
31241
31247
31248
31249
31250
31253
31256
31257
31260
31262
31263
31264
31265
31266
31267
31268
31270
31274
31275
31276
31278
31279
31280
31281
31285
31286
31291
31292
31293
31294
31296
31299
31300
31304
31305
31307
31308
31310
31311
31313
31314
31316
31323
31325
31327
31328
31329
31333
31334
31335
31336
31337
31340
31342
31344
31347
31348
31349
31350
31351
31352
31356
31357
31358
31363
31366
31369
31370
31372
31374
31381
31383
31384
31385
31386
31392
31397
31400
31404
31409
31410
31414
31415
31416
31417
31419
31421
31422
31423
31428
31431
31432
31433
31434
31435
31438
31446
31447
31451
31453
31456
31457
31462
31463
31464
31465
31466
31470
31471
31472
31473
31475
31477
31479
31481
31482
31483
31485
31486
31488
31492
31494
31495
31497
31498
31501
31502
31503
31506
31508
31509
31510
31511
31512
31514
31516
31517
31520
31521
31523
31524
31526
31527
31531
31534
31536
31539
31540
31541
31542
31545
31552
31554
31555
31556
31557
31558
31560
31565
31566
31567
31568
31569
31572
31573
31574
31576
31577
31579
31581
31583
31584
31585
31586
31587
31588
31590
31591
31592
31593
31595
31597
31601
31604
31605
31611
31612
31613
31614
31616
31617
31618
31619
31621
31622
31628
31629
31630
31632
31634
31636
31637
31639
31640
31645
31646
31648
31649
31651
31652
31657
31658
31662
31663
31666
31669
31670
31672
31673
31675
31677
31678
31679
31680
31689
31690
31691
31697
31701
31704
31705
31706
31709
31710
31713
31716
31724
31725
31727
31728
31730
31731
31734
31735
31736
31738
31740
31741
31743
31745
31746
31747
31753
31755
31757
31758
31760
31764
31765
31766
31767
31770
31774
31776
31777
31780
31781
31782
31787
31788
31793
31795
31796
31798
31803
31805
31809
31814
31815
31820
31821
31823
31824
31829
31830
31831
31832
31833
31835
31838
31839
31845
31847
31849
31850
31857
31858
31860
31861
31862
31863
31864
31865
31866
31869
31870
31871
31872
31873
31874
31875
31876
31877
31880
31882
31885
31886
31887
31890
31891
31892
31893
31894
31896
31898
31906
31907
31909
31910
31912
31914
31915
31916
31917
31921
31923
31928
31929
31932
31933
31935
31936
31939
31942
31948
31949
31953
31956
31957
31958
31959
31962
31964
31965
31966
31968
31969
31973
31975
31977
31979
31980
31981
31982
31983
31985
31987
31988
31990
31994
31996
31999
32001
32006
32009
32010
32012
32015
32016
32019
32021
32022
32024
32025
32032
32034
32038
32039
32040
32041
32043
32046
32047
32048
32049
32051
32054
32056
32058
32061
32062
32066
32067
32068
32069
32070
32075
32077
32078
32081
32083
32087
32089
32091
32093
32094
32097
32098
32100
32103
32106
32107
32108
32109
32112
32115
32117
32120
32122
32125
32126
32127
32128
32131
32136
32137
32138
32142
32145
32146
32147
32150
32151
32153
32158
32160
32165
32168
32170
32171
32173
32176
32177
32178
32179
32180
32182
32183
32184
32185
32186
32187
32188
32190
32191
32193
32194
32195
32197
32201
32202
32203
32205
32206
32207
32212
32213
32215
32222
32223
32224
32225
32226
32228
32231
32233
32235
32236
32237
32239
32241
32242
32244
32248
32249
32253
32254
32257
32258
32260
32261
32263
32265
32266
32267
32268
32269
32270
32271
32272
32275
32276
32277
32278
32282
32283
32284
32285
32289
32292
32294
32295
32296
32298
32299
32300
32302
32304
32305
32306
32309
32310
32311
32317
32318
32320
32322
32325
32326
32327
32330
32337
32339
32343
32345
32346
32348
32350
32355
32359
32360
32361
32364
32368
32369
32370
32371
32372
32373
32375
32376
32377
32380
32381
32382
32384
32385
32387
32388
32391
32392
32394
32397
32399
32401
32403
32404
32405
32406
32407
32410
32411
32414
32417
32420
32422
32423
32425
32428
32429
32430
32431
32432
32434
32435
32437
32438
32439
32444
32445
32446
32447
32450
32451
32452
32453
32454
32456
32458
32461
32464
32466
32468
32471
32473
32475
32480
32481
32482
32484
32488
32490
32493
32494
32496
32497
32498
32500
32501
32507
32508
32510
32512
32516
32517
32519
32520
32523
32526
32530
32532
32533
32534
32535
32536
32541
32542
32544
32545
32546
32548
32549
32550
32552
32553
32558
32559
32560
32561
32563
32564
32565
32566
32569
32570
32571
32575
32579
32581
32582
32583
32584
32587
32589
32590
32592
32595
32596
32597
32599
32600
32604
32606
32607
32611
32612
32614
32615
32618
32621
32622
32623
32625
32626
32627
32628
32632
32635
32636
32637
32640
32643
32645
32648
32649
32650
32651
32653
32655
32657
32658
32660
32663
32664
32665
32667
32668
32669
32671
32678
32685
32686
32691
32694
32695
32696
32700
32704
32710
32712
32713
32715
32716
32719
32721
32723
32724
32725
32727
32728
32729
32730
32731
32733
32734
32736
32739
32740
32745
32746
32748
32749
32752
32753
32754
32757
32758
32762
32763
32768
32769
32770
32773
32777
32778
32781
32782
32784
32785
32786
32789
32791
32793
32794
32795
32797
32798
32799
32800
32801
32804
32810
32812
32814
32817
32818
32819
32821
32823
32824
32825
32827
32828
32829
32830
32832
32833
32834
32837
32838
32840
32841
32842
32843
32845
32848
32849
32850
32851
32852
32854
32855
32856
32857
32860
32861
32863
32867
32868
32869
32872
32874
32875
32876
32878
32881
32882
32885
32886
32887
32893
32895
32896
32897
32899
32900
32901
32902
32905
32906
32907
32908
32911
32912
32916
32917
32918
32920
32921
32922
32926
32927
32929
32931
32933
32936
32938
32939
32942
32943
32946
32947
32948
32949
32952
32953
32955
32956
32959
32960
32962
32974
32975
32977
32979
32980
32981
32983
32984
32988
32989
32991
32992
32995
33000
33001
33002
33003
33004
33005
33007
33009
33010
33011
33014
33017
33025
33027
33029
33036
33037
33040
33041
33046
33049
33051
33052
33053
33056
33058
33059
33060
33063
33064
33066
33069
33070
33071
33072
33074
33077
33078
33079
33080
33081
33082
33085
33088
33089
33090
33093
33094
33095
33097
33098
33099
33100
33102
33103
33105
33107
33110
33111
33117
33120
33121
33123
33124
33126
33127
33131
33134
33135
33136
33137
33139
33144
33145
33146
33149
33150
33151
33156
33157
33158
33159
33162
33166
33167
33168
33169
33170
33171
33173
33179
33180
33182
33183
33187
33190
33193
33195
33197
33198
33200
33201
33202
33203
33205
33206
33208
33214
33217
33218
33220
33221
33224
33226
33229
33234
33235
33236
33237
33238
33239
33240
33241
33242
33244
33246
33247
33249
33250
33251
33254
33256
33257
33261
33263
33264
33266
33269
33272
33274
33276
33277
33278
33281
33283
33284
33286
33291
33292
33294
33295
33297
33302
33305
33306
33307
33309
33314
33321
33322
33323
33324
33327
33330
33332
33333
33335
33336
33337
33339
33340
33342
33343
33345
33346
33348
33349
33351
33353
33354
33355
33356
33359
33360
33361
33362
33365
33368
33370
33372
33373
33375
33377
33378
33381
33382
33384
33385
33386
33387
33388
33389
33390
33391
33398
33399
33400
33401
33402
33404
33405
33409
33410
33413
33416
33418
33419
33424
33425
33427
33428
33430
33432
33433
33438
33440
33441
33443
33444
33447
33449
33451
33452
33458
33460
33461
33462
33463
33465
33468
33472
33473
33474
33476
33479
33480
33484
33485
33487
33488
33489
33494
33495
33498
33499
33501
33502
33504
33505
33511
33512
33513
33514
33515
33519
33525
33526
33527
33529
33532
33533
33534
33535
33537
33539
33540
33541
33542
33545
33546
33547
33549
33553
33554
33555
33556
33557
33558
33559
33560
33567
33569
33572
33576
33577
33580
33582
33583
33585
33586
33587
33591
33592
33593
33595
33596
33597
33598
33601
33603
33607
33608
33610
33611
33614
33615
33617
33618
33620
33623
33626
33627
33628
33633
33634
33636
33642
33643
33645
33646
33648
33649
33650
33651
33652
33653
33654
33656
33659
33662
33663
33664
33666
33667
33669
33670
33671
33673
33674
33680
33681
33682
33683
33684
33685
33690
33693
33695
33697
33702
33703
33704
33707
33708
33709
33713
33714
33718
33720
33723
33724
33725
33728
33729
33730
33731
33733
33735
33736
33737
33738
33739
33741
33743
33745
33747
33750
33753
33754
33759
33760
33763
33764
33765
33766
33767
33768
33769
33770
33773
33777
33778
33779
33780
33781
33782
33783
33784
33786
33787
33789
33791
33795
33798
33799
33800
33805
33807
33809
33810
33813
33815
33818
33820
33823
33827
33828
33830
33831
33833
33834
33837
33840
33841
33842
33845
33846
33847
33848
33854
33858
33859
33860
33861
33862
33863
33865
33871
33872
33873
33876
33877
33879
33880
33881
33882
33883
33884
33885
33886
33887
33889
33890
33896
33898
33899
33900
33904
33905
33907
33910
33912
33915
33916
33917
33918
33919
33921
33923
33924
33926
33928
33929
33930
33931
33933
33935
33936
33937
33938
33939
33940
33942
33943
33944
33947
33948
33951
33952
33954
33957
33961
33964
33965
33966
33967
33969
33970
33971
33972
33975
33976
33978
33979
33981
33982
33986
33989
33990
33991
33992
33993
33996
33997
34003
34004
34005
34007
34009
34011
34013
34014
34017
34018
34019
34020
34021
34022
34026
34027
34028
34030
34032
34033
34035
34038
34045
34047
34049
34052
34054
34055
34059
34060
34061
34062
34063
34064
34068
34069
34070
34071
34072
34076
34077
34084
34085
34086
34087
34091
34093
34094
34095
34096
34099
34101
34102
34103
34105
34110
34113
34114
34115
34116
34117
34120
34121
34125
34126
34128
34129
34130
34133
34135
34136
34140
34144
34146
34147
34148
34150
34151
34152
34153
34154
34156
34157
34158
34159
34161
34162
34163
34164
34165
34166
34170
34172
34173
34174
34175
34177
34178
34181
34188
34189
34190
34191
34195
34196
34198
34199
34201
34203
34204
34205
34209
34212
34215
34217
34218
34219
34223
34224
34225
34226
34230
34231
34232
34233
34235
34238
34239
34240
34241
34243
34245
34246
34250
34252
34255
34259
34260
34261
34265
34267
34268
34270
34271
34272
34275
34278
34283
34284
34285
34286
34287
34291
34295
34296
34297
34301
34306
34308
34309
34311
34312
34315
34316
34317
34318
34320
34321
34323
34324
34325
34326
34327
34329
34332
34336
34337
34339
34341
34342
34343
34345
34346
34349
34353
34354
34358
34360
34363
34364
34367
34369
34371
34376
34380
34381
34383
34385
34387
34389
34392
34393
34395
34396
34397
34398
34402
34403
34404
34406
34408
34409
34410
34412
34415
34416
34417
34418
34420
34422
34424
34426
34427
34428
34431
34435
34436
34438
34439
34441
34442
34444
34445
34447
34449
34451
34452
34453
34454
34456
34458
34459
34461
34464
34465
34468
34469
34470
34472
34473
34474
34478
34479
34480
34482
34484
34486
34487
34493
34495
34498
34499
34507
34513
34514
34516
34517
34521
34524
34525
34526
34527
34529
34530
34531
34532
34533
34535
34536
34538
34539
34540
34541
34542
34545
34550
34552
34555
34557
34559
34560
34561
34562
34563
34564
34565
34569
34571
34573
34574
34580
34583
34588
34590
34593
34598
34599
34601
34602
34603
34607
34610
34611
34614
34616
34617
34618
34619
34620
34622
34624
34626
34630
34631
34636
34637
34638
34639
34641
34642
34643
34645
34647
34648
34649
34654
34656
34657
34659
34660
34662
34663
34665
34666
34667
34669
34670
34671
34674
34676
34677
34678
34680
34681
34683
34684
34686
34688
34689
34690
34692
34693
34695
34697
34698
34702
34703
34704
34706
34707
34708
34710
34711
34715
34724
34728
34734
34743
34746
34747
34752
34753
34754
34758
34761
34763
34765
34766
34767
34768
34769
34770
34773
34774
34775
34776
34777
34778
34779
34781
34783
34786
34788
34791
34793
34794
34796
34797
34798
34799
34806
34807
34808
34809
34810
34813
34814
34818
34819
34829
34831
34833
34834
34835
34836
34838
34839
34841
34843
34845
34847
34849
34850
34851
34852
34853
34854
34857
34860
34865
34867
34868
34871
34875
34876
34877
34878
34882
34883
34884
34885
34886
34887
34889
34892
34895
34897
34901
34904
34905
34906
34908
34909
34913
34915
34917
34923
34925
34928
34933
34934
34936
34938
34939
34941
34942
34943
34944
34945
34946
34948
34950
34951
34966
34968
34970
34971
34972
34973
34976
34977
34979
34980
34983
34984
34985
34990
34993
34996
34999
35000
35001
35002
35003
35005
35007
35008
35009
35011
35012
35013
35015
35019
35021
35023
35024
35025
35026
35029
35030
35033
35034
35035
35036
35038
35039
35041
35042
35045
35049
35050
35051
35052
35053
35055
35057
35058
35061
35063
35064
35068
35069
35070
35071
35073
35077
35079
35083
35087
35088
35090
35092
35093
35095
35097
35101
35104
35106
35107
35108
35115
35119
35120
35121
35126
35127
35128
35129
35130
35131
35135
35136
35138
35139
35144
35145
35146
35148
35149
35151
35155
35156
35160
35161
35163
35164
35166
35170
35172
35176
35177
35180
35183
35186
35188
35191
35196
35197
35200
35202
35203
35204
35205
35208
35210
35211
35213
35214
35215
35217
35218
35222
35224
35225
35227
35228
35232
35234
35235
35236
35238
35240
35242
35246
35248
35250
35251
35253
35254
35256
35257
35260
35261
35262
35265
35266
35270
35271
35274
35275
35277
35278
35279
35280
35284
35286
35288
35289
35291
35292
35294
35297
35300
35302
35303
35304
35306
35308
35310
35312
35315
35316
35319
35320
35321
35322
35323
35325
35328
35331
35332
35333
35335
35336
35337
35339
35340
35344
35347
35348
35352
35355
35358
35364
35366
35367
35372
35378
35379
35382
35383
35384
35396
35397
35400
35401
35402
35404
35405
35415
35416
35417
35422
35424
35428
35430
35432
35433
35435
35436
35441
35442
35443
35445
35448
35449
35450
35451
35453
35454
35455
35456
35457
35459
35460
35463
35465
35467
35468
35469
35471
35472
35473
35477
35478
35480
35486
35487
35490
35494
35495
35497
35499
35500
35504
35507
35510
35511
35512
35514
35517
35521
35522
35523
35524
35526
35529
35530
35532
35533
35538
35539
35540
35541
35542
35544
35548
35550
35554
35555
35556
35558
35559
35560
35562
35564
35566
35569
35573
35574
35575
35576
35577
35578
35580
35581
35583
35584
35589
35590
35596
35597
35603
35604
35605
35606
35607
35610
35613
35615
35616
35617
35620
35621
35624
35625
35626
35628
35630
35631
35639
35640
35642
35643
35645
35646
35647
35648
35649
35650
35652
35657
35658
35660
35662
35669
35670
35671
35675
35679
35680
35682
35683
35685
35686
35687
35690
35692
35696
35698
35704
35705
35706
35707
35709
35710
35714
35715
35717
35718
35719
35723
35725
35726
35727
35730
35731
35732
35734
35736
35737
35738
35741
35742
35745
35747
35748
35751
35752
35753
35760
35762
35767
35770
35771
35772
35779
35780
35781
35783
35784
35785
35787
35790
35792
35793
35796
35798
35799
35800
35801
35803
35805
35807
35810
35812
35815
35816
35820
35821
35822
35823
35827
35828
35832
35833
35834
35835
35836
35840
35842
35844
35846
35847
35850
35851
35853
35855
35856
35858
35859
35860
35861
35862
35866
35869
35871
35873
35874
35876
35878
35884
35885
35887
35889
35890
35892
35894
35895
35897
35900
35904
35911
35914
35916
35920
35924
35926
35927
35932
35934
35937
35938
35940
35942
35944
35951
35952
35955
35957
35958
35960
35961
35965
35967
35968
35970
35971
35972
35980
35982
35984
35988
35990
35991
35994
35995
35996
35999
36000
36002
36003
36005
36008
36012
36015
36016
36020
36021
36023
36024
36027
36032
36038
36042
36044
36045
36046
36047
36050
36051
36052
36053
36054
36056
36060
36063
36064
36066
36070
36071
36073
36074
36076
36078
36081
36082
36087
36088
36090
36092
36095
36100
36104
36105
36107
36109
36110
36115
36116
36120
36121
36122
36123
36124
36125
36137
36138
36144
36145
36147
36150
36151
36152
36153
36154
36158
36160
36167
36168
36172
36174
36177
36181
36182
36184
36186
36187
36189
36190
36191
36193
36196
36203
36205
36206
36207
36211
36213
36214
36215
36217
36218
36220
36223
36226
36230
36231
36233
36235
36236
36237
36238
36239
36240
36245
36246
36251
36254
36258
36262
36268
36269
36272
36273
36275
36278
36279
36281
36282
36284
36285
36286
36287
36288
36293
36295
36300
36309
36311
36315
36316
36317
36320
36321
36325
36327
36328
36329
36330
36332
36333
36334
36336
36337
36338
36341
36342
36344
36347
36348
36350
36351
36352
36355
36357
36358
36361
36365
36366
36367
36368
36376
36377
36380
36381
36382
36383
36387
36388
36389
36390
36395
36397
36402
36404
36407
36412
36415
36416
36418
36420
36422
36423
36426
36427
36429
36433
36436
36437
36444
36445
36447
36455
36456
36458
36459
36460
36461
36462
36463
36465
36466
36467
36469
36471
36472
36473
36479
36480
36483
36484
36485
36486
36487
36488
36489
36491
36495
36496
36497
36506
36507
36508
36509
36510
36512
36513
36514
36515
36516
36518
36520
36524
36525
36526
36527
36528
36531
36533
36534
36536
36537
36538
36539
36548
36549
36551
36552
36553
36561
36562
36564
36565
36566
36567
36571
36572
36574
36575
36576
36577
36578
36579
36581
36583
36585
36588
36589
36591
36594
36595
36597
36598
36600
36602
36604
36605
36606
36609
36610
36611
36616
36618
36620
36621
36622
36624
36625
36626
36628
36630
36633
36634
36635
36641
36642
36645
36647
36648
36652
36655
36659
36661
36663
36664
36665
36667
36669
36676
36678
36680
36681
36683
36684
36699
36700
36704
36705
36706
36707
36710
36714
36715
36718
36721
36722
36724
36726
36727
36728
36729
36730
36731
36732
36733
36734
36735
36737
36740
36743
36744
36745
36748
36749
36750
36753
36758
36763
36766
36767
36768
36773
36774
36776
36778
36779
36781
36782
36785
36788
36789
36792
36795
36796
36798
36799
36802
36804
36805
36806
36807
36811
36812
36813
36817
36818
36820
36826
36827
36832
36833
36834
36836
36837
36839
36840
36841
36842
36845
36846
36850
36851
36852
36855
36857
36858
36860
36864
36866
36867
36876
36881
36883
36886
36888
36893
36895
36896
36897
36901
36902
36911
36912
36913
36914
36915
36916
36917
36920
36921
36923
36925
36927
36928
36933
36935
36941
36942
36946
36951
36954
36956
36957
36959
36961
36962
36963
36964
36965
36968
36969
36970
36973
36974
36977
36980
36983
36986
36987
36988
36994
36996
36997
37001
37002
37004
37005
37009
37012
37014
37015
37016
37022
37026
37029
37032
37034
37037
37039
37040
37042
37044
37045
37047
37051
37053
37056
37057
37058
37060
37062
37066
37067
37068
37069
37070
37072
37075
37079
37080
37081
37083
37085
37086
37090
37093
37096
37100
37101
37102
37103
37104
37106
37107
37109
37110
37112
37114
37116
37119
37120
37121
37122
37124
37125
37126
37128
37130
37131
37132
37138
37142
37145
37147
37148
37150
37151
37155
37157
37162
37163
37164
37166
37173
37174
37175
37177
37178
37179
37184
37185
37187
37192
37193
37194
37196
37200
37204
37205
37207
37208
37212
37213
37215
37217
37218
37223
37224
37227
37230
37231
37232
37233
37234
37235
37238
37242
37243
37244
37248
37252
37255
37257
37261
37263
37264
37265
37267
37270
37272
37273
37276
37278
37279
37280
37281
37286
37289
37290
37294
37295
37298
37299
37300
37301
37304
37305
37306
37309
37312
37313
37315
37316
37320
37322
37324
37326
37327
37329
37330
37332
37337
37339
37341
37343
37345
37349
37351
37359
37360
37361
37363
37364
37365
37367
37368
37370
37371
37372
37373
37374
37375
37376
37377
37379
37380
37381
37382
37383
37385
37388
37391
37392
37393
37396
37397
37398
37400
37402
37407
37408
37410
37412
37415
37418
37419
37420
37421
37422
37423
37427
37429
37432
37434
37437
37438
37439
37441
37443
37445
37450
37451
37454
37456
37460
37463
37465
37468
37471
37472
37476
37477
37478
37480
37481
37483
37484
37485
37487
37489
37490
37491
37492
37493
37494
37495
37496
37497
37499
37503
37506
37512
37513
37514
37516
37518
37519
37520
37521
37522
37523
37526
37528
37531
37532
37536
37544
37546
37550
37557
37561
37563
37567
37568
37571
37576
37578
37581
37583
37585
37588
37591
37592
37595
37597
37599
37602
37603
37604
37606
37607
37609
37613
37617
37618
37619
37621
37623
37624
37627
37628
37634
37637
37648
37649
37650
37652
37654
37655
37661
37664
37665
37666
37669
37671
37672
37673
37674
37675
37680
37681
37684
37685
37687
37695
37698
37699
37701
37703
37704
37708
37711
37712
37714
37717
37718
37719
37721
37722
37724
37728
37730
37733
37736
37738
37742
37743
37746
37747
37752
37758
37760
37762
37764
37766
37768
37770
37771
37772
37774
37776
37777
37778
37780
37781
37782
37785
37787
37792
37795
37797
37798
37802
37803
37805
37807
37808
37809
37810
37811
37813
37816
37817
37819
37826
37829
37831
37833
37834
37836
37840
37842
37844
37846
37847
37851
37852
37854
37855
37858
37860
37863
37864
37867
37868
37870
37871
37872
37875
37879
37880
37881
37883
37885
37886
37887
37888
37889
37891
37892
37894
37895
37898
37899
37902
37903
37904
37905
37909
37910
37911
37912
37914
37915
37917
37919
37920
37921
37923
37927
37930
37931
37932
37934
37937
37941
37942
37946
37948
37953
37955
37956
37957
37960
37963
37973
37978
37980
37981
37982
37983
37984
37985
37986
37987
37988
37989
37991
37994
37998
37999
38000
38005
38006
38008
38011
38014
38015
38018
38019
38020
38021
38022
38025
38028
38030
38035
38037
38040
38043
38044
38045
38047
38048
38049
38050
38051
38055
38056
38057
38060
38061
38062
38064
38066
38068
38069
38071
38072
38073
38077
38080
38082
38086
38088
38090
38092
38093
38097
38105
38110
38111
38116
38117
38118
38119
38120
38121
38123
38124
38125
38127
38128
38131
38132
38140
38142
38145
38146
38147
38148
38150
38154
38155
38159
38166
38167
38169
38173
38174
38177
38178
38179
38180
38182
38184
38188
38190
38192
38193
38195
38197
38198
38202
38203
38204
38205
38206
38210
38211
38212
38217
38218
38221
38225
38228
38229
38230
38231
38233
38235
38238
38242
38243
38247
38248
38249
38250
38253
38255
38261
38263
38264
38268
38269
38270
38272
38276
38277
38280
38281
38282
38283
38285
38286
38288
38290
38292
38294
38295
38298
38299
38301
38302
38307
38308
38310
38311
38312
38313
38314
38315
38319
38320
38321
38322
38325
38328
38333
38335
38336
38337
38338
38341
38342
38350
38357
38358
38359
38361
38363
38367
38371
38373
38374
38376
38379
38380
38382
38383
38387
38390
38392
38394
38395
38399
38400
38402
38404
38408
38409
38410
38411
38413
38415
38420
38422
38425
38426
38427
38428
38430
38431
38436
38438
38439
38441
38445
38447
38448
38452
38454
38455
38457
38458
38459
38461
38463
38464
38465
38466
38469
38470
38472
38473
38474
38477
38478
38479
38487
38492
38495
38498
38499
38500
38501
38502
38506
38508
38509
38512
38513
38514
38516
38519
38526
38528
38530
38533
38534
38536
38540
38541
38542
38543
38545
38547
38548
38549
38552
38553
38557
38558
38560
38561
38563
38564
38568
38570
38572
38574
38577
38580
38582
38584
38585
38587
38588
38591
38596
38598
38599
38600
38601
38602
38603
38604
38605
38606
38607
38608
38611
38615
38616
38617
38621
38622
38624
38625
38628
38630
38636
38637
38639
38641
38643
38644
38647
38648
38649
38651
38652
38656
38660
38661
38663
38664
38665
38671
38672
38673
38676
38678
38681
38683
38687
38688
38689
38695
38697
38698
38699
38700
38704
38706
38707
38709
38710
38716
38717
38721
38722
38723
38728
38729
38731
38732
38733
38734
38735
38736
38737
38738
38739
38743
38745
38746
38749
38751
38753
38755
38757
38758
38759
38761
38762
38764
38768
38769
38771
38772
38774
38782
38783
38784
38786
38789
38790
38792
38795
38797
38799
38800
38801
38802
38807
38810
38815
38817
38818
38819
38820
38824
38825
38826
38827
38828
38829
38832
38835
38837
38838
38839
38841
38842
38843
38844
38846
38853
38856
38864
38866
38868
38870
38871
38872
38880
38881
38882
38884
38885
38887
38888
38891
38892
38894
38896
38897
38902
38905
38908
38912
38922
38923
38925
38926
38927
38930
38931
38933
38936
38937
38938
38940
38943
38946
38948
38949
38951
38952
38953
38954
38957
38959
38962
38964
38965
38971
38972
38973
38974
38977
38983
38986
38987
38992
38994
38999
39001
39002
39003
39009
39010
39011
39012
39013
39014
39020
39022
39023
39025
39026
39027
39028
39030
39034
39035
39037
39038
39039
39042
39043
39044
39050
39052
39055
39056
39057
39058
39059
39060
39062
39063
39064
39065
39067
39071
39072
39073
39075
39079
39080
39084
39085
39086
39087
39088
39091
39093
39095
39097
39099
39100
39101
39102
39104
39109
39110
39112
39113
39114
39118
39119
39121
39122
39124
39128
39132
39135
39137
39138
39139
39140
39142
39143
39146
39149
39150
39151
39153
39156
39157
39163
39167
39168
39169
39172
39173
39176
39177
39179
39181
39182
39186
39187
39188
39190
39195
39196
39199
39200
39204
39210
39214
39215
39217
39218
39219
39221
39223
39224
39229
39234
39235
39236
39238
39239
39240
39241
39242
39245
39246
39249
39253
39254
39256
39259
39262
39264
39265
39266
39267
39271
39273
39275
39276
39277
39279
39280
39283
39286
39289
39290
39291
39295
39296
39299
39302
39303
39305
39307
39310
39311
39312
39314
39315
39316
39319
39320
39323
39325
39326
39327
39328
39332
39333
39334
39335
39337
39338
39341
39342
39345
39346
39347
39348
39352
39353
39354
39356
39358
39359
39361
39362
39363
39370
39372
39373
39374
39375
39379
39380
39381
39383
39384
39386
39387
39388
39389
39391
39397
39399
39401
39406
39407
39409
39410
39412
39415
39421
39422
39430
39431
39434
39435
39438
39440
39442
39447
39449
39450
39453
39455
39456
39461
39463
39465
39468
39469
39470
39471
39472
39477
39479
39482
39484
39488
39489
39494
39495
39496
39504
39505
39508
39515
39517
39520
39521
39522
39524
39525
39527
39533
39534
39535
39536
39539
39543
39544
39546
39548
39550
39551
39552
39557
39558
39560
39561
39562
39563
39564
39565
39568
39569
39570
39571
39574
39575
39581
39583
39584
39585
39588
39589
39590
39592
39595
39596
39600
39603
39608
39609
39613
39614
39615
39616
39618
39621
39624
39627
39628
39631
39635
39636
39639
39642
39647
39650
39654
39655
39656
39658
39660
39663
39667
39668
39678
39680
39684
39685
39687
39689
39690
39693
39696
39698
39701
39702
39706
39707
39709
39711
39712
39715
39716
39718
39719
39723
39725
39726
39727
39729
39732
39733
39734
39735
39736
39741
39742
39743
39744
39745
39746
39751
39753
39754
39756
39758
39759
39765
39766
39773
39774
39779
39782
39784
39786
39787
39790
39791
39793
39794
39795
39798
39799
39800
39802
39804
39805
39807
39808
39809
39811
39812
39814
39820
39821
39822
39824
39825
39826
39831
39832
39833
39835
39842
39843
39845
39846
39848
39850
39851
39856
39857
39858
39861
39862
39864
39865
39866
39868
39872
39873
39874
39875
39878
39880
39882
39885
39886
39887
39888
39894
39896
39897
39899
39901
39902
39905
39915
39916
39918
39920
39922
39923
39924
39930
39934
39936
39939
39941
39945
39946
39947
39949
39950
39951
39955
39956
39960
39963
39966
39967
39968
39969
39970
39971
39977
39979
39982
39983
39985
39986
39990
39995
39997
39999
40003
40004
40006
40007
40011
40013
40015
40017
40018
40019
40020
40022
40024
40025
40026
40027
40031
40033
40034
40035
40037
40040
40041
40045
40047
40048
40049
40050
40051
40053
40055
40059
40062
40064
40065
40068
40069
40071
40075
40076
40078
40080
40082
40083
40085
40088
40090
40094
40095
40102
40105
40107
40116
40120
40121
40123
40125
40127
40130
40133
40142
40150
40151
40153
40155
40156
40160
40163
40164
40165
40168
40169
40170
40171
40172
40173
40175
40176
40177
40180
40183
40185
40187
40189
40190
40191
40193
40194
40196
40197
40198
40203
40205
40212
40214
40215
40216
40217
40218
40219
40223
40224
40225
40227
40229
40230
40233
40236
40241
40242
40245
40249
40251
40253
40254
40255
40257
40259
40262
40264
40266
40267
40269
40271
40274
40276
40281
40282
40285
40286
40287
40293
40296
40298
40300
40302
40303
40306
40307
40308
40309
40313
40314
40316
40318
40321
40326
40328
40330
40333
40338
40339
40341
40342
40344
40346
40347
40348
40350
40352
40358
40359
40362
40364
40367
40369
40371
40372
40375
40376
40379
40385
40386
40392
40395
40397
40400
40404
40407
40408
40409
40411
40412
40415
40417
40419
40422
40423
40424
40427
40429
40430
40432
40433
40434
40436
40439
40442
40444
40450
40451
40452
40456
40457
40460
40461
40462
40463
40464
40471
40472
40474
40475
40477
40480
40484
40486
40488
40492
40493
40495
40498
40499
40503
40504
40506
40507
40510
40511
40512
40514
40516
40518
40523
40524
40525
40527
40528
40529
40530
40532
40535
40537
40538
40539
40547
40548
40551
40552
40553
40557
40559
40560
40561
40562
40564
40570
40571
40572
40574
40575
40584
40585
40588
40589
40590
40593
40594
40596
40597
40600
40601
40610
40611
40616
40619
40621
40622
40623
40625
40626
40627
40628
40632
40634
40636
40639
40641
40644
40650
40653
40658
40659
40663
40664
40665
40667
40669
40671
40674
40675
40677
40679
40680
40682
40683
40684
40685
40686
40690
40692
40693
40696
40700
40702
40704
40705
40706
40707
40711
40712
40713
40716
40720
40727
40729
40731
40733
40734
40739
40741
40743
40746
40747
40749
40750
40752
40753
40755
40756
40758
40761
40762
40767
40768
40769
40770
40779
40783
40787
40792
40793
40794
40795
40796
40797
40803
40804
40806
40808
40809
40810
40815
40817
40819
40820
40824
40825
40830
40832
40833
40834
40835
40838
40840
40841
40842
40843
40844
40848
40849
40850
40851
40852
40853
40858
40859
40860
40861
40864
40867
40868
40870
40871
40873
40876
40877
40881
40883
40884
40886
40887
40889
40890
40891
40893
40894
40895
40900
40903
40904
40907
40910
40914
40915
40916
40917
40919
40920
40921
40922
40923
40926
40927
40928
40930
40933
40938
40940
40943
40944
40946
40947
40949
40951
40955
40957
40958
40959
40961
40962
40963
40964
40965
40966
40968
40969
40970
40971
40972
40975
40979
40980
40981
40984
40986
40989
40990
40993
40994
40996
40999
41001
41003
41004
41006
41007
41012
41014
41017
41020
41021
41026
41028
41029
41031
41034
41036
41038
41044
41047
41048
41049
41052
41055
41056
41057
41062
41063
41064
41066
41067
41069
41070
41071
41075
41078
41081
41082
41083
41086
41087
41095
41096
41098
41099
41101
41102
41105
41106
41109
41110
41114
41118
41120
41123
41124
41126
41127
41128
41129
41130
41131
41132
41133
41135
41136
41139
41140
41142
41143
41146
41147
41152
41155
41164
41165
41167
41169
41174
41181
41182
41184
41185
41187
41188
41190
41193
41194
41195
41196
41197
41200
41201
41203
41209
41211
41212
41215
41216
41223
41226
41227
41228
41229
41234
41237
41238
41243
41244
41245
41247
41248
41255
41256
41257
41259
41261
41262
41264
41265
41267
41269
41270
41272
41276
41277
41278
41280
41281
41283
41284
41286
41287
41292
41294
41296
41297
41301
41303
41304
41305
41306
41310
41312
41313
41315
41316
41317
41318
41321
41323
41325
41326
41328
41335
41337
41339
41340
41341
41346
41347
41353
41355
41356
41357
41360
41364
41365
41367
41371
41383
41384
41388
41389
41390
41392
41396
41397
41399
41403
41404
41405
41406
41413
41417
41418
41419
41420
41421
41422
41428
41432
41433
41435
41436
41440
41441
41442
41446
41447
41449
41450
41452
41458
41459
41461
41463
41465
41466
41470
41473
41476
41477
41478
41481
41484
41487
41490
41494
41495
41500
41502
41503
41507
41510
41511
41512
41516
41517
41518
41522
41523
41526
41527
41532
41533
41537
41538
41540
41541
41544
41545
41549
41553
41554
41555
41556
41557
41558
41559
41565
41568
41570
41571
41572
41582
41583
41586
41590
41591
41592
41594
41595
41599
41601
41603
41604
41605
41606
41607
41608
41609
41610
41611
41612
41614
41618
41619
41621
41622
41624
41625
41628
41630
41631
41632
41633
41634
41635
41636
41637
41639
41640
41641
41642
41643
41645
41647
41648
41653
41655
41657
41658
41659
41660
41662
41663
41664
41665
41666
41667
41676
41677
41678
41679
41680
41683
41687
41690
41694
41696
41699
41701
41703
41704
41706
41708
41712
41714
41718
41720
41724
41728
41730
41732
41733
41734
41737
41740
41741
41742
41744
41745
41748
41750
41751
41754
41755
41756
41758
41759
41760
41761
41763
41768
41769
41771
41779
41780
41783
41787
41789
41792
41794
41798
41799
41800
41801
41802
41803
41804
41805
41806
41807
41813
41822
41823
41824
41825
41834
41835
41836
41837
41838
41841
41842
41845
41851
41852
41854
41857
41858
41861
41862
41863
41864
41866
41868
41872
41877
41879
41883
41884
41885
41886
41887
41890
41894
41900
41907
41909
41913
41915
41916
41918
41919
41922
41928
41929
41930
41934
41935
41936
41937
41939
41940
41941
41942
41947
41948
41949
41953
41954
41956
41957
41958
41962
41963
41969
41970
41973
41974
41975
41978
41981
41982
41983
41985
41987
41989
41996
41998
42001
42002
42004
42005
42006
42008
42011
42014
42015
42016
42018
42019
42020
42021
42023
42024
42027
42028
42031
42032
42034
42036
42038
42044
42045
42047
42048
42049
42051
42052
42053
42055
42056
42057
42059
42062
42064
42067
42068
42071
42072
42074
42080
42081
42083
42088
42090
42091
42092
42093
42094
42098
42099
42100
42101
42103
42104
42106
42107
42109
42110
42111
42112
42113
42114
42115
42120
42122
42123
42124
42125
42130
42134
42137
42138
42139
42140
42141
42142
42145
42156
42157
42158
42161
42162
42165
42169
42170
42171
42172
42173
42175
42177
42181
42185
42186
42187
42188
42189
42190
42192
42193
42198
42200
42201
42202
42203
42204
42206
42207
42211
42212
42213
42214
42215
42217
42219
42220
42222
42225
42227
42228
42229
42231
42232
42233
42234
42237
42239
42241
42244
42247
42250
42251
42254
42255
42256
42257
42258
42259
42261
42264
42267
42271
42272
42273
42275
42278
42281
42283
42289
42290
42291
42293
42299
42300
42304
42305
42306
42307
42311
42328
42331
42332
42333
42336
42339
42341
42343
42344
42347
42348
42349
42352
42355
42356
42357
42358
42359
42360
42362
42364
42365
42367
42370
42371
42376
42377
42382
42383
42384
42388
42389
42390
42392
42393
42394
42396
42397
42398
42399
42400
42401
42403
42405
42406
42408
42411
42414
42417
42420
42421
42426
42429
42431
42433
42435
42436
42438
42442
42443
42445
42447
42449
42450
42452
42455
42460
42461
42466
42467
42473
42474
42475
42482
42483
42486
42489
42491
42494
42496
42497
42501
42503
42506
42510
42514
42515
42518
42520
42522
42524
42528
42529
42535
42536
42538
42540
42542
42543
42545
42546
42551
42553
42560
42564
42565
42567
42569
42574
42575
42576
42583
42586
42587
42593
42594
42598
42600
42603
42605
42609
42610
42612
42613
42615
42617
42621
42622
42624
42625
42627
42628
42631
42633
42635
42636
42637
42639
42641
42644
42647
42650
42653
42654
42655
42656
42660
42661
42662
42665
42666
42672
42674
42675
42676
42677
42680
42683
42690
42693
42694
42695
42697
42698
42700
42701
42702
42704
42709
42716
42719
42721
42723
42725
42726
42728
42730
42732
42735
42737
42738
42739
42741
42744
42749
42750
42751
42753
42755
42756
42761
42762
42767
42769
42770
42771
42772
42773
42775
42777
42778
42780
42782
42783
42785
42787
42788
42789
42791
42792
42799
42800
42802
42803
42806
42807
42808
42809
42814
42815
42817
42818
42821
42822
42823
42825
42826
42827
42829
42831
42833
42840
42842
42843
42845
42846
42849
42851
42852
42853
42854
42857
42859
42863
42864
42866
42867
42868
42869
42871
42874
42876
42877
42879
42880
42881
42883
42884
42885
42887
42889
42893
42894
42897
42898
42900
42901
42902
42903
42904
42906
42908
42909
42910
42911
42912
42913
42914
42915
42917
42918
42920
42924
42926
42927
42929
42931
42933
42936
42937
42939
42944
42946
42950
42951
42953
42954
42955
42956
42959
42960
42962
42965
42966
42967
42970
42971
42975
42976
42978
42979
42980
42981
42982
42984
42985
42987
42988
42989
42993
42995
42998
42999
43004
43005
43007
43008
43015
43018
43020
43021
43024
43025
43027
43031
43032
43033
43037
43038
43042
43045
43046
43048
43049
43050
43051
43054
43057
43059
43063
43064
43069
43075
43081
43083
43086
43088
43089
43090
43091
43092
43093
43094
43095
43096
43099
43101
43106
43108
43111
43112
43118
43120
43122
43123
43124
43125
43127
43129
43130
43131
43137
43138
43139
43143
43147
43150
43155
43157
43159
43160
43162
43163
43164
43166
43167
43168
43169
43170
43174
43176
43178
43180
43182
43183
43185
43187
43189
43191
43195
43196
43198
43199
43200
43202
43207
43208
43210
43212
43215
43218
43219
43220
43221
43223
43226
43230
43235
43237
43240
43241
43243
43244
43245
43246
43248
43249
43251
43254
43256
43259
43260
43262
43263
43264
43266
43267
43269
43272
43274
43275
43279
43280
43281
43282
43285
43286
43289
43290
43291
43292
43294
43296
43298
43300
43305
43306
43307
43316
43317
43318
43319
43320
43321
43322
43323
43324
43326
43327
43329
43334
43335
43339
43340
43341
43342
43345
43346
43347
43349
43351
43354
43358
43359
43360
43362
43363
43365
43368
43369
43372
43374
43376
43377
43379
43383
43384
43386
43388
43389
43392
43398
43399
43400
43401
43402
43409
43411
43412
43413
43415
43416
43417
43421
43422
43423
43424
43427
43428
43430
43431
43434
43438
43439
43440
43441
43442
43445
43450
43451
43452
43453
43456
43457
43458
43461
43463
43464
43468
43470
43472
43473
43474
43475
43476
43479
43480
43481
43483
43485
43486
43489
43491
43494
43495
43497
43503
43510
43511
43517
43518
43523
43527
43528
43530
43533
43534
43535
43536
43537
43540
43543
43546
43550
43553
43554
43557
43558
43559
43560
43569
43570
43571
43574
43575
43577
43579
43582
43583
43585
43587
43590
43592
43593
43594
43599
43601
43604
43605
43615
43617
43618
43619
43621
43623
43624
43632
43635
43636
43640
43642
43643
43644
43645
43646
43647
43651
43655
43656
43659
43661
43662
43666
43670
43672
43679
43682
43686
43687
43689
43692
43693
43694
43695
43697
43699
43700
43705
43706
43708
43709
43714
43715
43716
43717
43719
43724
43725
43726
43727
43728
43729
43730
43736
43738
43739
43742
43743
43744
43745
43747
43751
43752
43753
43755
43757
43759
43760
43761
43762
43763
43764
43766
43768
43769
43775
43780
43781
43783
43792
43793
43794
43795
43797
43798
43799
43800
43805
43810
43814
43816
43817
43818
43820
43826
43827
43829
43833
43839
43840
43846
43853
43856
43860
43862
43865
43868
43869
43871
43874
43875
43876
43877
43878
43879
43880
43881
43887
43888
43891
43893
43897
43898
43900
43904
43905
43907
43909
43911
43912
43914
43917
43918
43921
43922
43923
43925
43928
43932
43939
43940
43942
43943
43944
43945
43948
43953
43956
43957
43959
43960
43965
43966
43968
43970
43971
43973
43976
43980
43981
43984
43986
43987
43989
43990
43994
43996
43997
43998
43999
44003
44007
44008
44009
44010
44011
44012
44016
44017
44018
44021
44022
44025
44027
44029
44031
44035
44036
44037
44040
44041
44044
44045
44046
44047
44051
44052
44055
44056
44058
44059
44061
44062
44063
44064
44065
44066
44068
44069
44081
44082
44083
44084
44085
44086
44087
44089
44090
44092
44093
44094
44096
44097
44099
44100
44101
44102
44106
44108
44110
44111
44113
44118
44120
44121
44122
44125
44126
44128
44129
44130
44131
44138
44139
44140
44144
44145
44147
44148
44149
44151
44159
44160
44162
44163
44164
44167
44168
44171
44175
44177
44180
44181
44182
44183
44184
44188
44189
44191
44196
44197
44200
44203
44213
44217
44218
44219
44221
44222
44230
44232
44236
44238
44240
44241
44242
44244
44251
44253
44255
44260
44261
44262
44264
44265
44268
44271
44273
44274
44281
44283
44284
44286
44287
44288
44289
44295
44300
44302
44305
44306
44310
44311
44314
44318
44321
44323
44330
44331
44333
44334
44335
44338
44339
44340
44341
44344
44347
44348
44350
44351
44356
44358
44359
44363
44364
44366
44368
44369
44371
44373
44375
44379
44381
44382
44383
44385
44386
44387
44388
44391
44393
44402
44404
44407
44409
44410
44411
44418
44419
44420
44422
44423
44425
44426
44430
44432
44434
44435
44437
44438
44439
44440
44444
44446
44447
44453
44454
44458
44462
44463
44467
44469
44471
44472
44473
44475
44480
44482
44483
44484
44486
44487
44490
44492
44494
44495
44496
44497
44499
44500
44502
44503
44506
44507
44514
44515
44516
44517
44518
44519
44520
44522
44524
44528
44529
44530
44531
44532
44533
44535
44536
44537
44539
44541
44542
44543
44544
44547
44550
44552
44554
44556
44557
44561
44563
44565
44568
44569
44577
44578
44580
44581
44583
44584
44585
44590
44594
44595
44597
44599
44601
44602
44603
44604
44605
44606
44607
44611
44612
44614
44617
44618
44619
44621
44623
44624
44625
44627
44628
44629
44630
44633
44637
44642
44643
44647
44648
44651
44655
44658
44661
44662
44664
44666
44667
44678
44679
44683
44684
44688
44689
44691
44692
44696
44697
44699
44700
44703
44706
44707
44708
44709
44712
44715
44724
44727
44728
44729
44730
44736
44738
44742
44745
44746
44747
44748
44749
44751
44756
44757
44759
44760
44761
44762
44764
44766
44768
44769
44771
44778
44781
44783
44784
44788
44789
44791
44793
44795
44796
44799
44800
44806
44808
44809
44810
44814
44816
44820
44822
44823
44828
44829
44833
44834
44835
44836
44838
44840
44841
44842
44844
44847
44849
44851
44852
44854
44859
44860
44862
44864
44868
44871
44872
44874
44876
44879
44880
44882
44883
44884
44885
44886
44887
44888
44891
44893
44899
44901
44902
44907
44909
44913
44915
44918
44920
44922
44923
44924
44925
44928
44930
44932
44937
44939
44947
44948
44952
44954
44956
44959
44961
44962
44963
44966
44970
44974
44976
44977
44978
44979
44980
44984
44985
44990
44992
44994
44995
44999
45003
45004
45006
45009
45011
45013
45019
45022
45024
45025
45026
45030
45033
45035
45037
45040
45044
45046
45047
45048
45050
45055
45063
45065
45067
45068
45069
45070
45071
45072
45073
45077
45078
45080
45081
45089
45092
45094
45096
45097
45104
45108
45109
45112
45116
45117
45118
45120
45122
45124
45125
45126
45128
45129
45133
45135
45137
45139
45143
45144
45145
45147
45148
45150
45151
45152
45154
45160
45161
45162
45165
45166
45170
45172
45174
45175
45178
45181
45182
45185
45186
45187
45188
45189
45191
45193
45197
45198
45200
45201
45202
45203
45204
45207
45208
45210
45213
45214
45218
45219
45220
45221
45222
45224
45227
45228
45229
45231
45232
45233
45234
45235
45236
45237
45239
45244
45245
45248
45249
45251
45252
45257
45259
45261
45262
45269
45274
45279
45280
45287
45288
45290
45291
45292
45297
45298
45299
45300
45303
45306
45308
45309
45312
45313
45316
45320
45321
45323
45324
45326
45327
45328
45331
45334
45337
45343
45344
45345
45347
45348
45351
45353
45356
45360
45361
45362
45363
45365
45367
45370
45372
45375
45377
45379
45380
45384
45386
45388
45393
45394
45396
45397
45398
45399
45400
45403
45404
45405
45408
45410
45412
45415
45417
45420
45427
45428
45434
45436
45437
45439
45440
45445
45447
45449
45450
45455
45456
45457
45465
45469
45470
45475
45476
45477
45478
45480
45481
45482
45483
45484
45485
45490
45491
45494
45495
45496
45498
45502
45503
45504
45506
45507
45510
45512
45514
45516
45518
45520
45521
45522
45525
45526
45530
45532
45537
45539
45540
45541
45543
45549
45554
45556
45557
45560
45565
45567
45569
45573
45574
45580
45582
45584
45585
45591
45592
45596
45597
45598
45600
45601
45609
45611
45612
45617
45618
45621
45625
45629
45630
45631
45633
45634
45635
45636
45638
45641
45645
45648
45650
45653
45654
45656
45657
45658
45662
45665
45671
45672
45673
45675
45676
45677
45682
45685
45690
45691
45692
45693
45695
45696
45697
45700
45701
45704
45705
45709
45710
45714
45716
45717
45718
45719
45720
45722
45723
45724
45731
45732
45734
45735
45737
45738
45739
45744
45745
45751
45753
45754
45755
45756
45757
45758
45759
45760
45761
45764
45765
45766
45767
45768
45770
45771
45773
45774
45775
45778
45779
45780
45783
45784
45790
45792
45795
45798
45800
45801
45802
45803
45806
45808
45809
45810
45814
45817
45818
45819
45821
45822
45823
45825
45826
45827
45828
45832
45833
45836
45839
45841
45842
45850
45852
45853
45856
45857
45859
45860
45861
45864
45866
45867
45870
45871
45873
45874
45875
45876
45878
45882
45883
45884
45889
45890
45897
45898
45900
45902
45903
45905
45906
45908
45910
45911
45912
45913
45919
45920
45921
45922
45927
45928
45931
45932
45933
45934
45936
45943
45946
45948
45952
45953
45956
45958
45964
45965
45967
45970
45971
45972
45976
45979
45980
45984
45986
45987
45988
45991
45992
45995
45997
46000
46001
46006
46007
46008
46011
46012
46015
46016
46017
46018
46021
46023
46025
46026
46031
46033
46039
46040
46042
46044
46045
46049
46052
46053
46056
46057
46059
46060
46062
46066
46069
46071
46072
46073
46074
46075
46077
46082
46083
46085
46086
46088
46091
46092
46096
46097
46098
46099
46100
46101
46103
46106
46107
46118
46121
46122
46123
46124
46125
46128
46129
46130
46132
46135
46137
46138
46139
46143
46144
46146
46147
46150
46151
46152
46153
46157
46158
46160
46162
46167
46168
46169
46171
46172
46173
46174
46175
46177
46178
46180
46181
46184
46188
46191
46192
46195
46198
46212
46214
46215
46218
46219
46221
46222
46223
46226
46227
46228
46232
46233
46237
46238
46239
46243
46245
46248
46250
46252
46255
46257
46260
46261
46262
46266
46271
46272
46277
46278
46280
46282
46285
46286
46288
46289
46290
46291
46295
46296
46298
46299
46300
46303
46305
46306
46307
46309
46310
46311
46313
46314
46315
46316
46317
46318
46321
46324
46325
46326
46327
46330
46333
46334
46335
46337
46339
46340
46342
46343
46349
46352
46354
46359
46362
46363
46366
46367
46368
46371
46373
46375
46377
46381
46383
46386
46387
46389
46391
46392
46398
46400
46401
46403
46404
46409
46410
46411
46412
46413
46414
46418
46423
46425
46429
46431
46433
46436
46437
46439
46443
46448
46449
46451
46452
46454
46458
46459
46461
46464
46471
46475
46481
46482
46483
46484
46485
46486
46488
46490
46492
46494
46496
46498
46499
46500
46503
46504
46505
46506
46513
46515
46518
46519
46525
46527
46529
46531
46540
46547
46549
46551
46554
46555
46556
46558
46561
46563
46564
46567
46570
46573
46576
46581
46582
46583
46584
46588
46592
46594
46596
46597
46599
46600
46601
46604
46605
46606
46608
46609
46614
46617
46618
46624
46627
46630
46632
46634
46635
46638
46639
46645
46646
46651
46654
46655
46657
46659
46665
46666
46668
46669
46674
46675
46677
46684
46685
46694
46696
46699
46702
46703
46707
46709
46710
46711
46712
46715
46720
46729
46733
46734
46736
46737
46740
46742
46743
46745
46746
46748
46749
46751
46754
46756
46757
46758
46759
46760
46761
46766
46768
46769
46770
46771
46772
46773
46774
46776
46777
46779
46780
46781
46784
46785
46786
46787
46789
46791
46796
46797
46800
46806
46807
46811
46815
46817
46820
46821
46823
46824
46826
46831
46832
46836
46837
46838
46843
46844
46846
46850
46852
46853
46854
46856
46858
46861
46862
46863
46866
46868
46869
46874
46875
46880
46883
46884
46889
46890
46892
46899
46902
46904
46908
46910
46911
46912
46915
46916
46917
46921
46922
46929
46930
46932
46934
46938
46939
46941
46942
46943
46944
46945
46946
46947
46948
46949
46950
46955
46957
46958
46959
46960
46961
46963
46965
46968
46971
46972
46974
46975
46976
46977
46978
46979
46980
46981
46982
46983
46986
46993
46994
46996
46998
47002
47004
47007
47011
47012
47014
47018
47019
47021
47025
47026
47029
47030
47032
47037
47040
47041
47042
47043
47045
47046
47048
47051
47053
47054
47055
47059
47060
47061
47062
47063
47064
47068
47071
47073
47075
47077
47079
47081
47083
47086
47088
47090
47091
47092
47094
47095
47099
47101
47103
47105
47108
47110
47111
47113
47116
47118
47119
47123
47125
47128
47129
47130
47131
47135
47136
47138
47139
47141
47144
47145
47149
47150
47151
47153
47155
47158
47164
47165
47167
47168
47171
47175
47178
47179
47180
47181
47186
47188
47189
47191
47195
47200
47201
47204
47206
47207
47211
47213
47214
47215
47217
47218
47219
47221
47224
47225
47235
47236
47237
47239
47241
47245
47246
47250
47251
47254
47256
47258
47261
47268
47269
47272
47274
47275
47288
47291
47293
47298
47300
47301
47302
47303
47304
47305
47306
47308
47309
47310
47311
47312
47313
47314
47315
47316
47318
47324
47325
47326
47329
47332
47338
47340
47341
47342
47345
47346
47348
47351
47354
47356
47357
47358
47359
47364
47367
47370
47372
47373
47374
47376
47380
47381
47382
47384
47385
47386
47388
47389
47392
47393
47395
47396
47398
47402
47406
47408
47411
47413
47414
47416
47419
47421
47422
47423
47424
47430
47431
47435
47437
47438
47440
47443
47444
47451
47452
47453
47455
47456
47457
47458
47459
47460
47461
47462
47465
47469
47471
47472
47474
47477
47482
47483
47484
47487
47489
47502
47503
47504
47506
47507
47508
47510
47512
47515
47516
47518
47519
47521
47522
47523
47528
47529
47531
47533
47535
47540
47542
47544
47547
47549
47558
47559
47560
47561
47562
47565
47566
47567
47568
47569
47571
47572
47574
47575
47576
47577
47582
47585
47586
47592
47593
47595
47596
47599
47605
47607
47612
47614
47615
47616
47617
47619
47624
47625
47628
47630
47631
47635
47637
47638
47639
47640
47641
47643
47646
47647
47651
47658
47661
47662
47664
47665
47670
47677
47680
47681
47682
47686
47688
47691
47692
47693
47696
47698
47699
47700
47705
47706
47707
47708
47711
47712
47713
47716
47721
47724
47728
47731
47732
47734
47736
47737
47738
47739
47740
47741
47742
47744
47745
47748
47751
47753
47754
47755
47756
47760
47761
47762
47764
47765
47768
47769
47773
47776
47778
47785
47792
47794
47797
47799
47804
47805
47806
47808
47809
47810
47811
47813
47817
47818
47824
47825
47828
47832
47834
47835
47841
47843
47845
47848
47853
47854
47855
47856
47860
47862
47869
47874
47877
47878
47883
47885
47888
47889
47890
47894
47898
47901
47902
47906
47908
47909
47910
47911
47913
47917
47921
47923
47924
47928
47932
47934
47938
47940
47945
47946
47950
47952
47954
47955
47963
47965
47966
47969
47972
47973
47975
47977
47978
47980
47981
47982
47984
47985
47986
47990
47991
47993
47995
47996
47998
48000
48004
48005
48006
48007
48010
48011
48013
48014
48016
48023
48024
48028
48033
48038
48040
48044
48048
48052
48055
48056
48058
48059
48061
48062
48067
48068
48069
48070
48071
48072
48074
48076
48077
48079
48081
48083
48087
48090
48093
48096
48097
48100
48101
48108
48109
48111
48114
48115
48116
48118
48121
48123
48127
48132
48133
48135
48136
48139
48140
48141
48142
48144
48145
48146
48149
48152
48154
48157
48158
48159
48160
48161
48165
48167
48168
48169
48172
48173
48176
48178
48179
48181
48182
48186
48187
48189
48195
48196
48199
48200
48201
48204
48209
48210
48211
48216
48217
48218
48219
48220
48221
48222
48223
48224
48225
48226
48227
48235
48237
48239
48240
48241
48242
48243
48244
48250
48251
48254
48257
48258
48262
48263
48264
48267
48269
48271
48273
48276
48277
48278
48279
48281
48282
48284
48295
48297
48300
48304
48305
48306
48307
48310
48314
48316
48317
48318
48319
48321
48324
48325
48326
48327
48328
48330
48334
48337
48339
48341
48347
48350
48351
48352
48356
48359
48360
48361
48363
48364
48365
48367
48368
48370
48372
48373
48374
48378
48380
48382
48383
48384
48385
48388
48389
48391
48392
48395
48400
48402
48403
48404
48405
48406
48409
48412
48413
48415
48419
48424
48427
48436
48439
48440
48442
48443
48445
48447
48449
48453
48458
48459
48465
48467
48469
48471
48472
48476
48479
48480
48481
48483
48484
48487
48491
48493
48494
48496
48498
48500
48504
48508
48509
48510
48512
48513
48518
48522
48523
48524
48526
48529
48535
48540
48546
48549
48550
48556
48557
48560
48561
48562
48563
48567
48568
48569
48571
48574
48576
48577
48578
48583
48584
48586
48589
48593
48594
48595
48603
48605
48606
48608
48610
48611
48612
48616
48618
48620
48621
48622
48623
48625
48628
48632
48633
48634
48635
48636
48643
48644
48645
48646
48649
48653
48655
48667
48669
48670
48671
48673
48674
48675
48676
48679
48680
48681
48683
48684
48686
48687
48688
48691
48695
48699
48703
48704
48707
48708
48709
48710
48712
48713
48714
48718
48719
48721
48722
48731
48734
48737
48739
48741
48745
48747
48748
48753
48754
48755
48758
48760
48761
48763
48765
48768
48771
48774
48779
48783
48785
48786
48788
48789
48790
48791
48793
48794
48795
48798
48806
48813
48814
48816
48817
48818
48820
48822
48824
48826
48828
48829
48833
48835
48839
48842
48845
48846
48848
48851
48852
48853
48858
48863
48864
48869
48870
48871
48872
48874
48875
48877
48881
48883
48884
48885
48886
48887
48889
48890
48891
48893
48898
48900
48901
48904
48907
48911
48912
48913
48914
48916
48925
48928
48929
48931
48935
48937
48940
48942
48943
48945
48946
48952
48954
48956
48957
48959
48960
48962
48964
48965
48967
48968
48969
48971
48973
48977
48980
48982
48986
48987
48991
48992
48994
48996
48997
48998
48999
49000
49003
49010
49023
49024
49025
49026
49030
49034
49038
49044
49049
49052
49059
49063
49064
49065
49066
49067
49068
49070
49071
49072
49073
49077
49082
49085
49086
49087
49088
49090
49091
49094
49097
49099
49102
49106
49109
49112
49113
49117
49118
49120
49121
49122
49126
49129
49131
49132
49133
49136
49138
49139
49140
49142
49143
49149
49150
49151
49154
49155
49156
49157
49158
49159
49164
49172
49174
49175
49176
49179
49180
49181
49182
49185
49186
49188
49193
49195
49196
49202
49205
49206
49208
49210
49212
49216
49217
49218
49219
49222
49231
49232
49233
49237
49239
49242
49244
49245
49248
49249
49253
49254
49259
49260
49262
49264
49265
49267
49271
49272
49275
49276
49277
49283
49285
49291
49293
49295
49298
49299
49300
49302
49303
49304
49307
49313
49315
49316
49317
49318
49319
49322
49323
49326
49327
49330
49331
49332
49333
49341
49344
49347
49348
49351
49354
49355
49356
49358
49359
49360
49365
49369
49370
49371
49375
49383
49385
49386
49387
49388
49389
49391
49392
49396
49397
49399
49400
49402
49403
49408
49409
49411
49414
49416
49423
49426
49427
49432
49434
49436
49441
49444
49450
49451
49453
49455
49458
49461
49463
49464
49466
49468
49469
49470
49471
49472
49475
49476
49480
49481
49485
49486
49487
49488
49490
49491
49493
49496
49497
49501
49502
49503
49504
49507
49508
49509
49512
49513
49514
49515
49518
49519
49520
49525
49529
49533
49536
49538
49543
49544
49545
49546
49549
49553
49556
49565
49566
49567
49568
49569
49570
49573
49574
49576
49579
49582
49585
49586
49587
49588
49591
49592
49595
49598
49600
49601
49605
49609
49612
49617
49619
49620
49623
49625
49626
49633
49635
49637
49639
49642
49649
49650
49651
49652
49653
49654
49657
49658
49659
49661
49662
49665
49667
49669
49673
49674
49676
49677
49678
49680
49681
49682
49690
49692
49703
49704
49706
49708
49709
49713
49717
49718
49719
49720
49722
49723
49724
49725
49727
49728
49736
49738
49741
49743
49745
49750
49752
49756
49761
49763
49764
49767
49770
49775
49777
49779
49780
49788
49789
49791
49793
49794
49795
49797
49800
49801
49803
49804
49805
49810
49816
49820
49821
49823
49824
49830
49831
49832
49833
49842
49845
49847
49848
49850
49851
49855
49856
49858
49860
49862
49864
49865
49867
49871
49872
49873
49875
49876
49877
49878
49879
49880
49884
49886
49887
49891
49892
49896
49899
49900
49901
49904
49907
49909
49910
49911
49915
49919
49920
49922
49923
49926
49927
49928
49930
49931
49932
49934
49935
49942
49943
49945
49949
49952
49953
49960
49964
49965
49966
49968
49972
49974
49979
49980
49985
49989
49990
49991
49992
49993
49997
50006
50008
50010
50013
50019
50021
50023
50025
50027
50028
50031
50033
50034
50035
50040
50043
50044
50048
50049
50054
50061
50064
50065
50066
50067
50070
50078
50079
50081
50084
50086
50087
50091
50095
50099
50100
50101
50103
50105
50108
50112
50115
50116
50119
50121
50122
50123
50124
50127
50128
50129
50137
50138
50139
50145
50147
50150
50151
50153
50156
50158
50159
50160
50161
50162
50163
50166
50168
50171
50173
50174
50181
50183
50186
50187
50190
50191
50193
50195
50196
50198
50199
50200
50201
50203
50205
50207
50209
50211
50213
50215
50217
50219
50221
50223
50224
50228
50230
50233
50234
50235
50236
50239
50241
50244
50248
50249
50251
50254
50255
50258
50262
50263
50264
50265
50269
50278
50279
50280
50285
50287
50288
50289
50291
50293
50294
50295
50296
50299
50301
50310
50313
50316
50318
50319
50321
50324
50326
50327
50328
50332
50334
50335
50336
50338
50339
50348
50349
50350
50351
50353
50355
50356
50358
50361
50363
50367
50373
50374
50375
50376
50378
50380
50383
50392
50393
50394
50395
50397
50399
50400
50401
50406
50408
50410
50412
50415
50416
50420
50423
50425
50426
50427
50430
50432
50433
50437
50439
50440
50442
50443
50444
50445
50447
50448
50449
50451
50452
50454
50455
50456
50458
50460
50462
50463
50465
50466
50473
50476
50477
50478
50480
50481
50482
50483
50484
50486
50487
50490
50491
50492
50495
50498
50501
50502
50504
50510
50512
50514
50515
50517
50521
50523
50525
50528
50529
50530
50531
50533
50534
50536
50540
50541
50542
50544
50546
50548
50549
50550
50551
50554
50556
50557
50558
50559
50561
50565
50567
50569
50572
50575
50577
50581
50584
50588
50594
50595
50599
50602
50605
50609
50617
50619
50622
50623
50625
50630
50632
50638
50640
50642
50645
50647
50648
50649
50652
50655
50656
50660
50661
50663
50664
50669
50670
50671
50672
50676
50679
50680
50682
50683
50685
50687
50688
50691
50692
50694
50695
50697
50699
50700
50705
50706
50707
50715
50716
50720
50724
50725
50729
50730
50735
50737
50740
50742
50744
50745
50746
50747
50748
50750
50751
50752
50753
50755
50756
50758
50764
50766
50770
50771
50775
50777
50778
50779
50785
50786
50788
50794
50795
50797
50799
50800
50804
50806
50817
50818
50819
50823
50826
50827
50828
50833
50839
50841
50846
50848
50851
50853
50854
50857
50858
50860
50862
50863
50864
50866
50867
50868
50871
50877
50881
50884
50892
50895
50896
50897
50899
50902
50903
50909
50913
50914
50915
50916
50918
50924
50926
50927
50929
50932
50933
50936
50938
50939
50940
50941
50946
50947
50951
50954
50956
50957
50959
50961
50964
50967
50970
50971
50972
50973
50976
50978
50979
50981
50985
50986
50987
50992
50993
50994
50995
50997
50998
51000
51001
51007
51012
51013
51014
51019
51029
51030
51033
51034
51037
51041
51045
51046
51047
51048
51050
51052
51053
51055
51058
51061
51065
51070
51071
51073
51076
51079
51080
51084
51091
51092
51093
51094
51095
51106
51110
51111
51112
51113
51114
51115
51120
51122
51125
51129
51134
51137
51139
51140
51146
51147
51148
51152
51153
51155
51159
51161
51162
51167
51168
51170
51173
51179
51180
51181
51184
51185
51188
51191
51194
51195
51196
51197
51198
51201
51204
51205
51207
51209
51213
51214
51217
51221
51222
51224
51227
51228
51230
51231
51232
51233
51235
51238
51241
51242
51243
51248
51250
51252
51257
51259
51261
51262
51264
51265
51266
51272
51273
51275
51276
51277
51280
51282
51283
51284
51287
51290
51292
51294
51298
51299
51302
51303
51304
51305
51307
51311
51312
51314
51315
51316
51318
51319
51321
51322
51323
51325
51327
51328
51329
51330
51334
51339
51343
51346
51348
51353
51354
51355
51356
51358
51359
51360
51363
51366
51367
51368
51370
51376
51377
51378
51379
51380
51381
51383
51384
51386
51388
51390
51391
51393
51395
51402
51403
51405
51407
51410
51411
51412
51414
51417
51422
51423
51428
51429
51431
51433
51435
51442
51445
51446
51447
51450
51451
51454
51455
51460
51462
51465
51472
51473
51477
51481
51483
51485
51487
51489
51490
51492
51494
51495
51496
51497
51500
51503
51506
51508
51511
51519
51520
51522
51523
51524
51526
51528
51529
51535
51536
51537
51539
51540
51542
51544
51547
51548
51550
51551
51552
51554
51555
51564
51566
51571
51572
51573
51575
51576
51578
51579
51580
51584
51586
51587
51588
51589
51595
51597
51604
51606
51608
51610
51612
51614
51615
51620
51621
51622
51623
51629
51632
51637
51638
51642
51643
51644
51645
51646
51648
51650
51651
51654
51655
51656
51657
51661
51664
51668
51669
51670
51673
51674
51675
51676
51679
51682
51685
51687
51689
51690
51692
51693
51694
51696
51698
51699
51702
51703
51704
51705
51709
51713
51715
51717
51719
51720
51722
51727
51728
51730
51733
51734
51742
51744
51745
51746
51751
51752
51753
51755
51759
51760
51761
51764
51765
51769
51773
51775
51777
51780
51781
51782
51788
51789
51790
51792
51796
51800
51808
51809
51810
51819
51823
51825
51828
51829
51835
51837
51839
51840
51841
51844
51849
51850
51854
51855
51859
51862
51863
51865
51866
51868
51875
51876
51877
51881
51885
51889
51892
51893
51894
51900
51901
51902
51904
51907
51912
51913
51917
51920
51921
51923
51927
51929
51931
51935
51941
51942
51944
51945
51947
51949
51950
51952
51953
51955
51956
51961
51963
51967
51969
51970
51972
51976
51979
51980
51982
51984
51988
51991
51992
51994
51997
51999
52000
52004
52005
52008
52019
52021
52022
52027
52029
52030
52031
52035
52037
52039
52043
52044
52047
52048
52052
52055
52057
52061
52063
52064
52067
52068
52072
52073
52074
52076
52077
52079
52080
52081
52082
52084
52085
52086
52091
52093
52098
52102
52103
52106
52108
52109
52111
52112
52114
52115
52117
52124
52125
52127
52132
52135
52136
52140
52141
52144
52148
52149
52150
52151
52153
52156
52157
52158
52160
52161
52162
52163
52167
52169
52170
52174
52175
52178
52184
52185
52188
52191
52192
52195
52196
52197
52199
52200
52201
52203
52204
52205
52207
52208
52209
52210
52212
52213
52215
52217
52220
52221
52223
52226
52227
52234
52235
52241
52242
52245
52246
52249
52252
52254
52255
52257
52259
52261
52262
52264
52265
52267
52268
52270
52272
52274
52276
52279
52282
52283
52286
52288
52293
52296
52298
52303
52304
52305
52306
52309
52310
52313
52314
52316
52319
52323
52324
52326
52327
52330
52333
52339
52345
52346
52347
52350
52353
52354
52356
52357
52359
52363
52364
52365
52368
52369
52371
52372
52375
52378
52380
52381
52383
52385
52386
52387
52391
52393
52397
52402
52403
52405
52406
52407
52409
52413
52414
52418
52426
52427
52429
52430
52433
52434
52440
52441
52442
52443
52444
52447
52448
52449
52450
52453
52454
52456
52458
52460
52461
52463
52464
52470
52471
52473
52474
52477
52478
52479
52480
52484
52495
52497
52498
52499
52504
52509
52512
52513
52517
52520
52523
52524
52525
52527
52529
52530
52531
52535
52537
52538
52540
52545
52547
52551
52552
52555
52556
52557
52558
52561
52565
52567
52568
52569
52570
52571
52578
52581
52582
52583
52586
52587
52590
52592
52593
52594
52596
52597
52599
52601
52604
52605
52608
52609
52610
52611
52617
52620
52622
52624
52628
52631
52632
52634
52637
52638
52639
52640
52641
52643
52645
52647
52649
52650
52658
52660
52662
52665
52667
52671
52672
52674
52678
52681
52682
52684
52686
52687
52691
52692
52697
52700
52702
52703
52707
52709
52714
52715
52719
52720
52721
52723
52725
52726
52727
52728
52730
52732
52734
52736
52738
52740
52748
52753
52755
52758
52761
52764
52766
52767
52769
52770
52771
52772
52773
52777
52780
52782
52783
52785
52788
52789
52793
52796
52798
52800
52802
52805
52810
52811
52812
52813
52814
52817
52819
52820
52822
52829
52832
52834
52837
52838
52839
52842
52849
52851
52852
52853
52854
52855
52856
52857
52858
52860
52861
52863
52865
52870
52871
52872
52877
52880
52882
52883
52884
52888
52891
52894
52895
52897
52900
52903
52904
52908
52911
52912
52914
52915
52918
52919
52920
52924
52927
52928
52931
52932
52934
52935
52936
52937
52941
52942
52944
52945
52951
52952
52953
52955
52958
52959
52960
52962
52963
52968
52974
52975
52976
52977
52979
52980
52982
52985
52988
52991
52992
52999
53000
53001
53003
53004
53005
53006
53012
53016
53018
53019
53020
53026
53030
53033
53036
53037
53038
53042
53043
53044
53045
53046
53048
53049
53051
53052
53053
53054
53058
53059
53066
53068
53070
53074
53075
53076
53077
53079
53081
53084
53087
53088
53091
53099
53103
53104
53108
53110
53112
53113
53116
53117
53119
53121
53123
53125
53126
53128
53129
53138
53139
53141
53143
53148
53149
53152
53154
53160
53161
53168
53171
53176
53177
53178
53187
53188
53189
53190
53193
53194
53195
53196
53199
53200
53201
53202
53203
53204
53205
53207
53210
53211
53214
53215
53216
53218
53221
53222
53224
53226
53227
53230
53240
53241
53242
53244
53246
53250
53251
53253
53256
53258
53265
53269
53270
53272
53276
53277
53279
53280
53291
53293
53296
53297
53300
53304
53308
53309
53310
53312
53316
53317
53318
53319
53320
53321
53322
53323
53327
53332
53336
53341
53342
53344
53348
53351
53353
53354
53361
53363
53364
53370
53371
53372
53373
53374
53375
53378
53384
53387
53389
53394
53395
53397
53398
53400
53404
53405
53411
53418
53422
53425
53427
53428
53429
53433
53436
53437
53439
53441
53443
53447
53451
53452
53453
53455
53458
53460
53462
53463
53464
53473
53475
53476
53479
53484
53488
53489
53490
53492
53497
53501
53502
53505
53506
53507
53508
53509
53510
53513
53520
53523
53524
53526
53527
53528
53529
53530
53531
53533
53534
53535
53539
53540
53545
53546
53547
53548
53549
53550
53551
53553
53560
53561
53566
53570
53577
53583
53584
53588
53589
53590
53591
53592
53595
53596
53597
53599
53606
53608
53611
53612
53614
53620
53621
53622
53623
53627
53636
53637
53641
53643
53648
53650
53653
53659
53660
53662
53664
53665
53666
53670
53675
53679
53681
53683
53684
53686
53687
53689
53693
53694
53696
53700
53702
53703
53704
53705
53706
53709
53712
53716
53718
53719
53720
53726
53727
53728
53729
53730
53732
53734
53735
53736
53739
53740
53743
53746
53748
53751
53754
53756
53758
53767
53768
53773
53777
53781
53782
53784
53786
53787
53788
53789
53791
53794
53795
53799
53801
53803
53804
53807
53810
53812
53817
53821
53822
53826
53829
53831
53832
53834
53837
53840
53842
53843
53846
53854
53857
53859
53861
53862
53863
53864
53866
53868
53869
53874
53875
53878
53879
53882
53883
53885
53886
53889
53890
53893
53895
53898
53901
53902
53904
53906
53907
53908
53909
53914
53916
53918
53919
53920
53922
53925
53933
53936
53938
53943
53946
53947
53951
53952
53953
53954
53955
53959
53960
53962
53963
53965
53966
53968
53971
53972
53973
53981
53982
53983
53987
53991
53992
53993
53995
54001
54007
54009
54010
54011
54015
54016
54017
54018
54020
54021
54025
54026
54027
54029
54033
54036
54045
54047
54050
54051
54055
54057
54058
54059
54061
54063
54065
54070
54071
54076
54077
54079
54080
54082
54084
54087
54088
54094
54100
54102
54105
54110
54113
54115
54117
54118
54119
54120
54121
54125
54127
54128
54132
54138
54141
54142
54144
54145
54151
54153
54154
54157
54158
54159
54160
54162
54163
54165
54167
54168
54171
54172
54175
54177
54179
54182
54184
54185
54186
54187
54188
54190
54191
54196
54197
54198
54200
54210
54216
54218
54219
54220
54221
54223
54224
54225
54230
54232
54233
54234
54235
54236
54240
54243
54244
54248
54252
54260
54266
54267
54275
54279
54283
54284
54285
54289
54291
54296
54299
54300
54301
54302
54304
54306
54307
54308
54311
54312
54313
54315
54318
54319
54320
54322
54324
54328
54329
54330
54336
54339
54340
54342
54343
54348
54350
54357
54360
54361
54362
54363
54364
54366
54367
54368
54369
54371
54372
54374
54376
54378
54379
54380
54382
54384
54385
54390
54392
54396
54398
54401
54404
54405
54406
54408
54410
54414
54415
54417
54421
54423
54424
54426
54430
54431
54432
54434
54435
54438
54439
54441
54442
54443
54449
54450
54451
54453
54454
54455
54457
54459
54461
54464
54466
54468
54470
54471
54474
54475
54476
54479
54481
54482
54488
54490
54491
54492
54494
54496
54497
54498
54501
54502
54503
54505
54511
54513
54518
54519
54520
54522
54526
54529
54532
54533
54537
54538
54540
54541
54543
54544
54546
54556
54557
54560
54561
54563
54567
54568
54570
54572
54574
54575
54582
54583
54584
54598
54600
54601
54602
54603
54604
54607
54608
54611
54613
54615
54618
54619
54623
54625
54627
54630
54631
54642
54643
54649
54651
54652
54657
54658
54665
54666
54669
54672
54676
54680
54682
54684
54685
54686
54688
54689
54691
54692
54693
54694
54697
54698
54700
54701
54705
54706
54709
54712
54716
54719
54721
54723
54725
54726
54728
54729
54734
54735
54741
54743
54744
54746
54748
54750
54752
54755
54756
54757
54759
54760
54761
54765
54771
54773
54776
54777
54778
54784
54788
54792
54794
54796
54797
54799
54800
54802
54803
54805
54807
54812
54815
54816
54817
54823
54824
54826
54828
54832
54836
54838
54843
54845
54847
54849
54853
54855
54857
54861
54862
54866
54868
54871
54872
54874
54877
54880
54881
54882
54887
54888
54891
54895
54896
54902
54903
54906
54907
54912
54913
54914
54915
54920
54922
54924
54925
54926
54930
54934
54935
54936
54938
54939
54941
54942
54948
54949
54950
54951
54954
54955
54958
54959
54965
54966
54968
54970
54971
54972
54973
54978
54981
54982
54983
54984
54985
54992
54993
54997
55000
55001
55003
55005
55010
55013
55015
55019
55022
55024
55026
55027
55030
55034
55039
55041
55043
55046
55048
55053
55056
55061
55062
55064
55065
55067
55068
55072
55077
55081
55083
55084
55085
55089
55091
55092
55093
55096
55098
55101
55109
55111
55114
55115
55116
55118
55121
55123
55125
55128
55129
55130
55131
55132
55134
55137
55140
55142
55143
55146
55154
55158
55166
55170
55171
55174
55175
55177
55180
55181
55185
55189
55192
55196
55198
55199
55203
55205
55207
55208
55209
55211
55214
55215
55216
55219
55221
55224
55227
55231
55235
55236
55242
55243
55247
55251
55254
55255
55256
55257
55258
55261
55262
55265
55267
55268
55269
55270
55274
55276
55277
55282
55285
55287
55290
55291
55295
55296
55298
55300
55304
55307
55309
55311
55312
55315
55319
55321
55322
55324
55325
55330
55333
55334
55335
55339
55340
55343
55346
55350
55355
55358
55361
55362
55363
55364
55365
55366
55368
55369
55370
55371
55372
55378
55379
55381
55384
55386
55387
55393
55396
55397
55401
55402
55405
55407
55411
55412
55413
55415
55418
55420
55422
55428
55429
55430
55437
55438
55439
55440
55444
55447
55449
55451
55454
55457
55459
55460
55461
55463
55465
55468
55470
55471
55472
55478
55479
55481
55482
55484
55485
55487
55490
55491
55494
55498
55500
55503
55506
55508
55510
55513
55517
55519
55525
55529
55541
55542
55544
55548
55549
55553
55554
55555
55560
55562
55565
55568
55570
55575
55584
55586
55587
55591
55592
55594
55595
55599
55602
55603
55606
55607
55611
55613
55614
55617
55620
55633
55636
55637
55638
55642
55644
55647
55652
55654
55663
55664
55665
55667
55668
55669
55672
55675
55679
55681
55682
55685
55686
55693
55694
55695
55698
55700
55701
55704
55705
55711
55714
55718
55721
55723
55724
55726
55727
55729
55732
55733
55734
55740
55745
55747
55748
55750
55751
55752
55755
55756
55759
55762
55763
55767
55768
55771
55772
55773
55774
55776
55778
55779
55780
55784
55788
55794
55796
55797
55799
55800
55804
55807
55811
55814
55815
55827
55832
55834
55835
55836
55838
55839
55840
55848
55852
55853
55859
55861
55862
55865
55869
55874
55877
55878
55881
55882
55885
55886
55892
55894
55895
55896
55899
55900
55901
55903
55907
55910
55911
55912
55914
55915
55918
55920
55921
55922
55923
55926
55927
55929
55931
55932
55933
55934
55938
55941
55942
55943
55945
55955
55962
55964
55967
55969
55971
55972
55973
55975
55976
55980
55985
55989
55992
55996
55998
56005
56009
56010
56014
56018
56021
56022
56023
56024
56025
56026
56030
56032
56036
56044
56047
56048
56049
56050
56051
56054
56055
56057
56062
56063
56064
56065
56069
56071
56076
56078
56079
56080
56083
56086
56087
56090
56092
56093
56100
56101
56104
56105
56109
56110
56120
56121
56123
56128
56133
56134
56135
56137
56140
56141
56145
56147
56148
56152
56155
56156
56158
56161
56163
56168
56169
56171
56174
56179
56181
56183
56184
56191
56192
56196
56198
56202
56203
56205
56209
56211
56213
56216
56219
56223
56224
56233
56235
56236
56239
56241
56242
56243
56244
56247
56250
56253
56255
56256
56261
56262
56266
56272
56275
56276
56279
56280
56292
56298
56299
56300
56301
56302
56305
56306
56307
56308
56310
56312
56313
56314
56317
56321
56322
56324
56326
56327
56333
56334
56336
56337
56340
56343
56345
56349
56352
56353
56355
56356
56357
56358
56360
56362
56363
56364
56366
56369
56372
56373
56375
56377
56379
56393
56394
56395
56396
56402
56404
56409
56410
56411
56412
56415
56418
56419
56423
56433
56435
56436
56437
56438
56440
56444
56446
56447
56449
56450
56452
56458
56466
56467
56470
56471
56472
56473
56475
56476
56478
56481
56483
56484
56486
56491
56493
56494
56495
56496
56499
56501
56503
56507
56510
56511
56512
56514
56519
56520
56522
56527
56533
56534
56539
56541
56542
56545
56547
56550
56551
56552
56553
56555
56558
56559
56560
56561
56562
56563
56569
56575
56578
56579
56591
56598
56599
56600
56603
56606
56611
56614
56617
56619
56621
56623
56624
56625
56629
56630
56631
56635
56638
56640
56643
56647
56652
56656
56659
56660
56663
56666
56668
56671
56673
56675
56680
56681
56685
56689
56690
56692
56693
56694
56697
56699
56704
56706
56708
56710
56711
56714
56715
56716
56718
56719
56720
56722
56726
56727
56728
56731
56736
56740
56747
56748
56749
56750
56752
56753
56754
56755
56757
56759
56760
56761
56762
56763
56765
56768
56769
56770
56771
56774
56775
56776
56780
56781
56784
56785
56786
56787
56789
56790
56792
56794
56796
56798
56801
56802
56803
56805
56813
56821
56822
56824
56826
56828
56830
56832
56835
56836
56837
56839
56842
56851
56852
56854
56857
56858
56859
56860
56861
56864
56867
56868
56874
56877
56879
56883
56889
56890
56891
56894
56895
56900
56902
56903
56907
56908
56910
56915
56916
56919
56923
56924
56929
56932
56933
56935
56936
56940
56942
56943
56946
56954
56956
56959
56962
56963
56964
56965
56966
56967
56969
56973
56976
56981
56990
56993
56996
57000
57001
57002
57007
57008
57015
57016
57018
57020
57022
57024
57025
57026
57030
57031
57034
57035
57037
57041
57043
57046
57047
57048
57053
57054
57055
57057
57058
57060
57062
57064
57065
57071
57072
57073
57074
57076
57078
57079
57083
57085
57086
57089
57092
57093
57095
57097
57099
57102
57104
57105
57106
57108
57110
57113
57114
57117
57118
57123
57125
57129
57136
57137
57141
57142
57143
57145
57148
57150
57152
57158
57162
57167
57171
57172
57175
57178
57179
57180
57182
57184
57187
57193
57195
57197
57198
57200
57201
57204
57205
57207
57212
57213
57215
57216
57217
57219
57220
57226
57229
57234
57235
57237
57239
57241
57242
57247
57251
57255
57258
57260
57261
57265
57266
57272
57273
57274
57279
57284
57293
57295
57296
57299
57305
57306
57307
57310
57311
57312
57313
57314
57316
57317
57319
57320
57322
57323
57326
57327
57329
57337
57339
57341
57344
57345
57346
57347
57349
57350
57353
57354
57355
57361
57364
57366
57367
57368
57377
57378
57390
57391
57395
57399
57401
57407
57408
57414
57416
57417
57423
57424
57425
57428
57432
57434
57435
57436
57437
57441
57445
57446
57450
57452
57454
57456
57457
57463
57467
57468
57469
57470
57471
57472
57475
57480
57481
57482
57484
57485
57486
57487
57490
57491
57492
57493
57494
57496
57497
57498
57501
57502
57504
57505
57508
57513
57517
57518
57522
57526
57527
57530
57532
57536
57537
57538
57542
57543
57544
57545
57546
57549
57552
57553
57554
57556
57566
57567
57570
57571
57576
57577
57578
57583
57585
57589
57591
57593
57597
57599
57600
57603
57604
57605
57609
57613
57614
57618
57620
57621
57625
57629
57630
57633
57634
57637
57640
57641
57642
57646
57647
57648
57653
57654
57656
57666
57670
57672
57673
57677
57678
57679
57681
57684
57685
57686
57687
57688
57689
57694
57700
57701
57702
57703
57704
57706
57711
57712
57718
57719
57720
57721
57723
57724
57725
57728
57733
57734
57736
57738
57740
57744
57745
57746
57747
57749
57750
57753
57754
57755
57756
57758
57759
57771
57772
57774
57779
57781
57783
57785
57788
57789
57792
57796
57797
57799
57802
57808
57822
57824
57827
57830
57832
57833
57835
57842
57843
57845
57848
57849
57851
57852
57864
57866
57867
57868
57869
57873
57874
57875
57885
57886
57887
57888
57889
57890
57892
57893
57895
57899
57901
57903
57904
57911
57915
57917
57919
57921
57922
57926
57929
57931
57938
57939
57944
57946
57947
57949
57950
57952
57956
57958
57960
57964
57969
57971
57983
57984
57988
57989
57993
57996
57997
58002
58006
58007
58009
58014
58016
58019
58020
58021
58024
58027
58030
58033
58039
58050
58051
58054
58059
58062
58063
58064
58067
58068
58069
58071
58072
58074
58078
58082
58087
58088
58089
58090
58091
58092
58094
58096
58097
58098
58099
58100
58103
58104
58105
58107
58108
58110
58111
58112
58114
58122
58125
58127
58132
58133
58134
58136
58137
58139
58145
58149
58151
58156
58162
58163
58164
58165
58168
58171
58172
58177
58178
58179
58181
58185
58187
58190
58193
58194
58195
58196
58198
58199
58201
58205
58206
58207
58208
58209
58210
58216
58218
58221
58226
58227
58229
58234
58235
58237
58245
58249
58251
58253
58256
58258
58262
58264
58268
58274
58278
58279
58280
58284
58287
58288
58289
58295
58297
58298
58299
58300
58302
58305
58307
58315
58316
58321
58324
58325
58326
58327
58330
58334
58337
58338
58342
58343
58344
58345
58346
58351
58357
58365
58368
58369
58370
58372
58374
58382
58385
58387
58388
58389
58390
58391
58394
58395
58400
58402
58404
58409
58412
58413
58417
58419
58421
58422
58424
58427
58428
58430
58431
58433
58435
58438
58444
58447
58449
58453
58454
58455
58458
58459
58462
58463
58467
58470
58474
58478
58481
58485
58486
58487
58488
58492
58498
58499
58501
58502
58505
58506
58507
58508
58509
58511
58512
58515
58517
58518
58523
58524
58526
58528
58533
58534
58538
58540
58541
58551
58553
58555
58560
58562
58565
58569
58570
58571
58573
58574
58576
58582
58583
58584
58586
58592
58602
58603
58606
58608
58610
58611
58616
58621
58624
58625
58626
58627
58628
58629
58634
58635
58638
58641
58642
58643
58644
58646
58647
58648
58652
58655
58657
58661
58666
58669
58670
58671
58675
58677
58678
58681
58683
58684
58686
58688
58690
58691
58694
58697
58699
58702
58706
58709
58711
58713
58715
58716
58717
58719
58721
58722
58724
58729
58731
58734
58737
58740
58744
58748
58749
58751
58753
58759
58760
58761
58765
58769
58772
58777
58778
58786
58787
58788
58790
58798
58803
58804
58809
58810
58811
58813
58815
58817
58819
58820
58821
58823
58824
58827
58828
58834
58839
58840
58844
58845
58850
58851
58858
58859
58861
58862
58864
58865
58866
58868
58871
58872
58873
58874
58878
58881
58886
58889
58890
58891
58892
58899
58900
58901
58903
58904
58906
58909
58913
58914
58917
58918
58920
58922
58925
58930
58931
58932
58933
58934
58935
58936
58939
58941
58947
58948
58949
58951
58956
58959
58960
58968
58979
58982
58985
58986
58991
58992
58994
58997
59002
59003
59009
59010
59012
59013
59015
59017
59019
59020
59024
59027
59035
59036
59037
59038
59039
59040
59041
59042
59045
59047
59048
59052
59054
59060
59061
59063
59066
59069
59070
59074
59084
59088
59089
59090
59091
59092
59094
59097
59098
59106
59107
59108
59111
59113
59115
59116
59118
59121
59122
59127
59134
59136
59138
59144
59145
59147
59149
59152
59154
59157
59159
59162
59163
59165
59166
59167
59170
59171
59172
59173
59174
59180
59183
59186
59191
59193
59194
59195
59199
59201
59202
59205
59209
59211
59214
59215
59216
59217
59220
59223
59227
59229
59230
59232
59236
59239
59241
59248
59250
59251
59252
59260
59264
59266
59268
59275
59277
59279
59280
59281
59282
59284
59289
59290
59291
59293
59296
59297
59298
59304
59305
59310
59311
59312
59316
59319
59323
59324
59325
59326
59327
59328
59333
59334
59335
59340
59342
59344
59345
59346
59348
59349
59354
59361
59363
59364
59366
59369
59371
59373
59375
59376
59379
59382
59384
59392
59393
59397
59398
59402
59405
59408
59418
59419
59422
59423
59424
59426
59430
59431
59432
59438
59439
59440
59441
59450
59452
59453
59454
59455
59456
59458
59459
59463
59465
59469
59470
59478
59480
59482
59483
59496
59497
59498
59499
59507
59509
59510
59512
59515
59519
59522
59523
59528
59530
59532
59534
59539
59544
59546
59548
59550
59551
59553
59554
59563
59566
59567
59570
59575
59579
59581
59586
59587
59588
59590
59591
59592
59595
59596
59598
59601
59604
59605
59607
59608
59611
59612
59613
59615
59616
59619
59620
59626
59629
59630
59632
59637
59638
59643
59646
59649
59652
59653
59654
59655
59659
59661
59662
59666
59667
59669
59671
59672
59674
59675
59682
59686
59688
59689
59692
59693
59697
59700
59702
59703
59704
59705
59708
59710
59713
59718
59719
59720
59721
59730
59732
59734
59738
59740
59742
59749
59750
59757
59760
59761
59764
59765
59767
59768
59773
59777
59779
59780
59781
59782
59783
59785
59789
59790
59794
59798
59800
59805
59807
59811
59813
59816
59821
59825
59826
59830
59831
59832
59833
59834
59842
59848
59850
59852
59854
59859
59862
59863
59865
59866
59870
59877
59879
59880
59882
59883
59885
59888
59889
59890
59891
59897
59898
59901
59904
59906
59909
59915
59917
59919
59923
59932
59937
59938
59939
59941
59946
59952
59955
59962
59964
59966
59967
59968
59975
59977
59978
59984
59985
59986
59994
59997
59998
60000
60001
60002
60003
60010
60016
60022
60024
60026
60031
60033
60034
60036
60038
60041
60042
60045
60046
60048
60049
60061
60063
60065
60068
60072
60074
60077
60078
60082
60089
60092
60098
60100
60103
60110
60111
60113
60118
60123
60124
60125
60126
60129
60131
60133
60135
60137
60138
60146
60147
60148
60151
60152
60153
60156
60157
60160
60161
60164
60166
60167
60169
60173
60174
60175
60177
60179
60182
60183
60185
60186
60188
60189
60192
60193
60195
60198
60199
60200
60207
60210
60211
60212
60215
60217
60218
60219
60221
60238
60240
60241
60242
60243
60244
60250
60251
60254
60258
60259
60261
60262
60265
60269
60275
60278
60279
60282
60285
60289
60293
60302
60304
60309
60312
60316
60317
60319
60320
60324
60325
60336
60337
60339
60346
60351
60358
60360
60361
60365
60366
60368
60369
60370
60373
60375
60376
60379
60380
60381
60382
60383
60387
60391
60393
60396
60398
60402
60403
60404
60413
60415
60416
60418
60421
60422
60424
60425
60430
60435
60437
60443
60445
60447
60453
60455
60457
60458
60463
60464
60476
60481
60482
60487
60489
60490
60494
60495
60497
60499
60502
60503
60505
60507
60508
60509
60511
60512
60515
60521
60526
60527
60531
60532
60535
60536
60546
60550
60551
60554
60557
60558
60566
60567
60569
60570
60574
60576
60579
60580
60581
60583
60587
60590
60591
60593
60594
60597
60598
60603
60607
60608
60612
60613
60614
60616
60621
60622
60624
60627
60631
60634
60637
60638
60639
60640
60641
60642
60643
60646
60647
60653
60655
60656
60657
60658
60660
60663
60666
60669
60670
60671
60672
60675
60678
60679
60681
60682
60683
60684
60689
60691
60693
60694
60696
60701
60702
60706
60711
60713
60715
60716
60717
60718
60719
60723
60724
60728
60733
60734
60738
60739
60741
60742
60745
60749
60752
60756
60758
60762
60764
60768
60769
60770
60771
60780
60781
60783
60784
60786
60788
60791
60792
60795
60796
60798
60801
60802
60803
60807
60812
60814
60816
60818
60827
60830
60831
60832
60833
60835
60838
60841
60842
60845
60848
60849
60854
60855
60856
60860
60863
60864
60865
60870
60871
60872
60873
60874
60878
60879
60885
60887
60889
60891
60892
60898
60900
60904
60905
60906
60907
60911
60913
60914
60916
60921
60922
60927
60928
60929
60934
60935
60937
60938
60939
60941
60942
60947
60953
60955
60956
60958
60966
60968
60970
60973
60974
60977
60979
60982
60983
60985
60986
60988
60991
60992
60993
60994
60995
60996
61001
61004
61005
61016
61017
61018
61021
61022
61023
61025
61032
61038
61039
61041
61046
61049
61052
61055
61056
61058
61063
61064
61065
61066
61067
61074
61075
61078
61079
61080
61082
61084
61087
61088
61090
61092
61093
61097
61100
61105
61108
61109
61111
61112
61114
61115
61118
61119
61120
61121
61123
61125
61131
61132
61133
61136
61137
61140
61141
61142
61146
61147
61148
61149
61150
61151
61152
61153
61154
61155
61159
61161
61162
61169
61175
61177
61180
61183
61186
61188
61196
61197
61201
61205
61207
61208
61210
61212
61213
61221
61223
61224
61229
61231
61232
61235
61238
61239
61240
61243
61247
61253
61254
61257
61258
61260
61266
61267
61269
61271
61280
61285
61286
61287
61290
61292
61293
61298
61300
61308
61309
61310
61312
61313
61314
61315
61319
61321
61322
61326
61327
61328
61333
61349
61350
61354
61355
61356
61357
61362
61369
61370
61371
61372
61373
61377
61379
61380
61384
61387
61391
61394
61396
61397
61398
61402
61403
61404
61407
61413
61416
61419
61421
61422
61425
61426
61434
61437
61439
61441
61442
61443
61444
61446
61451
61452
61454
61455
61456
61457
61458
61460
61461
61463
61464
61466
61467
61471
61476
61477
61480
61484
61485
61489
61490
61492
61493
61494
61496
61500
61502
61512
61513
61515
61517
61518
61521
61525
61533
61535
61536
61541
61542
61547
61550
61555
61559
61562
61563
61567
61572
61574
61575
61577
61578
61582
61585
61586
61588
61591
61596
61599
61601
61602
61604
61610
61611
61615
61616
61617
61618
61620
61624
61625
61626
61632
61634
61636
61637
61638
61639
61641
61643
61645
61647
61649
61651
61653
61657
61658
61659
61660
61662
61664
61665
61669
61671
61674
61677
61680
61681
61682
61683
61684
61685
61687
61688
61691
61694
61695
61696
61697
61698
61704
61705
61706
61710
61713
61714
61717
61721
61726
61729
61730
61731
61732
61736
61746
61747
61749
61752
61753
61764
61766
61768
61770
61771
61777
61781
61782
61785
61787
61791
61795
61797
61799
61803
61804
61807
61812
61817
61820
61823
61824
61825
61827
61828
61829
61830
61832
61833
61839
61842
61843
61844
61845
61846
61853
61854
61855
61856
61857
61858
61860
61866
61867
61868
61869
61871
61872
61877
61878
61881
61885
61887
61888
61889
61893
61896
61900
61907
61910
61911
61914
61916
61917
61918
61920
61924
61925
61927
61928
61935
61937
61939
61948
61955
61956
61957
61960
61962
61963
61970
61974
61978
61988
61990
61993
61997
61999
62007
62008
62016
62017
62024
62027
62029
62032
62034
62035
62036
62038
62044
62050
62052
62054
62057
62058
62060
62062
62064
62065
62066
62070
62074
62076
62080
62081
62082
62088
62091
62093
62095
62096
62097
62098
62102
62103
62104
62106
62107
62109
62113
62116
62118
62127
62128
62131
62136
62137
62138
62143
62144
62151
62152
62153
62159
62160
62162
62164
62166
62167
62168
62172
62176
62177
62181
62184
62186
62190
62202
62206
62210
62213
62218
62221
62227
62229
62232
62235
62240
62255
62258
62266
62268
62271
62274
62278
62279
62284
62287
62289
62291
62294
62297
62298
62299
62300
62305
62313
62316
62321
62323
62326
62327
62330
62334
62335
62336
62338
62343
62344
62345
62346
62347
62350
62351
62353
62357
62359
62362
62365
62366
62367
62368
62371
62374
62375
62377
62379
62380
62381
62382
62383
62385
62389
62391
62392
62394
62399
62405
62407
62408
62412
62417
62418
62420
62421
62422
62429
62433
62434
62440
62442
62450
62452
62453
62456
62462
62463
62464
62470
62471
62473
62474
62475
62486
62488
62490
62492
62493
62494
62497
62498
62501
62502
62505
62506
62507
62509
62510
62513
62515
62520
62524
62525
62526
62527
62528
62531
62533
62535
62536
62538
62540
62546
62547
62548
62550
62553
62554
62556
62557
62558
62561
62563
62566
62573
62574
62579
62581
62583
62584
62588
62589
62591
62599
62604
62609
62611
62613
62614
62618
62621
62623
62626
62630
62631
62632
62634
62637
62640
62645
62647
62649
62653
62654
62656
62670
62674
62675
62677
62678
62681
62683
62685
62689
62693
62694
62696
62701
62706
62708
62710
62713
62714
62716
62721
62724
62728
62729
62730
62732
62733
62735
62736
62738
62740
62743
62748
62749
62750
62753
62756
62758
62768
62770
62771
62773
62774
62778
62779
62780
62783
62784
62785
62787
62788
62789
62791
62793
62798
62804
62805
62806
62807
62810
62813
62814
62815
62816
62817
62819
62823
62824
62825
62827
62831
62832
62833
62841
62842
62846
62851
62853
62854
62855
62856
62857
62860
62861
62862
62863
62864
62868
62869
62870
62872
62874
62875
62879
62880
62884
62889
62890
62893
62894
62895
62898
62900
62901
62911
62912
62916
62920
62922
62936
62947
62950
62952
62953
62956
62957
62964
62966
62968
62971
62973
62975
62978
62984
62985
62986
62988
62991
63000
63004
63010
63014
63015
63019
63029
63031
63032
63034
63036
63037
63039
63041
63042
63043
63044
63046
63047
63052
63053
63054
63055
63056
63058
63061
63062
63063
63065
63067
63068
63069
63070
63071
63073
63075
63077
63081
63082
63083
63086
63088
63089
63092
63098
63100
63101
63104
63109
63110
63111
63113
63116
63117
63118
63132
63135
63137
63142
63143
63144
63150
63151
63153
63155
63159
63161
63164
63166
63170
63171
63173
63179
63180
63184
63186
63187
63188
63195
63198
63200
63201
63202
63203
63206
63207
63208
63214
63215
63216
63217
63218
63220
63224
63226
63229
63231
63232
63235
63236
63237
63238
63239
63241
63244
63245
63252
63254
63257
63264
63268
63273
63276
63279
63285
63287
63288
63295
63299
63301
63309
63312
63313
63314
63316
63318
63320
63321
63325
63329
63330
63332
63333
63336
63340
63342
63343
63344
63348
63349
63350
63354
63355
63356
63357
63358
63359
63360
63361
63362
63363
63371
63377
63378
63381
63382
63392
63393
63394
63395
63399
63400
63404
63406
63407
63417
63418
63419
63422
63424
63426
63428
63429
63430
63439
63440
63446
63459
63468
63469
63470
63476
63479
63482
63484
63486
63488
63489
63492
63493
63494
63496
63504
63505
63506
63510
63512
63513
63516
63519
63523
63525
63527
63529
63531
63535
63539
63547
63548
63553
63555
63556
63560
63565
63567
63579
63580
63581
63584
63585
63586
63589
63593
63594
63595
63597
63600
63601
63608
63609
63610
63611
63612
63613
63614
63615
63616
63619
63622
63627
63629
63630
63636
63642
63646
63648
63649
63656
63658
63659
63661
63666
63668
63669
63670
63673
63676
63679
63681
63682
63683
63688
63690
63692
63697
63699
63700
63701
63705
63708
63713
63715
63723
63727
63729
63740
63746
63748
63749
63750
63754
63755
63759
63760
63763
63767
63771
63774
63777
63779
63785
63788
63790
63793
63797
63798
63800
63803
63805
63810
63813
63814
63817
63820
63823
63824
63829
63841
63842
63844
63848
63851
63854
63856
63859
63862
63863
63866
63868
63873
63876
63877
63880
63884
63885
63888
63894
63901
63903
63907
63910
63912
63914
63917
63918
63919
63921
63924
63925
63927
63938
63940
63944
63952
63955
63956
63957
63960
63963
63964
63967
63969
63970
63974
63976
63977
63978
63980
63987
63988
63990
63991
63994
63997
64001
64002
64006
64008
64009
64014
64015
64016
64017
64021
64024
64026
64029
64031
64034
64044
64045
64047
64048
64049
64053
64054
64057
64058
64060
64061
64062
64063
64064
64072
64073
64079
64081
64083
64092
64093
64098
64101
64103
64104
64106
64118
64120
64123
64125
64129
64132
64133
64134
64135
64138
64141
64147
64148
64149
64151
64152
64155
64157
64162
64163
64168
64173
64175
64177
64180
64184
64186
64189
64193
64195
64204
64206
64211
64213
64215
64216
64217
64218
64223
64225
64227
64228
64230
64231
64233
64234
64235
64236
64237
64238
64241
64247
64248
64249
64252
64254
64255
64257
64258
64259
64261
64264
64265
64266
64268
64269
64271
64273
64275
64277
64281
64289
64291
64294
64309
64311
64320
64323
64324
64325
64326
64327
64331
64336
64338
64340
64342
64344
64345
64348
64349
64350
64354
64355
64357
64358
64359
64361
64364
64366
64367
64368
64370
64373
64374
64375
64378
64379
64384
64393
64395
64399
64407
64411
64412
64413
64414
64415
64418
64419
64426
64427
64428
64430
64431
64433
64436
64442
64451
64453
64455
64457
64460
64463
64466
64467
64468
64469
64470
64472
64477
64482
64491
64492
64494
64495
64496
64497
64499
64502
64511
64514
64515
64516
64517
64518
64519
64525
64536
64537
64542
64548
64552
64555
64563
64564
64567
64569
64572
64573
64579
64581
64588
64591
64593
64594
64597
64598
64599
64602
64605
64607
64609
64610
64612
64619
64620
64621
64625
64627
64629
64632
64633
64634
64636
64640
64642
64645
64648
64650
64651
64653
64654
64655
64657
64658
64659
64663
64668
64671
64672
64675
64685
64687
64691
64697
64705
64706
64709
64711
64712
64716
64719
64720
64724
64726
64728
64729
64730
64731
64732
64733
64735
64737
64738
64740
64741
64742
64743
64745
64746
64750
64753
64754
64756
64759
64761
64766
64768
64770
64771
64774
64775
64776
64778
64779
64783
64786
64788
64795
64796
64797
64807
64812
64813
64814
64815
64820
64821
64830
64831
64839
64840
64847
64850
64852
64857
64859
64860
64862
64864
64866
64873
64874
64881
64885
64889
64893
64894
64895
64896
64901
64904
64905
64910
64911
64916
64918
64925
64929
64931
64934
64936
64940
64944
64946
64949
64951
64954
64956
64957
64960
64972
64976
64977
64985
64987
64988
64990
64993
64995
65001
65003
65004
65005
65007
65008
65012
65018
65019
65022
65025
65026
65028
65030
65031
65032
65033
65038
65039
65043
65044
65046
65050
65051
65052
65054
65055
65057
65059
65065
65066
65068
65072
65076
65078
65079
65080
65083
65084
65085
65086
65087
65089
65090
65092
65094
65097
65098
65101
65102
65104
65108
65110
65112
65114
65116
65117
65121
65122
65124
65125
65126
65128
65130
65131
65132
65133
65136
65138
65139
65140
65141
65143
65144
65146
65160
65161
65162
65164
65166
65171
65172
65174
65176
65182
65185
65189
65198
65199
65201
65204
65205
65206
65207
65211
65214
65216
65217
65222
65223
65225
65229
65231
65235
65236
65237
65244
65248
65251
65255
65258
65261
65262
65264
65266
65272
65273
65277
65280
65284
65286
65288
65291
65296
65298
65299
65301
65303
65304
65307
65308
65310
65314
65317
65320
65322
65326
65330
65331
65332
65337
65338
65342
65344
65345
65346
65347
65351
65352
65354
65355
65357
65358
65359
65361
65366
65375
65380
65382
65385
65386
65387
65390
65393
65394
65395
65396
65397
65398
65399
65403
65404
65409
65410
65412
65413
65414
65415
65418
65424
65427
65429
65430
65431
65432
65434
65438
65439
65441
65443
65447
65449
65451
65453
65454
65455
65456
65457
65460
65461
65462
65463
65466
65468
65471
65475
65476
65477
65478
65483
65484
65486
65490
65494
65495
65496
65499
65500
65510
65512
65516
65517
65518
65523
65524
65526
65527
65528
65530
65538
65540
65541
65544
65545
65547
65551
65555
65556
65559
65564
65565
65566
65569
65573
65577
65579
65580
65584
65585
65586
65591
65592
65593
65594
65599
65600
65601
65602
65603
65607
65608
65610
65614
65615
65616
65617
65618
65619
65621
65623
65624
65625
65627
65629
65635
65638
65639
65642
65644
65645
65647
65652
65655
65659
65661
65669
65673
65676
65679
65680
65681
65694
65699
65700
65701
65703
65708
65709
65710
65714
65715
65720
65722
65723
65728
65731
65732
65733
65737
65741
65744
65745
65746
65749
65750
65752
65754
65757
65758
65759
65760
65762
65763
65769
65771
65772
65774
65778
65779
65783
65785
65786
65787
65788
65790
65801
65802
65805
65807
65808
65809
65810
65812
65814
65817
65818
65821
65825
65826
65829
65831
65832
65834
65837
65840
65843
65854
65856
65858
65860
65861
65862
65863
65865
65869
65874
65877
65879
65880
65881
65882
65885
65888
65889
65891
65894
65895
65901
65904
65905
65912
65916
65917
65918
65920
65925
65927
65930
65938
65942
65947
65948
65953
65954
65957
65959
65961
65962
65968
65969
65972
65974
65975
65980
65986
65989
65990
65995
65996
65999
66001
66004
66006
66016
66017
66019
66021
66022
66024
66027
66029
66031
66035
66036
66038
66041
66042
66044
66045
66047
66052
66054
66056
66058
66070
66072
66074
66076
66080
66083
66084
66087
66088
66090
66099
66101
66103
66104
66106
66110
66111
66113
66115
66116
66117
66118
66119
66120
66126
66129
66131
66135
66139
66140
66143
66148
66155
66156
66159
66162
66164
66169
66170
66171
66172
66174
66175
66177
66180
66189
66191
66192
66196
66200
66201
66205
66207
66208
66210
66211
66212
66216
66219
66221
66223
66225
66226
66228
66229
66230
66232
66235
66237
66240
66242
66248
66256
66257
66259
66261
66264
66268
66270
66272
66273
66274
66275
66280
66282
66287
66288
66291
66292
66293
66296
66299
66300
66301
66302
66307
66308
66313
66318
66322
66323
66324
66326
66329
66330
66334
66336
66339
66342
66344
66348
66352
66358
66359
66364
66371
66376
66377
66379
66381
66383
66385
66388
66391
66393
66395
66398
66400
66401
66406
66407
66410
66411
66413
66414
66423
66424
66425
66430
66433
66435
66437
66439
66440
66443
66448
66453
66455
66456
66460
66464
66466
66468
66471
66472
66475
66477
66486
66487
66488
66490
66494
66498
66499
66501
66502
66504
66505
66506
66507
66509
66510
66512
66515
66518
66520
66524
66527
66530
66531
66533
66534
66545
66547
66548
66551
66553
66554
66555
66559
66562
66563
66567
66568
66571
66573
66575
66582
66585
66590
66598
66600
66601
66605
66608
66611
66612
66615
66616
66617
66622
66623
66625
66627
66628
66630
66631
66633
66634
66637
66642
66646
66647
66652
66653
66655
66657
66660
66663
66664
66666
66670
66673
66674
66677
66678
66682
66684
66686
66688
66689
66691
66694
66697
66699
66700
66702
66707
66708
66711
66713
66717
66719
66720
66726
66727
66729
66732
66733
66734
66735
66737
66739
66742
66743
66744
66751
66754
66756
66757
66758
66765
66769
66770
66772
66773
66778
66782
66788
66791
66797
66799
66801
66802
66803
66804
66805
66806
66809
66811
66814
66815
66820
66821
66823
66824
66825
66831
66832
66835
66839
66840
66842
66843
66844
66845
66846
66847
66849
66852
66860
66865
66866
66868
66870
66871
66874
66878
66879
66881
66884
66886
66887
66888
66889
66891
66893
66894
66896
66898
66899
66903
66904
66905
66906
66907
66909
66910
66920
66923
66926
66928
66930
66932
66934
66938
66939
66942
66943
66947
66948
66954
66957
66958
66959
66960
66963
66964
66968
66970
66971
66974
66980
66982
66983
66984
66985
66987
66988
66991
66994
66995
66999
67001
67006
67007
67008
67012
67014
67021
67023
67026
67033
67034
67036
67037
67044
67045
67047
67052
67054
67059
67066
67068
67070
67072
67074
67075
67076
67078
67082
67087
67088
67089
67097
67098
67104
67105
67108
67110
67117
67120
67122
67123
67125
67129
67132
67133
67134
67139
67144
67147
67149
67154
67157
67160
67162
67164
67166
67173
67175
67180
67182
67184
67187
67193
67194
67195
67197
67199
67201
67202
67204
67206
67208
67210
67211
67212
67214
67218
67221
67226
67227
67230
67231
67233
67244
67245
67246
67249
67252
67255
67256
67260
67261
67263
67272
67274
67276
67277
67279
67283
67284
67287
67288
67294
67295
67297
67298
67299
67313
67316
67317
67326
67327
67329
67331
67335
67338
67339
67341
67343
67345
67352
67356
67358
67361
67366
67369
67373
67376
67377
67378
67380
67385
67387
67388
67393
67394
67396
67400
67402
67405
67406
67407
67412
67413
67416
67419
67420
67429
67430
67435
67439
67440
67441
67442
67446
67449
67451
67455
67456
67460
67464
67465
67466
67471
67472
67474
67475
67478
67481
67485
67486
67487
67488
67489
67492
67495
67496
67497
67498
67499
67500
67507
67512
67514
67516
67517
67520
67522
67528
67533
67534
67539
67540
67542
67543
67544
67546
67547
67550
67555
67558
67560
67564
67573
67576
67582
67585
67588
67592
67593
67596
67600
67604
67605
67606
67607
67613
67616
67617
67619
67620
67621
67622
67627
67629
67633
67634
67641
67643
67645
67646
67649
67650
67654
67660
67662
67663
67667
67668
67670
67672
67673
67674
67677
67688
67691
67692
67695
67697
67700
67703
67704
67713
67714
67716
67722
67726
67727
67731
67732
67735
67739
67742
67748
67749
67751
67752
67754
67764
67768
67769
67775
67777
67778
67781
67786
67789
67792
67793
67810
67813
67817
67821
67824
67826
67827
67829
67830
67831
67832
67833
67837
67841
67845
67846
67847
67851
67853
67858
67861
67862
67871
67872
67876
67880
67884
67885
67887
67888
67889
67890
67893
67895
67900
67901
67902
67903
67912
67915
67916
67919
67921
67922
67923
67926
67927
67928
67932
67936
67940
67947
67953
67954
67961
67968
67970
67971
67972
67973
67976
67980
67983
67984
67987
67994
67995
67997
67998
67999
68000
68001
68003
68012
68017
68018
68020
68023
68025
68026
68027
68032
68034
68038
68039
68041
68042
68047
68048
68049
68050
68055
68058
68063
68068
68072
68073
68075
68081
68087
68092
68097
68101
68102
68112
68113
68114
68115
68117
68118
68122
68125
68129
68131
68133
68136
68139
68145
68146
68148
68149
68150
68157
68160
68164
68166
68168
68174
68175
68176
68178
68183
68191
68193
68194
68195
68197
68200
68201
68202
68205
68206
68211
68216
68217
68224
68229
68231
68233
68235
68239
68243
68244
68246
68248
68256
68259
68261
68263
68264
68265
68267
68268
68272
68274
68275
68280
68284
68289
68292
68293
68296
68299
68301
68303
68305
68308
68311
68312
68313
68314
68320
68324
68325
68331
68332
68333
68341
68345
68346
68351
68352
68354
68355
68356
68357
68358
68364
68370
68372
68373
68374
68378
68379
68380
68384
68385
68386
68387
68388
68389
68394
68395
68401
68411
68426
68427
68428
68430
68431
68434
68438
68442
68443
68447
68448
68449
68452
68455
68457
68458
68462
68464
68467
68468
68475
68484
68485
68486
68495
68499
68502
68507
68508
68510
68514
68519
68520
68523
68526
68538
68541
68542
68545
68547
68548
68550
68557
68559
68567
68568
68571
68572
68573
68574
68580
68583
68584
68585
68586
68589
68591
68594
68601
68607
68608
68610
68611
68617
68618
68620
68621
68623
68629
68631
68633
68637
68641
68642
68644
68645
68649
68656
68662
68664
68668
68672
68673
68674
68675
68676
68679
68683
68684
68687
68690
68691
68694
68696
68706
68707
68710
68720
68730
68740
68743
68745
68747
68748
68749
68750
68751
68752
68754
68756
68758
68760
68763
68764
68768
68769
68771
68772
68777
68785
68789
68791
68792
68793
68794
68797
68798
68801
68803
68808
68811
68812
68822
68824
68825
68826
68828
68831
68832
68845
68850
68852
68853
68855
68860
68862
68864
68866
68868
68869
68871
68872
68875
68881
68884
68887
68890
68892
68893
68895
68896
68897
68898
68899
68902
68913
68914
68920
68922
68932
68934
68935
68936
68939
68945
68946
68947
68948
68949
68950
68952
68954
68960
68966
68967
68971
68972
68975
68976
68982
68983
68995
68997
68998
68999
69001
69006
69008
69010
69011
69012
69014
69015
69016
69027
69030
69031
69035
69037
69038
69040
69041
69042
69043
69044
69045
69046
69049
69051
69052
69053
69054
69055
69056
69058
69059
69060
69061
69062
69065
69066
69067
69069
69078
69081
69082
69083
69084
69085
69096
69098
69099
69102
69106
69108
69109
69111
69112
69114
69117
69121
69122
69129
69130
69132
69134
69138
69140
69147
69149
69154
69161
69163
69167
69169
69170
69174
69178
69180
69181
69182
69183
69184
69185
69188
69189
69194
69198
69200
69201
69202
69203
69205
69208
69209
69210
69213
69214
69215
69216
69224
69226
69230
69233
69237
69239
69241
69246
69250
69252
69255
69260
69263
69264
69265
69268
69270
69271
69274
69275
69276
69277
69278
69279
69281
69282
69284
69285
69286
69287
69296
69298
69300
69309
69311
69314
69315
69321
69325
69327
69328
69329
69332
69333
69334
69335
69337
69339
69341
69344
69346
69347
69350
69351
69353
69357
69360
69369
69370
69371
69372
69376
69379
69381
69383
69385
69387
69388
69389
69390
69393
69396
69397
69398
69402
69406
69416
69417
69420
69421
69424
69429
69430
69433
69434
69435
69442
69443
69444
69446
69448
69459
69460
69461
69462
69465
69477
69483
69485
69488
69489
69492
69494
69496
69500
69502
69504
69507
69511
69513
69517
69520
69521
69522
69524
69527
69528
69529
69531
69532
69541
69545
69547
69550
69560
69563
69568
69569
69570
69574
69577
69581
69586
69588
69592
69597
69600
69605
69610
69611
69617
69621
69626
69627
69629
69630
69631
69632
69634
69639
69641
69643
69645
69646
69647
69652
69653
69656
69663
69665
69666
69667
69677
69680
69681
69682
69683
69684
69688
69689
69697
69700
69705
69709
69712
69713
69714
69716
69719
69720
69724
69727
69729
69734
69735
69738
69740
69742
69747
69748
69755
69756
69757
69758
69761
69763
69765
69767
69768
69773
69774
69779
69780
69784
69785
69790
69793
69800
69802
69803
69804
69805
69810
69813
69815
69821
69822
69823
69825
69827
69834
69835
69836
69837
69840
69842
69844
69845
69846
69847
69848
69849
69851
69853
69857
69858
69860
69861
69862
69868
69869
69870
69871
69872
69874
69879
69881
69883
69886
69887
69888
69889
69891
69893
69896
69897
69899
69900
69904
69905
69918
69920
69928
69930
69932
69933
69934
69936
69937
69938
69941
69944
69945
69946
69955
69956
69957
69963
69965
69967
69970
69972
69976
69983
69985
69988
69989
69991
69992
69993
69994
69996
69997
70000
70001
70003
70014
70018
70025
70027
70028
70030
70034
70036
70040
70041
70042
70043
70045
70048
70049
70050
70054
70058
70064
70065
70074
70075
70076
70080
70083
70087
70088
70089
70095
70098
70102
70104
70105
70108
70109
70111
70115
70118
70120
70123
70125
70134
70135
70140
70144
70145
70147
70149
70154
70155
70156
70159
70161
70164
70166
70167
70170
70172
70174
70177
70179
70180
70184
70186
70189
70191
70192
70193
70197
70198
70199
70200
70202
70203
70204
70207
70215
70217
70226
70228
70229
70231
70232
70236
70238
70239
70240
70241
70244
70247
70250
70251
70252
70255
70258
70260
70262
70263
70265
70267
70268
70269
70270
70271
70277
70280
70281
70284
70287
70289
70291
70293
70294
70299
70301
70304
70306
70307
70309
70315
70318
70320
70324
70325
70326
70327
70330
70331
70334
70336
70338
70350
70352
70353
70354
70359
70360
70361
70362
70363
70364
70365
70366
70367
70368
70369
70370
70371
70372
70374
70375
70376
70377
70378
70379
70380
70381
70382
70383
70384
70385
70386
70387
70388
70389
70390
70391
70392
70393
70394
70395
70396
70398
70400
70402
70403
70404
70407
70408
70410
70412
70413
70415
70416
70419
70420
70421
70422
70424
70427
70429
70430
70431
70436
70437
70439
70442
70452
70454
70455
70456
70457
70458
70459
70462
70470
70476
70477
70480
70483
70485
70486
70487
70488
70491
70493
70495
70496
70498
70506
70507
70508
70509
70510
70517
70519
70520
70522
70523
70527
70529
70533
70540
70543
70545
70553
70555
70557
70558
70561
70564
70568
70569
70571
70573
70579
70580
70581
70583
70587
70588
70590
70591
70595
70602
70603
70604
70605
70616
70617
70621
70622
70630
70633
70639
70641
70642
70646
70649
70655
70659
70663
70667
70671
70673
70684
70693
70695
70698
70702
70707
70712
70717
70719
70723
70728
70729
70733
70735
70744
70746
70749
70757
70758
70759
70763
70764
70765
70766
70773
70774
70775
70777
70786
70788
70790
70798
70802
70805
70806
70818
70823
70825
70827
70829
70836
70837
70844
70847
70849
70850
70853
70856
70857
70859
70860
70862
70877
70880
70881
70885
70886
70894
70899
70901
70905
70909
70913
70916
70921
70923
70926
70930
70932
70940
70945
70946
70958
70966
70967
70969
70980
70984
70991
70998
70999
71001
71005
71017
71039
71047
71053
71054
71056
71059
71063
71091
71097
71099
71102
71105
71108
71127
71128
71153
71155
71163
71165
71166
71180
71190
71194
71202
71208
71213
71216
71217
71221
71231
71232
71245
71246
71252
71253
71254
71263
71269
71270
71283
71286
71289
71290
71293
71302
71305
71307
71311
71315
71340
71349
71355
71360
71366
71389
71394
71397
71398
71404
71407
71417
71419
71421
71423
71427
71430
71444
71445
71461
71464
71473
71483
71486
71488
71490
71493
71496
71500
71518
71519
71522
71525
71550
71565
71566
71568
71569
71573
71574
71578
71596
71597
71603
71613
71614
71629
71637
71638
71648
71650
71651
71663
71680
71683
71684
71694
71706
71734
71738
71745
71746
71747
71776
71785
71786
71806
71810
71813
71815
71816
71833
71841
71847
71849
71854
71858
71868
71885
71886
71892
71897
71908
71918
71925
71936
71943
71945
71946
71962
71970
71998
72000
72004
72011
72020
72023
72030
72037
72044
72050
72054
72064
72068
72072
72082
72083
72085
72086
72109
72117
72120
72124
72127
72139
72140
72142
72149
72154
72179
72193
72211
72224
72227
72245
72250
72256
72257
72264
72267
72277
72281
72283
72284
72292
72298
72305
72307
72319
72323
72327
72336
72340
72343
72348
72351
72352
72366
72367
72368
72370
72371
72376
72379
72396
72404
72407
72415
72420
72435
72447
72472
72474
72478
72490
72494
72495
72500
72505
72511
72513
72515
72521
72523
72540
72544
72549
72563
72571
72573
72579
72624
72649
72683
72684
72707
72713
72723
72725
72744
72750
72756
72759
72768
72774
72778
72828
72863
72877
72885
72888
72898
72903
72904
72906
72911
72917
72920
72939
72942
72950
72962
72965
72975
72979
73009
73031
73041
73047
73053
73063
73077
73084
73086
73088
73111
73169
73187
73198
73204
73206
73210
73221
73224
73229
73235
73240
73253
73257
73285
73310
73351
73360
73369
73374
73376
73384
73415
73455
73461
73465
73478
73491
73498
73509
73520
73529
73541
73553
73563
73567
73581
73620
73645
73647
73660
73667
73670
73701
73713
73716
73761
73772
73774
73784
73791
73792
73799
73805
73809
73836
73859
73881
73885
73889
73897
73902
73910
73923
73943
73966
73967
73987
73991
73999
74004
74026
74044
74063
74082
74085
74088
74089
74104
74126
74139
74142
74165
74180
74187
74201
74216
74228
74244
74246
74252
74257
74265
74298
74309
74322
74325
74338
74354
74359
74396
74398
74410
74417
74425
74426
74473
74490
74492
74506
74510
74516
74533
74546
74549
74559
74562
74571
74588
74626
74638
74642
74649
74662
74687
74719
74728
74730
74745
74793
74804
74817
74825
74827
74844
74845
74866
74892
74905
74908
74909
74910
74928
74934
74938
74940
74941
74953
74960
74975
74978
74981
75003
75012
75045
75047
75055
75069
75088
75099
75122
75140
75149
75155
75182
75222
75234
75240
75249
75254
75265
75271
75282
75317
75324
75362
75405
75412
75416
75428
75437
75442
75463
75494
75507
75514
75541
75543
75545
75548
75551
75562
75603
75606
75626
75634
75639
75659
75667
75679
75707
75709
75712
75724
75761
75793
75800
75808
75830
75846
75850
75852
75861
75877
75897
75922
75940
75981
75989
76015
76019
76033
76035
76038
76039
76042
76044
76047
76080
76088
76092
76099
76108
76115
76133
76146
76188
76194
76207
76209
76211
76222
76223
76225
76228
76236
76265
76286
76290
76293
76345
76352
76360
76361
76397
76452
76457
76459
76469
76486
76510
76513
76547
76558
76573
76578
76579
76584
76608
76613
76622
76629
76648
76659
76661
76674
76705
76722
76743
76748
76764
76770
76773
76786
76800
76824
76829
76850
76858
76892
76902
76915
76922
76924
76931
76952
76954
76964
76965
76979
77024
77036
77047
77058
77065
77080
77084
77094
77099
77102
77172
77189
77191
77207
77215
77220
77262
77294
77307
77312
77324
77332
77367
77377
77404
77415
77423
77428
77467
77468
77469
77476
77505
77516
77518
77526
77545
77566
77583
77587
77593
77619
77620
77634
77635
77658
77694
77715
77727
77730
77742
77758
77767
77768
77776
77780
77785
77806
77851
77858
77867
77874
77888
77890
77892
77893
77919
77920
77934
77956
77963
78024
78029
78041
78054
78059
78062
78064
78113
78137
78154
78164
78207
78226
78246
78249
78254
78282
78307
78311
78331
78340
78341
78368
78375
78376
78378
78381
78392
78411
78432
78468
78470
78483
78495
78499
78532
78586
78587
78610
78612
78627
78635
78641
78642
78655
78698
78704
78707
78715
78731
78749
78760
78773
78800
78836
78858
78863
78932
78934
78947
78957
78959
78965
78966
78991
79007
79017
79032
79040
79043
79053
79079
79095
79097
79114
79140
79200
79202
79203
79213
79244
79266
79285
79289
79322
79327
79334
79346
79350
79358
79397
79399
79451
79464
79466
79488
79491
79493
79512
79519
79526
79554
79574
79594
79606
79664
79665
79690
79694
79708
79711
79716
79722
79728
79752
79759
79790
79798
79811
79814
79835
79841
79846
79862
79863
79916
79924
79934
79954
79963
79965
79971
79989
80017
80048
80083
80112
80141
80162
80172
80193
80210
80217
80224
80232
80241
80254
80272
80274
80280
80283
80293
80309
80310
80345
80349
80352
80365
80393
80429
80463
80535
80551
80570
80584
80595
80617
80625
80659
80662
80668
80673
80697
80781
80801
80813
80819
80884
80898
80915
80920
80927
80936
80991
81023
81025
81029
81032
81038
81043
81082
81107
81111
81112
81129
81167
81193
81197
81258
81272
81297
81322
81344
81349
81358
81377
81384
81386
81391
81393
81440
81448
81483
81487
81519
81532
81536
81573
81575
81592
81622
81630
81639
81647
81664
81691
81699
81701
81712
81716
81721
81722
81764
81773
81784
81799
81833
81839
81851
81866
81867
81872
81882
81887
81891
81893
81921
81926
81931
81939
81950
81965
82004
82021
82067
82068
82094
82136
82140
82145
82218
82223
82234
82249
82252
82268
82271
82285
82314
82317
82322
82335
82356
82358
82360
82376
82378
82432
82433
82482
82535
82549
82580
82581
82598
82621
82635
82641
82679
82680
82714
82738
82741
82746
82748
82749
82759
82762
82783
82784
82823
82825
82826
82830
82838
82852
82858
82912
82919
82962
82975
82979
82987
82988
83003
83014
83057
83065
83067
83070
83090
83092
83118
83123
83135
83154
83160
83192
83202
83204
83208
83210
83237
83261
83279
83285
83308
83319
83321
83331
83335
83343
83354
83372
83442
83444
83459
83464
83473
83534
83549
83551
83575
83592
83596
83644
83651
83673
83687
83693
83706
83707
83753
83789
83808
83829
83830
83833
83836
83849
83853
83879
83940
83959
83993
83996
83997
84001
84008
84019
84020
84059
84077
84081
84087
84103
84104
84130
84150
84170
84173
84184
84192
84200
84210
84232
84279
84306
84307
84340
84345
84354
84363
84402
84409
84451
84515
84544
84557
84561
84570
84574
84584
84591
84629
84651
84677
84682
84683
84696
84705
84726
84734
84745
84754
84760
84779
84807
84809
84849
84870
84905
84975
84977
84979
84993
85054
85075
85078
85080
85103
85108
85117
85172
85185
85193
85222
85263
85268
85291
85304
85329
85390
85428
85439
85451
85454
85464
85486
85488
85492
85498
85499
85501
85503
85506
85508
85509
85522
85526
85531
85533
85545
85547
85554
85557
85558
85563
85569
85574
85576
85583
85585
85591
85603
85607
85609
85615
85626
85630
85637
85639
85647
85649
85659
85665
85666
85667
85673
85679
85687
85694
85698
85700
85707
85711
85715
85716
85717
85722
85723
85730
85735
85740
85742
85746
85748
85750
85756
85758
85761
85763
85774
85780
85783
85787
85789
85790
85796
85798
85801
85806
85812
85815
85817
85820
85821
85822
85828
85829
85832
85835
85840
85843
85844
85847
85848
85849
85850
85854
85855
85857
85859
85865
85869
85875
85882
85884
85886
85887
85888
85891
85892
85893
85896
85904
85912
85914
85915
85923
85924
85925
85927
85929
85932
85939
85942
85949
85950
85951
85952
85961
85962
85965
85974
85985
85987
85989
85990
85992
85996
85997
85999
86003
86006
86007
86011
86017
86018
86019
86021
86027
86029
86032
86033
86034
86039
86040
86044
86046
86050
86051
86052
86053
86057
86061
86064
86066
86076
86079
86099
86101
86103
86104
86106
86115
86116
86120
86122
86123
86124
86132
86134
86144
86154
86169
86170
86172
86189
86199
86202
86204
86206
86208
86209
86211
86215
86216
86225
86228
86235
86236
86243
86244
86245
86246
86247
86256
86264
86265
86267
86273
86280
86282
86287
86290
86305
86306
86308
86313
86316
86323
86328
86330
86331
86338
86340
86342
86345
86346
86348
86353
86354
86362
86368
86369
86377
86381
86386
86393
86394
86396
86398
86399
86401
86402
86404
86409
86413
86421
86424
86430
86432
86433
86436
86447
86448
86450
86453
86454
86462
86466
86467
86468
86470
86473
86474
86478
86481
86482
86485
86487
86492
86497
86499
86505
86506
86507
86516
86517
86519
86521
86523
86524
86531
86534
86539
86546
86547
86556
86559
86561
86569
86576
86584
86592
86593
86594
86596
86605
86611
86612
86622
86625
86630
86634
86635
86640
86641
86642
86644
86645
86647
86654
86659
86662
86664
86673
86677
86678
86684
86686
86688
86689
86691
86697
86698
86699
86700
86703
86708
86712
86714
86717
86726
86731
86733
86738
86743
86747
86748
86753
86757
86765
86766
86767
86769
86771
86772
86779
86787
86799
86800
86803
86805
86810
86827
86830
86834
86837
86838
86839
86841
86845
86848
86851
86854
86859
86864
86872
86874
86881
86895
86896
86905
86909
86911
86918
86925
86933
86934
86935
86937
86943
86944
86946
86951
86952
86958
86960
86967
86976
86977
86978
86979
86980
86990
86998
86999
87010
87016
87017
87024
87028
87033
87037
87077
87079
87082
87084
87085
87089
87102
87105
87109
87112
87114
87116
87130
87132
87134
87136
87137
87138
87139
87140
87149
87151
87153
87163
87167
87168
87176
87177
87178
87183
87185
87187
87188
87198
87201
87204
87209
87212
87216
87217
87225
87229
87230
87249
87253
87265
87266
87269
87272
87273
87284
87290
87295
87297
87300
87302
87311
87318
87322
87325
87326
87332
87344
87345
87346
87351
87354
87361
87362
87363
87367
87372
87375
87376
87381
87385
87412
87426
87431
87445
87461
87468
87471
87473
87474
87484
87486
87495
87497
87503
87513
87514
87520
87526
87530
87536
87538
87548
87549
87551
87556
87562
87565
87571
87573
87580
87582
87583
87587
87589
87594
87599
87601
87603
87615
87619
87621
87622
87623
87628
87629
87633
87640
87642
87644
87650
87663
87666
87669
87671
87672
87681
87689
87690
87694
87701
87720
87721
87729
87737
87741
87749
87752
87767
87768
87773
87780
87783
87786
87790
87795
87803
87819
87821
87830
87842
87849
87851
87853
87861
87864
87872
87873
87875
87877
87881
87883
87886
87889
87890
87892
87893
87896
87900
87920
87926
87932
87933
87939
87949
87953
87960
87968
87970
87971
87976
87979
87984
87987
87990
87992
87996
88003
88005
88010
88011
88019
88027
88034
88043
88046
88056
88060
88066
88071
88073
88076
88088
88090
88091
88101
88114
88125
88127
88129
88131
88134
88144
88150
88154
88166
88168
88182
88185
88191
88192
88196
88201
88204
88213
88228
88241
88254
88262
88266
88270
88276
88277
88294
88295
88299
88301
88303
88308
88313
88318
88319
88322
88327
88332
88333
88354
88364
88369
88379
88387
88390
88397
88408
88410
88416
88419
88423
88430
88431
88432
88434
88435
88436
88446
88447
88448
88451
88456
88462
88464
88469
88474
88483
88484
88497
88498
88503
88504
88508
88511
88513
88516
88518
88527
88538
88540
88554
88555
88559
88566
88573
88576
88580
88588
88593
88594
88602
88604
88617
88618
88621
88630
88638
88643
88647
88657
88658
88664
88675
88677
88688
88691
88694
88697
88704
88712
88718
88726
88728
88734
88740
88748
88753
88755
88756
88757
88759
88762
88764
88769
88773
88778
88779
88783
88786
88788
88789
88796
88798
88804
88820
88823
88825
88833
88836
88846
88847
88848
88861
88870
88871
88875
88889
88892
88894
88904
88905
88906
88909
88911
88913
88916
88925
88926
88929
88937
88942
88951
88952
88977
88978
88989
88991
88993
88997
89001
89006
89007
89027
89034
89036
89045
89047
89052
89057
89062
89065
89069
89072
89074
89081
89083
89085
89095
89119
89121
89130
89147
89165
89167
89194
89196
89199
89209
89213
89217
89218
89220
89221
89231
89234
89235
89236
89237
89244
89254
89259
89263
89268
89271
89274
89285
89291
89292
89293
89306
89312
89320
89326
89343
89344
89353
89373
89374
89381
89388
89401
89403
89405
89409
89427
89434
89452
89456
89457
89458
89467
89468
89481
89491
89501
89504
89512
89517
89524
89556
89564
89565
89569
89579
89588
89599
89601
89604
89605
89612
89613
89621
89627
89630
89649
89656
89671
89675
89676
89681
89689
89691
89693
89694
89725
89747
89753
89759
89761
89762
89765
89768
89770
89775
89780
89782
89789
89800
89807
89810
89820
89828
89829
89830
89834
89838
89845
89849
89862
89864
89869
89873
89885
89886
89890
89891
89898
89903
89904
89909
89910
89912
89915
89916
89917
89931
89932
89946
89963
89985
89989
89992
89997
89999
90001
90015
90016
90029
90053
90059
90061
90069
90079
90080
90083
90085
90087
90089
90094
90096
90098
90104
90108
90116
90130
90134
90139
90141
90147
90157
90159
90160
90161
90164
90167
90168
90181
90183
90188
90196
90203
90213
90214
90231
90235
90237
90240
90248
90263
90282
90287
90307
90323
90330
90337
90349
90352
90359
90362
90363
90377
90381
90386
90399
90403
90404
90409
90416
90417
90420
90444
90446
90454
90469
90475
90487
90488
90501
90510
90515
90518
90522
90525
90535
90559
90582
90587
90592
90601
90615
90629
90635
90637
90638
90643
90646
90651
90659
90661
90682
90686
90695
90697
90716
90717
90723
90728
90746
90753
90757
90763
90766
90768
90769
90777
90781
90795
90807
90824
90833
90836
90837
90850
90851
90862
90864
90877
90882
90884
90885
90889
90906
90907
90915
90916
90917
90918
90919
90924
90943
90945
90947
90949
90971
90972
90989
91014
91017
91018
91033
91037
91049
91057
91062
91070
91072
91082
91084
91088
91103
91106
91109
91114
91124
91131
91135
91139
91148
91154
91164
91183
91194
91204
91209
91210
91225
91228
91235
91245
91251
91254
91258
91265
91274
91283
91286
91306
91316
91321
91322
91324
91333
91343
91344
91345
91347
91362
91365
91366
91373
91380
91395
91398
91403
91411
91448
91451
91462
91464
91465
91468
91478
91485
91489
91495
91500
91506
91512
91525
91528
91560
91584
91590
91592
91595
91602
91612
91629
91632
91646
91651
91664
91668
91674
91703
91709
91716
91724
91725
91735
91738
91740
91752
91773
91774
91790
91798
91800
91802
91813
91819
91821
91823
91825
91836
91842
91846
91858
91859
91862
91875
91879
91884
91886
91889
91890
91894
91898
91901
91906
91919
91942
91953
91957
91985
91986
92002
92006
92007
92017
92019
92024
92025
92030
92033
92034
92042
92046
92048
92071
92089
92100
92108
92119
92122
92130
92142
92145
92161
92163
92175
92214
92236
92245
92250
92253
92264
92297
92298
92302
92307
92310
92319
92320
92338
92348
92359
92360
92362
92372
92378
92379
92393
92394
92402
92417
92426
92432
92437
92442
92480
92497
92499
92521
92526
92541
92549
92550
92553
92562
92563
92575
92592
92600
92618
92621
92632
92642
92660
92667
92668
92678
92680
92691
92694
92696
92703
92709
92712
92714
92718
92720
92726
92727
92733
92735
92744
92749
92751
92755
92759
92764
92770
92771
92773
92775
92788
92789
92811
92826
92830
92861
92865
92867
92869
92885
92889
92894
92899
92916
92923
92932
92933
92950
92960
92970
92996
93028
93034
93035
93050
93058
93081
93107
93112
93114
93124
93135
93136
93143
93154
93160
93161
93169
93174
93179
93187
93222
93229
93231
93234
93239
93242
93266
93267
93289
93291
93292
93293
93303
93308
93312
93315
93349
93354
93391
93399
93422
93425
93452
93456
93457
93463
93471
93482
93487
93492
93496
93504
93508
93514
93533
93536
93542
93549
93562
93569
93577
93578
93588
93591
93609
93644
93649
93650
93666
93686
93687
93699
93702
93712
93728
93733
93742
93747
93763
93764
93766
93770
93789
93795
93799
93804
93820
93832
93839
93840
93843
93870
93885
93893
93897
93921
93924
93932
93940
93978
93980
93981
94006
94007
94012
94038
94040
94067
94068
94104
94107
94115
94119
94120
94121
94131
94136
94137
94143
94146
94165
94168
94169
94185
94186
94193
94218
94226
94231
94239
94245
94246
94247
94265
94278
94279
94281
94288
94323
94337
94346
94350
94354
94370
94376
94377
94388
94418
94421
94440
94442
94447
94456
94463
94476
94492
94493
94499
94503
94522
94530
94593
94609
94624
94659
94660
94671
94676
94678
94680
94681
94683
94686
94691
94695
94696
94697
94704
94717
94738
94760
94790
94796
94806
94835
94849
94850
94852
94854
94872
94875
94877
94898
94926
94928
94963
94971
95033
95036
95039
95049
95051
95052
95058
95069
95073
95083
95084
95088
95094
95095
95097
95099
95105
95106
95111
95134
95135
95145
95153
95202
95205
95237
95238
95260
95271
95277
95278
95285
95287
95298
95300
95330
95334
95349
95352
95357
95360
95362
95364
95385
95395
95403
95445
95471
95476
95517
95536
95543
95545
95549
95568
95583
95588
95601
95603
95609
95613
95622
95628
95635
95641
95654
95669
95670
95675
95677
95678
95682
95690
95692
95705
95723
95744
95746
95751
95777
95778
95797
95811
95837
95846
95851
95867
95869
95871
95896
95937
95947
95962
95982
95983
96001
96053
96071
96083
96089
96090
96096
96106
96120
96130
96137
96139
96153
96154
96162
96165
96175
96192
96195
96229
96249
96270
96285
96322
96325
96327
96329
96336
96339
96343
96344
96355
96372
96373
96382
96406
96413
96431
96437
96449
96459
96471
96473
96475
96483
96498
96522
96529
96544
96545
96602
96627
96636
96685
96687
96706
96738
96756
96770
96775
96804
96808
96818
96819
96826
96839
96843
96849
96888
96893
96896
96909
96910
96925
96938
96940
96967
96974
96996
96998
97013
97023
97031
97055
97085
97089
97108
97121
97124
97126
97128
97141
97145
97146
97148
97152
97169
97171
97191
97214
97246
97247
97252
97268
97287
97289
97295
97306
97319
97326
97329
97342
97352
97371
97381
97386
97395
97403
97404
97408
97412
97476
97480
97495
97510
97512
97520
97524
97528
97568
97577
97578
97589
97592
97596
97600
97634
97637
97645
97653
97661
97710
97712
97713
97735
97752
97812
97835
97843
97862
97921
97925
97930
97949
97970
97976
98016
98033
98046
98052
98053
98062
98095
98127
98152
98153
98165
98184
98187
98207
98224
98248
98250
98251
98255
98263
98306
98316
98321
98325
98335
98360
98373
98409
98418
98422
98429
98452
98462
98475
98485
98493
98503
98507
98537
98563
98565
98571
98590
98594
98602
98615
98670
98686
98688
98689
98692
98703
98712
98727
98734
98759
98783
98809
98860
98871
98892
98910
98922
98924
98945
98950
98963
98977
98978
99001
99019
99022
99042
99057
99065
99085
99090
99098
99102
99126
99140
99146
99183
99186
99193
99196
99220
99232
99244
99263
99265
99325
99326
99333
99363
99368
99378
99434
99435
99447
99457
99488
99490
99555
99576
99586
99594
99612
99644
99646
99655
99673
99695
99707
99715
99735
99740
99757
99760
99769
99773
99775
99777
99778
99781
99792
99802
99804
99819
99834
99838
99847
99855
99875
99878
99911
99919
99921
99955
99974
99980
99998
100025
100028
100036
100039
100057
100060
100061
100072
100076
100088
100103
100146
100167
100197
100238
100246
100262
100268
100376
100379
100383
100384
100387
100397
100404
100412
100414
100426
100428
100433
100452
100462
100471
100473
100480
100503
100508
100518
100579
100609
100620
100625
100626
100637
100661
100667
100678
100709
100731
100744
100748
100753
100755
100774
100782
100837
100842
100843
100850
100854
100869
100882
100888
100909
100910
100916
100926
100938
100954
100976
100989
101046
101056
101102
101104
101120
101138
101139
101145
101171
101230
101236
101253
101301
101304
101314
101350
101367
101391
101392
101407
101420
101422
101441
101448
101451
101454
101458
101463
101505
101530
101554
101586
101589
101615
101634
101635
101653
101657
101664
101674
101703
101720
101730
101756
101776
101803
101809
101812
101844
101849
101851
101860
101874
101875
101922
101949
101960
101963
101981
101995
101996
102014
102016
102019
102026
102027
102039
102054
102083
102107
102114
102129
102188
102210
102221
102232
102248
102254
102264
102266
102267
102330
102333
102349
102351
102390
102415
102486
102537
102572
102579
102601
102602
102611
102634
102654
102657
102669
102673
102681
102687
102726
102758
102766
102779
102820
102822
102825
102831
102838
102869
102876
102916
103000
103013
103020
103029
103055
103058
103061
103066
103102
103127
103141
103151
103179
103212
103221
103276
103298
103299
103302
103329
103343
103375
103386
103413
103434
103448
103458
103489
103502
103506
103520
103585
103587
103599
103605
103606
103643
103712
103725
103766
103771
103784
103789
103810
103818
103832
103879
103893
103907
103912
103973
103978
103983
104000
104049
104072
104094
104134
104151
104154
104158
104176
104181
104225
104226
104227
104230
104234
104272
104315
104327
104338
104339
104349
104470
104488
104494
104501
104504
104534
104541
104546
104590
104618
104635
104642
104674
104683
104709
104754
104794
104810
104823
104826
104841
104855
104863
104873
104878
104880
104881
104913
104938
104944
104959
104975
104978
105026
105105
105108
105122
105131
105160
105167
105176
105183
105185
105190
105200
105235
105243
105266
105275
105280
105294
105297
105310
105405
105415
105468
105477
105485
105523
105541
105543
105548
105591
105604
105615
105641
105664
105665
105672
105686
105699
105710
105711
105713
105778
105799
105804
105806
105844
105847
105880
105884
105890
105892
105906
105920
105924
105928
105930
105946
105948
105950
106007
106061
106077
106086
106090
106135
106152
106168
106186
106203
106208
106215
106219
106222
106227
106229
106248
106269
106309
106337
106387
106396
106457
106493
106532
106556
106560
106571
106590
106607
106608
106667
106692
106697
106699
106706
106737
106741
106750
106769
106773
106774
106777
106793
106795
106813
106822
106823
106824
106894
106915
106924
106929
107015
107027
107049
107078
107079
107094
107106
107148
107203
107222
107258
107260
107268
107299
107335
107478
107491
107605
107617
107643
107686
107700
107714
107739
107778
107793
107794
107825
107836
107837
107868
107888
107907
107909
107961
107992
108017
108037
108039
108058
108064
108065
108068
108072
108096
108100
108124
108135
108293
108303
108311
108389
108393
108473
108505
108525
108527
108574
108576
108588
108594
108609
108622
108624
108641
108673
108686
108702
108705
108710
108785
108806
108809
108818
108824
108850
108855
108880
108887
108897
108899
108902
108917
108939
108969
109085
109089
109090
109094
109107
109124
109129
109211
109279
109291
109314
109335
109337
109345
109360
109428
109433
109455
109457
109469
109507
109524
109546
109570
109587
109602
109619
109642
109652
109707
109719
109721
109744
109771
109802
109811
109853
109880
109947
109963
109983
109989
110007
110012
110042
110077
110129
110152
110161
110172
110190
110207
110217
110226
110263
110285
110286
110288
110314
110331
110341
110371
110442
110480
110482
110535
110549
110565
110583
110615
110624
110643
110773
110775
110801
110852
110870
110875
110919
110925
110966
110980
110989
111001
111021
111041
111064
111077
111119
111126
111132
111134
111149
111151
111167
111262
111322
111328
111342
111354
111401
111415
111418
111443
111462
111472
111541
111543
111615
111656
111665
111732
111738
111780
111795
111798
111838
111843
111844
111870
111875
111877
111923
111972
111997
112080
112167
112231
112268
112298
112336
112393
112424
112436
112481
112491
112500
112504
112565
112626
112628
112629
112697
112699
112730
112796
112798
112811
112819
112820
112880
112888
112906
112944
112961
112970
112989
113049
113055
113087
113115
113272
113281
113338
113349
113352
113354
113451
113452
113460
113462
113472
113474
113478
113492
113512
113525
113596
113609
113652
113676
113683
113704
113708
113732
113745
113762
113786
113794
113809
113828
113831
113845
113888
113958
113980
113996
114015
114017
114132
114189
114198
114242
114260
114274
114314
114326
114353
114452
114459
114465
114517
114524
114560
114606
114607
114635
114695
114712
114723
114743
114751
114765
114769
114780
114806
114836
114944
114970
114972
114998
115004
115042
115046
115054
115055
115062
115065
115117
115138
115163
115191
115208
115220
115221
115248
115260
115284
115342
115346
115362
115363
115364
115365
115366
115367
115368
115369
115370
115371
115372
115373
115374
115375
115378
115379
115380
115381
115383
115384
115385
115390
115392
115395
115400
115403
115406
115419
115423
115430
115431
115435
115438
115440
115445
115453
115459
115465
115473
115476
115481
115489
115496
115500
115510
115521
115526
115539
115543
115545
115548
115558
115572
115581
115586
115612
115614
115623
115696
115707
115726
115808
115845
115865
115882
115884
115886
115947
115998
116043
116051
116113
116174
116262
116267
116279
116289
116291
116344
116353
116401
116426
116437
116451
116488
116507
116521
116530
116633
116661
116708
116736
116742
116751
116752
116761
116798
116812
116820
116832
116841
116845
116849
116852
116876
116884
116886
116899
116998
117019
117033
117111
117136
117148
117150
117189
117190
117203
117224
117272
117284
117311
117347
117383
117400
117489
117490
117533
117537
117569
117591
117606
117623
117628
117631
117654
117660
117704
117705
117713
117759
117806
117830
117960
117967
117971
118038
118077
118109
118117
118118
118153
118201
118224
118226
118292
118314
118320
118408
118433
118440
118499
118523
118528
118534
118543
118572
118662
118709
118711
118762
118834
118835
118845
118869
118908
118947
119020
119028
119173
119196
119200
119238
119242
119270
119286
119328
119341
119364
119377
119435
119467
119473
119841
119904
119931
119952
119985
119999
120057
120088
120156
120191
120295
120346
120423
120464
120486
120536
120719
120724
120777
120798
120802
120878
120900
121046
121149
121154
121274
121343
121528
121658
121680
121698
121734
121802
121836
121959
122080
122117
122399
122475
122521
122596
122641
122648
122667
122920
122961
123024
123116
123120
123234
123314
123507
123604
123615
123616
123623
123664
123694
123751
123874
123938
124130
124153
124162
124240
124259
124447
124494
124515
124548
124658
124727
124860
124872
124914
125150
125257
125315
125339
125362
125363
125364
125365
125366
125367
125368
125369
125370
125371
125372
125373
125374
125375
125376
125377
125378
125379
125380
125381
125382
125383
125384
125385
125386
125387
125388
125389
125390
125391
125392
125393
125394
125395
125396
125397
125398
125399
125400
125401
125402
125403
125404
125405
125406
125407
125408
125409
125410
125411
125412
125413
125414
125415
125416
125417
125418
125419
125420
125421
125422
125423
125424
125425
125426
125427
125428
125429
125430
125431
125432
125433
125434
125435
125436
125437
125438
125439
125440
125441
125442
125443
125444
125445
125446
125447
125448
125449
125450
125451
125452
125453
125454
125455
125456
125457
125458
125459
125460
125461
125462
125463
125464
125465
125466
125467
125468
125469
125470
125471
125472
125473
125474
125475
125476
125477
125478
125479
125480
125481
125482
125483
125484
125485
125486
125487
125488
125489
125490
125491
125492
125493
125494
125495
125496
125497
125498
125499
125500
125501
125502
125503
125504
125505
125506
125507
125508
125509
125510
125511
125512
125513
125514
125515
125516
125518
125519
125520
125521
125522
125523
125524
125525
125526
125527
125528
125529
125530
125531
125532
125533
125534
125535
125536
125537
125538
125539
125540
125541
125542
125543
125544
125546
125547
125548
125549
125550
125551
125552
125553
125554
125555
125556
125557
125558
125559
125560
125561
125562
125564
125565
125566
125567
125568
125569
125570
125571
125572
125573
125574
125575
125576
125577
125578
125579
125580
125581
125582
125583
125584
125585
125586
125587
125588
125589
125590
125591
125592
125593
125594
125595
125596
125597
125598
125599
125600
125601
125602
125603
125604
125605
125606
125607
125608
125609
125610
125611
125612
125613
125614
125615
125616
125618
125619
125620
125621
125622
125623
125624
125625
125626
125627
125628
125629
125630
125631
125632
125633
125634
125635
125636
125637
125638
125639
125640
125641
125642
125643
125644
125645
125646
125647
125648
125649
125650
125651
125652
125653
125654
125655
125658
125659
125660
125661
125662
125663
125664
125665
125666
125667
125668
125669
125670
125671
125672
125673
125674
125675
125676
125677
125680
125681
125682
125683
125684
125685
125686
125687
125688
125689
125690
125691
125692
125693
125694
125695
125696
125697
125698
125699
125700
125701
125702
125703
125704
125705
125706
125707
125708
125709
125710
125711
125712
125713
125714
125715
125716
125717
125718
125719
125720
125721
125722
125723
125724
125725
125726
125727
125728
125729
125730
125731
125734
125735
125736
125737
125739
125740
125741
125742
125743
125744
125745
125746
125747
125748
125749
125750
125751
125752
125753
125754
125755
125756
125757
125758
125759
125760
125761
125762
125763
125764
125765
125766
125767
125768
125769
125770
125771
125772
125773
125774
125775
125776
125777
125778
125779
125780
125781
125782
125783
125784
125785
125786
125787
125789
125790
125791
125792
125793
125794
125795
125796
125797
125798
125799
125800
125801
125802
125803
125804
125805
125806
125807
125808
125809
125811
125812
125813
125814
125815
125816
125817
125818
125819
125820
125821
125822
125823
125824
125825
125826
125827
125828
125829
125830
125831
125832
125833
125834
125835
125836
125837
125838
125839
125840
125841
125842
125843
125844
125846
125847
125848
125849
125850
125851
125852
125853
125854
125855
125856
125857
125858
125860
125861
125862
125864
125865
125866
125867
125868
125869
125870
125871
125872
125874
125875
125876
125877
125878
125879
125880
125881
125882
125883
125884
125885
125886
125887
125888
125889
125890
125891
125892
125893
125894
125895
125897
125898
125899
125900
125901
125902
125903
125904
125905
125906
125907
125908
125909
125910
125911
125912
125913
125914
125915
125916
125917
125918
125919
125920
125921
125922
125923
125924
125925
125926
125927
125928
125929
125930
125931
125932
125933
125935
125936
125937
125938
125940
125941
125942
125943
125944
125945
125946
125947
125948
125949
125950
125951
125952
125953
125954
125955
125956
125957
125958
125959
125960
125962
125963
125964
125965
125966
125967
125968
125969
125970
125971
125972
125973
125974
125975
125976
125977
125978
125979
125980
125981
125982
125983
125984
125985
125986
125987
125989
125990
125991
125992
125993
125994
125995
125996
125997
125998
125999
126000
126001
126002
126003
126004
126005
126006
126007
126008
126009
126010
126011
126012
126013
126014
126015
126016
126017
126018
126019
126021
126022
126023
126025
126026
126027
126028
126029
126030
126031
126032
126033
126034
126036
126037
126038
126040
126041
126042
126043
126044
126045
126046
126047
126049
126050
126051
126052
126053
126054
126055
126056
126057
126058
126059
126060
126061
126062
126064
126065
126066
126067
126068
126069
126070
126071
126072
126073
126074
126075
126076
126077
126078
126079
126080
126081
126082
126084
126085
126086
126087
126088
126089
126090
126091
126092
126093
126094
126095
126096
126097
126099
126100
126101
126102
126103
126104
126105
126106
126107
126108
126109
126110
126112
126114
126115
126116
126117
126118
126119
126121
126122
126123
126124
126125
126126
126127
126128
126129
126130
126131
126132
126133
126134
126135
126136
126137
126138
126139
126140
126141
126142
126143
126144
126146
126147
126149
126150
126151
126152
126153
126154
126155
126156
126157
126159
126160
126161
126162
126163
126164
126165
126166
126167
126168
126169
126170
126171
126173
126174
126175
126176
126177
126178
126179
126180
126181
126182
126183
126184
126185
126186
126187
126188
126189
126190
126191
126192
126193
126194
126195
126196
126197
126198
126199
126200
126201
126202
126203
126204
126205
126206
126207
126208
126209
126210
126211
126212
126213
126214
126215
126216
126217
126218
126219
126220
126221
126222
126223
126224
126225
126226
126227
126228
126229
126230
126231
126232
126233
126234
126235
126236
126237
126238
126239
126240
126241
126242
126243
126244
126245
126246
126247
126248
126249
126250
126251
126252
126253
126254
126255
126256
126258
126259
126260
126261
126262
126263
126264
126266
126267
126268
126269
126270
126271
126272
126273
126274
126275
126276
126277
126278
126279
126281
126282
126283
126284
126286
126287
126288
126289
126290
126291
126292
126293
126294
126295
126296
126297
126298
126299
126300
126301
126302
126303
126304
126305
126306
126307
126308
126309
126310
126311
126312
126313
126314
126315
126316
126317
126318
126319
126320
126321
126322
126323
126324
126325
126326
126327
126328
126329
126330
126331
126332
126333
126334
126335
126336
126337
126338
126339
126340
126341
126342
126344
126345
126346
126347
126349
126350
126351
126352
126354
126355
126356
126357
126358
126359
126360
126361
126362
126363
126365
126366
126367
126368
126369
126370
126371
126372
126373
126374
126375
126376
126377
126378
126379
126380
126381
126382
126383
126384
126385
126386
126390
126391
126392
126393
126394
126395
126396
126397
126398
126399
126400
126401
126402
126403
126404
126405
126406
126407
126409
126410
126411
126412
126413
126414
126415
126416
126417
126418
126419
126420
126421
126422
126424
126425
126427
126428
126429
126430
126431
126432
126433
126434
126435
126436
126437
126438
126439
126441
126442
126443
126444
126445
126446
126447
126448
126449
126450
126451
126452
126453
126454
126455
126456
126457
126458
126459
126460
126461
126462
126463
126464
126465
126466
126467
126468
126469
126470
126471
126472
126473
126474
126475
126476
126477
126478
126479
126480
126481
126482
126483
126484
126485
126486
126487
126488
126489
126490
126491
126492
126493
126494
126495
126497
126499
126500
126501
126502
126503
126504
126505
126506
126508
126509
126510
126511
126512
126513
126514
126515
126516
126517
126518
126519
126520
126521
126522
126523
126524
126525
126526
126527
126528
126529
126530
126531
126532
126533
126534
126535
126536
126537
126538
126539
126540
126541
126542
126543
126544
126545
126546
126547
126548
126549
126550
126551
126552
126553
126554
126555
126556
126557
126558
126559
126560
126561
126562
126563
126564
126565
126566
126567
126568
126569
126570
126571
126573
126574
126575
126576
126577
126578
126579
126580
126581
126582
126583
126584
126585
126586
126587
126588
126589
126590
126591
126592
126593
126594
126595
126596
126597
126598
126600
126601
126602
126603
126604
126605
126606
126607
126608
126609
126610
126611
126612
126613
126614
126615
126616
126617
126618
126619
126620
126621
126623
126624
126625
126626
126627
126628
126629
126630
126631
126632
126633
126634
126635
126636
126637
126638
126639
126641
126642
126643
126644
126645
126646
126647
126648
126649
126650
126651
126652
126653
126654
126656
126657
126658
126659
126660
126661
126662
126663
126664
126665
126666
126667
126668
126669
126670
126671
126672
126673
126674
126676
126677
126678
126679
126680
126681
126682
126683
126684
126685
126686
126687
126688
126689
126690
126691
126692
126694
126695
126696
126697
126698
126699
126700
126701
126702
126704
126705
126706
126707
126708
126709
126711
126712
126713
126714
126715
126716
126718
126719
126720
126721
126722
126723
126724
126725
126726
126727
126728
126729
126730
126731
126732
126733
126734
126735
126736
126737
126738
126739
126740
126741
126742
126743
126744
126745
126746
126747
126748
126749
126750
126752
126753
126754
126755
126756
126757
126758
126759
126760
126761
126762
126763
126764
126765
126766
126767
126768
126769
126770
126771
126772
126774
126775
126776
126777
126778
126779
126780
126781
126782
126783
126784
126785
126786
126787
126788
126789
126790
126791
126792
126793
126794
126795
126796
126797
126798
126799
126800
126801
126802
126803
126805
126806
126807
126808
126809
126810
126811
126812
126813
126814
126815
126816
126817
126818
126819
126820
126821
126822
126823
126824
126825
126826
126827
126829
126830
126831
126832
126833
126834
126835
126836
126837
126839
126840
126841
126842
126843
126844
126845
126846
126847
126848
126849
126851
126852
126853
126854
126855
126856
126857
126858
126859
126861
126862
126863
126865
126867
126868
126869
126870
126871
126872
126873
126874
126875
126877
126878
126879
126880
126881
126882
126883
126884
126885
126887
126888
126889
126890
126891
126892
126893
126894
126895
126896
126897
126898
126900
126901
126902
126903
126904
126905
126906
126907
126908
126909
126910
126911
126912
126913
126916
126917
126918
126919
126920
126921
126922
126923
126924
126925
126926
126927
126928
126929
126930
126931
126932
126933
126934
126935
126936
126937
126939
126940
126941
126942
126943
126944
126946
126947
126948
126949
126950
126951
126952
126953
126955
126957
126958
126959
126960
126961
126962
126963
126964
126967
126969
126970
126972
126973
126974
126975
126976
126977
126978
126979
126980
126981
126982
126983
126984
126985
126987
126988
126989
126990
126991
126993
126996
126997
126998
126999
127001
127002
127003
127004
127005
127006
127007
127008
127009
127010
127011
127012
127013
127014
127015
127017
127018
127019
127020
127021
127022
127023
127024
127025
127026
127027
127028
127029
127030
127031
127032
127033
127036
127037
127038
127039
127041
127043
127049
127050
127051
127052
127053
127054
127055
127056
127057
127059
127060
127061
127062
127063
127064
127065
127066
127067
127069
127070
127072
127073
127075
127076
127077
127078
127081
127082
127083
127084
127085
127086
127087
127088
127089
127090
127091
127092
127093
127094
127095
127096
127097
127098
127099
127100
127101
127103
127104
127105
127107
127108
127109
127110
127113
127114
127115
127116
127117
127118
127119
127120
127121
127122
127123
127124
127125
127126
127127
127128
127129
127130
127131
127132
127133
127134
127135
127136
127137
127138
127139
127141
127142
127145
127146
127147
127148
127150
127151
127152
127153
127154
127155
127156
127158
127159
127160
127161
127162
127163
127164
127165
127166
127167
127168
127169
127170
127171
127172
127173
127174
127175
127176
127177
127178
127179
127180
127181
127182
127184
127185
127187
127188
127189
127190
127191
127192
127193
127194
127195
127196
127197
127198
127199
127200
127201
127202
127203
127205
127206
127207
127208
127209
127211
127212
127213
127214
127215
127216
127217
127218
127219
127220
127221
127222
127223
127224
127225
127226
127227
127228
127229
127230
127231
127232
127233
127234
127235
127236
127237
127238
127239
127240
127241
127242
127243
127244
127245
127246
127247
127248
127249
127250
127251
127252
127253
127254
127255
127256
127257
127258
127259
127260
127261
127262
127263
127264
127265
127266
127267
127268
127269
127270
127271
127272
127273
127274
127275
127276
127277
127278
127279
127280
127281
127282
127283
127284
127285
127286
127287
127288
127289
127290
127291
127292
127293
127294
127295
127296
127297
127298
127299
127300
127301
127302
127303
127304
127305
127306
127307
127308
127309
127310
127311
127313
127314
127315
127316
127317
127318
127319
127320
127321
127322
127323
127324
127325
127326
127327
127328
127329
127330
127332
127333
127334
127335
127336
127337
127338
127339
127340
127341
127342
127343
127344
127345
127346
127347
127348
127349
127350
127351
127352
127353
127354
127355
127356
127357
127358
127359
127360
127361
127362
127363
127364
127365
127366
127367
127368
127369
127370
127371
127372
127373
127374
127375
127376
127377
127378
127379
127380
127382
127383
127384
127385
127386
127387
127388
127390
127392
127393
127394
127396
127397
127398
127400
127401
127402
127404
127405
127406
127407
127408
127409
127410
127412
127413
127414
127416
127417
127419
127420
127421
127422
127423
127424
127425
127427
127428
127429
127430
127431
127432
127433
127434
127435
127436
127437
127439
127440
127441
127442
127443
127444
127445
127446
127447
127448
127449
127450
127452
127453
127454
127455
127456
127458
127459
127460
127462
127463
127464
127465
127466
127467
127468
127469
127470
127471
127472
127473
127474
127476
127477
127478
127479
127481
127482
127483
127484
127485
127486
127487
127488
127489
127490
127491
127492
127493
127494
127495
127496
127497
127498
127499
127500
127501
127502
127504
127505
127506
127507
127508
127509
127510
127511
127512
127513
127514
127515
127517
127518
127519
127520
127521
127522
127523
127524
127525
127526
127527
127529
127530
127531
127532
127533
127534
127535
127536
127538
127539
127540
127541
127542
127543
127544
127545
127546
127547
127548
127549
127550
127551
127552
127553
127554
127555
127558
127561
127562
127563
127564
127565
127566
127567
127571
127572
127573
127574
127576
127577
127578
127579
127580
127581
127582
127583
127584
127585
127586
127587
127588
127589
127590
127591
127592
127593
127594
127595
127596
127597
127598
127599
127600
127601
127602
127603
127604
127605
127606
127607
127608
127610
127611
127612
127613
127614
127615
127616
127617
127618
127619
127620
127621
127622
127623
127624
127625
127626
127627
127628
127629
127630
127631
127632
127633
127634
127635
127636
127637
127638
127639
127641
127642
127643
127644
127645
127646
127647
127648
127649
127650
127651
127652
127653
127654
127655
127656
127657
127658
127659
127660
127661
127662
127663
127665
127666
127667
127668
127670
127671
127673
127674
127675
127677
127678
127679
127680
127681
127682
127683
127684
127685
127686
127687
127688
127689
127690
127691
127692
127693
127694
127695
127696
127697
127698
127699
127700
127701
127702
127703
127706
127707
127709
127710
127711
127712
127713
127714
127715
127716
127717
127718
127719
127721
127722
127723
127725
127726
127727
127728
127729
127730
127731
127732
127733
127734
127735
127736
127737
127738
127739
127740
127741
127742
127743
127744
127745
127746
127747
127748
127749
127750
127751
127752
127753
127754
127755
127756
127757
127758
127759
127760
127761
127762
127763
127764
127765
127766
127767
127768
127769
127770
127771
127772
127774
127775
127776
127777
127778
127779
127780
127781
127782
127783
127784
127785
127786
127787
127788
127789
127790
127791
127792
127793
127794
127795
127796
127798
127799
127800
127801
127802
127803
127804
127805
127806
127807
127808
127809
127810
127811
127812
127813
127814
127815
127816
127817
127818
127819
127820
127821
127822
127823
127825
127826
127827
127828
127829
127830
127831
127832
127833
127834
127835
127836
127837
127838
127839
127840
127841
127842
127843
127844
127845
127846
127847
127848
127849
127851
127852
127853
127854
127855
127856
127857
127858
127859
127860
127861
127862
127863
127864
127865
127866
127867
127868
127869
127870
127871
127872
127873
127874
127875
127876
127877
127878
127879
127880
127881
127882
127883
127884
127885
127886
127887
127888
127889
127890
127891
127892
127893
127894
127895
127896
127897
127898
127899
127900
127901
127902
127903
127904
127906
127907
127908
127909
127910
127911
127912
127913
127914
127915
127916
127917
127918
127919
127920
127921
127922
127923
127924
127925
127926
127927
127928
127929
127930
127931
127932
127934
127936
127937
127939
127940
127941
127942
127943
127944
127945
127947
127948
127949
127950
127951
127952
127953
127954
127955
127956
127957
127959
127960
127961
127962
127963
127964
127965
127966
127968
127969
127970
127971
127972
127973
127974
127975
127976
127977
127978
127979
127980
127981
127982
127983
127984
127985
127987
127988
127989
127990
127991
127992
127993
127994
127995
127996
127997
127998
127999
128000
128001
128002
128003
128004
128005
128006
128007
128008
128009
128010
128011
128012
128013
128014
128015
128016
128017
128018
128019
128020
128021
128022
128023
128024
128025
128026
128027
128028
128029
128030
128031
128032
128033
128034
128035
128036
128037
128038
128039
128040
128041
128042
128043
128044
128045
128046
128047
128048
128049
128051
128052
128053
128054
128055
128056
128057
128058
128059
128060
128061
128062
128063
128064
128065
128066
128067
128068
128069
128070
128072
128073
128074
128075
128076
128077
128078
128079
128080
128081
128082
128083
128084
128085
128086
128087
128088
128090
128092
128093
128094
128095
128096
128097
128098
128099
128100
128101
128103
128104
128105
128106
128107
128108
128109
128110
128111
128112
128113
128114
128115
128116
128118
128119
128120
128122
128123
128124
128125
128127
128128
128129
128130
128131
128132
128133
128134
128135
128136
128137
128138
128139
128140
128141
128142
128143
128144
128145
128146
128147
128148
128149
128151
128154
128155
128156
128157
128158
128159
128160
128161
128162
128163
128164
128165
128166
128167
128168
128169
128170
128171
128172
128173
128174
128176
128177
128178
128179
128180
128181
128183
128184
128185
128186
128187
128188
128189
128190
128191
128192
128193
128194
128195
128196
128197
128199
128200
128201
128202
128203
128204
128205
128206
128207
128208
128209
128211
128212
128213
128214
128215
128216
128217
128218
128219
128220
128222
128223
128224
128225
128226
128227
128228
128229
128230
128231
128232
128233
128234
128235
128236
128237
128238
128239
128240
128241
128242
128243
128244
128245
128246
128247
128248
128250
128251
128252
128253
128254
128255
128256
128257
128258
128259
128260
128261
128262
128263
128264
128265
128266
128267
128268
128269
128270
128271
128272
128273
128274
128275
128278
128279
128280
128281
128282
128283
128284
128285
128286
128287
128290
128291
128292
128294
128295
128296
128297
128298
128299
128300
128301
128302
128303
128305
128306
128307
128308
128309
128310
128312
128313
128315
128316
128317
128318
128319
128320
128321
128322
128323
128324
128325
128326
128327
128328
128329
128330
128331
128332
128333
128334
128335
128336
128337
128338
128340
128341
128343
128345
128346
128347
128348
128349
128350
128351
128353
128354
128355
128356
128357
128358
128360
128362
128363
128364
128365
128366
128367
128368
128369
128370
128371
128372
128373
128374
128375
128376
128378
128379
128381
128382
128383
128384
128385
128386
128387
128389
128390
128391
128392
128393
128394
128395
128396
128397
128398
128400
128401
128402
128403
128404
128405
128406
128407
128408
128409
128411
128412
128413
128414
128415
128416
128417
128419
128420
128421
128422
128423
128424
128425
128426
128427
128428
128430
128431
128432
128434
128435
128436
128437
128438
128439
128440
128441
128442
128443
128444
128445
128446
128447
128448
128449
128450
128451
128452
128453
128454
128455
128457
128458
128459
128460
128461
128462
128463
128464
128465
128466
128467
128468
128469
128470
128471
128472
128473
128474
128475
128476
128477
128478
128479
128481
128482
128483
128484
128485
128486
128487
128488
128489
128490
128491
128492
128494
128495
128496
128497
128498
128499
128500
128501
128502
128503
128505
128506
128507
128508
128509
128510
128511
128512
128513
128514
128515
128516
128517
128518
128519
128520
128521
128523
128524
128525
128526
128527
128528
128529
128530
128532
128533
128534
128535
128536
128537
128538
128539
128540
128541
128542
128543
128544
128545
128547
128548
128549
128550
128551
128552
128553
128554
128555
128557
128558
128559
128560
128561
128562
128563
128564
128565
128567
128568
128569
128570
128571
128572
128573
128574
128575
128576
128577
128578
128579
128580
128581
128582
128583
128584
128585
128586
128588
128589
128590
128591
128593
128594
128596
128597
128598
128599
128600
128601
128602
128603
128604
128605
128606
128607
128608
128609
128610
128611
128612
128613
128614
128615
128616
128619
128620
128621
128623
128624
128625
128626
128627
128628
128629
128631
128632
128633
128634
128635
128637
128638
128639
128641
128643
128644
128645
128646
128647
128648
128649
128650
128651
128652
128653
128654
128655
128656
128657
128658
128659
128660
128661
128662
128663
128664
128665
128666
128667
128669
128670
128671
128673
128674
128675
128676
128677
128678
128679
128680
128681
128682
128683
128685
128686
128687
128688
128689
128690
128691
128692
128693
128694
128695
128696
128698
128699
128700
128701
128702
128703
128704
128706
128707
128708
128709
128710
128711
128712
128713
128714
128716
128717
128718
128719
128720
128722
128723
128724
128725
128726
128727
128728
128729
128730
128731
128732
128733
128735
128738
128739
128740
128741
128742
128743
128745
128747
128748
128749
128750
128752
128753
128755
128757
128758
128759
128760
128761
128762
128763
128764
128765
128766
128767
128768
128769
128770
128771
128772
128773
128774
128775
128776
128777
128778
128779
128780
128781
128782
128783
128784
128785
128786
128787
128789
128790
128791
128792
128794
128795
128796
128798
128799
128800
128801
128802
128803
128804
128805
128806
128807
128808
128809
128810
128811
128813
128814
128815
128816
128817
128818
128819
128820
128821
128822
128823
128824
128825
128826
128827
128828
128829
128830
128831
128832
128833
128834
128836
128837
128838
128839
128840
128841
128843
128844
128846
128847
128848
128849
128850
128851
128852
128853
128854
128855
128856
128857
128859
128860
128861
128862
128863
128864
128865
128866
128867
128868
128869
128870
128871
128873
128874
128875
128876
128877
128878
128879
128880
128881
128883
128884
128885
128886
128887
128889
128890
128891
128892
128893
128894
128895
128896
128897
128898
128900
128901
128902
128903
128904
128905
128906
128907
128909
128910
128911
128912
128913
128914
128915
128916
128917
128919
128920
128921
128922
128923
128924
128925
128926
128927
128928
128929
128931
128932
128933
128934
128935
128936
128937
128938
128939
128941
128942
128943
128944
128945
128946
128947
128948
128949
128951
128952
128953
128954
128955
128956
128957
128958
128961
128962
128964
128965
128966
128967
128968
128969
128970
128971
128972
128973
128975
128976
128977
128978
128979
128980
128981
128982
128983
128984
128985
128986
128987
128989
128991
128992
128993
128994
128995
128996
128997
128998
128999
129000
129001
129002
129003
129004
129005
129006
129007
129008
129009
129010
129011
129012
129013
129014
129015
129016
129017
129018
129019
129020
129021
129022
129025
129027
129028
129029
129030
129031
129032
129033
129034
129035
129036
129038
129039
129040
129042
129043
129045
129047
129048
129049
129051
129052
129053
129054
129055
129057
129058
129059
129060
129061
129063
129064
129065
129066
129067
129068
129069
129070
129071
129072
129074
129075
129076
129077
129079
129080
129081
129082
129084
129085
129086
129087
129088
129089
129090
129091
129092
129094
129095
129096
129097
129098
129099
129101
129102
129104
129105
129106
129108
129109
129110
129111
129112
129113
129114
129115
129116
129117
129118
129119
129120
129121
129122
129123
129125
129126
129127
129129
129130
129131
129132
129134
129135
129136
129137
129138
129140
129141
129142
129144
129145
129147
129148
129149
129151
129152
129154
129155
129156
129157
129158
129159
129160
129162
129163
129164
129165
129166
129167
129168
129169
129170
129171
129172
129173
129174
129175
129176
129177
129178
129179
129180
129181
129182
129183
129184
129185
129186
129187
129188
129189
129190
129191
129192
129193
129194
129195
129196
129199
129200
129201
129202
129203
129204
129206
129207
129208
129209
129210
129211
129212
129213
129214
129215
129216
129217
129218
129220
129221
129222
129223
129224
129225
129226
129227
129228
129229
129230
129231
129232
129234
129235
129237
129238
129239
129241
129243
129244
129245
129246
129247
129248
129249
129250
129253
129254
129255
129256
129257
129258
129259
129260
129261
129262
129263
129264
129265
129266
129267
129268
129269
129270
129271
129272
129273
129274
129275
129276
129277
129278
129279
129280
129282
129283
129284
129285
129286
129287
129288
129289
129290
129291
129292
129293
129294
129295
129297
129298
129299
129300
129301
129302
129303
129304
129305
129309
129310
129311
129312
129313
129314
129315
129316
129317
129318
129320
129321
129322
129324
129326
129327
129328
129329
129330
129331
129332
129333
129334
129335
129336
129337
129338
129339
129340
129341
129342
129343
129344
129345
129346
129347
129348
129349
129351
129352
129353
129354
129355
129356
129357
129358
129359
129360
129361
129362
129363
129364
129365
129366
129367
129368
129369
129371
129373
129374
129375
129376
129377
129378
129379
129380
129381
129382
129383
129384
129385
129386
129387
129388
129389
129390
129391
129392
129393
129394
129395
129396
129397
129399
129400
129401
129403
129404
129405
129407
129408
129409
129410
129411
129412
129413
129414
129415
129416
129417
129418
129419
129420
129421
129422
129423
129424
129426
129427
129428
129429
129430
129431
129432
129434
129435
129436
129437
129438
129439
129440
129442
129443
129444
129445
129446
129447
129448
129450
129451
129452
129454
129455
129456
129457
129458
129459
129460
129461
129462
129465
129467
129469
129470
129471
129472
129473
129474
129475
129476
129477
129479
129481
129482
129483
129484
129485
129486
129487
129488
129489
129490
129491
129492
129493
129494
129495
129497
129498
129499
129500
129501
129502
129503
129504
129506
129507
129509
129510
129511
129512
129513
129514
129515
129516
129517
129518
129519
129520
129521
129523
129525
129527
129528
129529
129530
129531
129533
129534
129535
129536
129537
129538
129539
129540
129541
129542
129543
129544
129545
129546
129547
129549
129551
129553
129554
129555
129556
129557
129558
129559
129560
129561
129562
129563
129565
129566
129567
129568
129569
129570
129572
129573
129574
129575
129576
129577
129578
129579
129580
129581
129582
129583
129584
129585
129586
129587
129588
129589
129590
129591
129592
129593
129594
129596
129597
129598
129599
129600
129601
129602
129603
129604
129605
129606
129607
129608
129609
129610
129611
129612
129613
129614
129615
129616
129617
129618
129619
129620
129621
129622
129623
129624
129625
129626
129627
129629
129631
129632
129633
129635
129636
129637
129638
129639
129640
129641
129642
129644
129645
129647
129648
129649
129650
129651
129652
129653
129654
129655
129656
129657
129658
129659
129660
129661
129662
129663
129664
129665
129666
129667
129668
129671
129672
129673
129674
129675
129676
129677
129678
129679
129680
129681
129682
129683
129684
129685
129687
129688
129690
129691
129692
129693
129694
129695
129697
129698
129699
129700
129701
129702
129703
129704
129706
129707
129708
129709
129710
129711
129712
129714
129715
129716
129717
129718
129719
129720
129721
129722
129723
129724
129725
129726
129727
129729
129730
129731
129732
129733
129734
129735
129736
129737
129738
129739
129740
129741
129743
129744
129745
129746
129747
129748
129749
129751
129752
129753
129754
129756
129759
129760
129761
129762
129763
129764
129765
129766
129767
129768
129769
129770
129772
129773
129774
129775
129776
129777
129778
129779
129780
129781
129782
129783
129784
129785
129786
129787
129788
129789
129790
129791
129792
129793
129794
129795
129796
129797
129798
129799
129800
129801
129802
129803
129804
129805
129806
129807
129808
129810
129811
129812
129813
129814
129816
129817
129818
129819
129820
129821
129823
129824
129825
129826
129827
129828
129829
129830
129831
129833
129834
129835
129836
129837
129838
129839
129840
129841
129842
129843
129844
129847
129848
129849
129851
129852
129853
129854
129855
129856
129857
129858
129859
129860
129861
129862
129863
129864
129865
129866
129867
129868
129871
129872
129873
129874
129875
129876
129878
129879
129880
129881
129883
129887
129891
129892
129893
129894
129895
129896
129897
129898
129899
129900
129901
129902
129903
129904
129905
129906
129907
129908
129909
129910
129911
129912
129913
129914
129915
129916
129917
129918
129919
129920
129921
129922
129923
129924
129925
129926
129927
129928
129929
129930
129931
129933
129934
129936
129937
129938
129939
129940
129941
129942
129943
129945
129946
129947
129948
129949
129950
129951
129952
129953
129954
129955
129957
129958
129959
129960
129961
129962
129963
129964
129965
129967
129968
129969
129970
129971
129972
129973
129974
129975
129976
129977
129978
129979
129981
129983
129984
129985
129986
129987
129988
129989
129990
129991
129993
129994
129995
129997
129998
129999
130000
130001
130002
130004
130006
130007
130008
130010
130011
130012
130013
130014
130015
130016
130017
130018
130019
130020
130021
130022
130024
130025
130027
130028
130030
130031
130032
130033
130034
130036
130037
130038
130039
130040
130041
130042
130043
130044
130045
130046
130047
130048
130049
130050
130051
130052
130053
130054
130055
130056
130057
130058
130059
130061
130062
130063
130064
130065
130066
130067
130068
130069
130070
130072
130075
130076
130077
130078
130079
130081
130082
130083
130084
130085
130086
130087
130088
130089
130090
130091
130092
130093
130094
130096
130097
130098
130099
130100
130101
130102
130103
130104
130105
130106
130107
130108
130109
130110
130111
130112
130113
130114
130115
130116
130117
130118
130119
130120
130121
130122
130123
130124
130127
130128
130129
130130
130131
130132
130133
130134
130135
130136
130138
130139
130141
130142
130143
130144
130145
130146
130147
130148
130149
130150
130152
130153
130154
130155
130156
130158
130159
130160
130161
130162
130163
130164
130165
130166
130167
130168
130169
130170
130171
130172
130173
130174
130175
130176
130177
130178
130179
130180
130181
130182
130183
130184
130185
130186
130188
130189
130190
130191
130192
130193
130194
130195
130196
130197
130198
130199
130200
130201
130202
130203
130204
130205
130206
130208
130209
130210
130211
130212
130213
130215
130216
130217
130218
130219
130220
130221
130222
130223
130224
130225
130226
130227
130228
130229
130230
130231
130232
130234
130235
130236
130237
130239
130240
130241
130242
130243
130245
130246
130247
130248
130250
130251
130252
130255
130256
130257
130258
130259
130260
130262
130264
130266
130267
130268
130269
130270
130271
130272
130273
130274
130275
130276
130277
130278
130279
130281
130282
130283
130285
130286
130287
130289
130290
130291
130292
130293
130294
130295
130298
130299
130300
130301
130303
130305
130306
130307
130308
130309
130310
130312
130313
130314
130315
130316
130317
130318
130319
130321
130322
130323
130324
130325
130326
130327
130328
130329
130330
130331
130333
130334
130335
130336
130338
130339
130340
130341
130342
130343
130344
130345
130346
130347
130350
130351
130352
130354
130355
130356
130357
130359
130361
130362
130363
130364
130365
130366
130367
130368
130369
130371
130372
130373
130374
130375
130376
130378
130379
130380
130381
130382
130384
130386
130387
130388
130389
130390
130392
130393
130394
130395
130396
130397
130398
130399
130400
130401
130402
130403
130404
130405
130406
130407
130408
130409
130410
130411
130413
130414
130415
130416
130417
130418
130419
130420
130422
130423
130424
130425
130426
130427
130428
130429
130430
130432
130433
130434
130435
130436
130437
130438
130439
130441
130442
130443
130444
130445
130446
130447
130448
130449
130450
130451
130452
130453
130454
130455
130456
130457
130458
130459
130460
130461
130462
130463
130464
130465
130466
130467
130468
130469
130470
130471
130472
130473
130474
130475
130476
130477
130478
130479
130480
130482
130483
130484
130485
130486
130487
130488
130489
130490
130493
130494
130496
130498
130499
130500
130501
130502
130503
130504
130505
130506
130507
130508
130509
130510
130511
130512
130513
130514
130515
130516
130517
130518
130520
130521
130522
130523
130524
130525
130526
130527
130529
130530
130531
130532
130533
130534
130535
130536
130537
130538
130539
130540
130541
130542
130543
130544
130545
130546
130547
130548
130549
130550
130551
130552
130554
130555
130556
130557
130558
130559
130560
130561
130562
130563
130565
130566
130567
130568
130569
130571
130572
130573
130574
130575
130576
130577
130578
130579
130580
130581
130582
130583
130585
130586
130587
130590
130591
130593
130595
130596
130597
130598
130599
130600
130601
130602
130603
130604
130606
130607
130608
130609
130610
130611
130612
130613
130614
130615
130616
130617
130618
130619
130620
130621
130622
130623
130624
130625
130626
130627
130628
130629
130630
130631
130632
130633
130634
130635
130636
130637
130638
130639
130640
130642
130643
130644
130645
130646
130647
130648
130649
130650
130651
130652
130653
130655
130656
130657
130659
130660
130661
130662
130663
130664
130666
130667
130668
130669
130670
130671
130672
130673
130674
130675
130676
130678
130679
130680
130681
130682
130683
130684
130685
130686
130687
130688
130689
130691
130692
130693
130694
130695
130698
130699
130700
130701
130702
130704
130705
130706
130707
130708
130709
130710
130711
130712
130713
130714
130715
130716
130717
130721
130722
130723
130724
130725
130726
130727
130728
130729
130731
130732
130733
130734
130735
130736
130737
130738
130739
130740
130741
130742
130743
130744
130746
130747
130748
130749
130750
130751
130752
130753
130754
130755
130756
130757
130758
130759
130760
130761
130763
130764
130765
130766
130767
130768
130769
130771
130772
130773
130774
130775
130776
130777
130778
130779
130781
130782
130785
130786
130787
130788
130789
130790
130791
130792
130793
130794
130795
130796
130797
130798
130799
130800
130801
130802
130803
130804
130805
130806
130807
130808
130809
130810
130811
130812
130813
130814
130816
130817
130818
130819
130821
130822
130823
130824
130825
130826
130827
130828
130830
130831
130832
130833
130834
130835
130836
130838
130839
130840
130841
130842
130843
130844
130845
130846
130847
130849
130850
130851
130852
130854
130855
130856
130857
130858
130860
130861
130863
130864
130866
130867
130868
130869
130870
130871
130872
130873
130874
130875
130876
130877
130878
130880
130881
130882
130883
130884
130885
130886
130887
130888
130889
130890
130891
130892
130893
130894
130895
130896
130897
130899
130900
130901
130902
130903
130904
130905
130906
130907
130908
130910
130911
130912
130913
130914
130915
130916
130917
130918
130919
130920
130922
130924
130925
130926
130927
130929
130930
130931
130932
130933
130934
130935
130936
130937
130938
130940
130943
130944
130945
130946
130949
130950
130951
130952
130953
130956
130957
130958
130959
130960
130961
130962
130963
130965
130966
130967
130968
130969
130970
130971
130972
130973
130974
130975
130976
130977
130979
130980
130981
130982
130983
130984
130985
130986
130987
130988
130989
130990
130991
130992
130993
130994
130995
130996
130997
130998
130999
131000
131001
131002
131004
131005
131006
131007
131008
131009
131010
131011
131012
131013
131014
131015
131016
131017
131019
131020
131021
131022
131024
131025
131026
131027
131028
131030
131031
131032
131033
131035
131036
131037
131038
131039
131040
131043
131044
131045
131046
131048
131049
131050
131051
131052
131053
131054
131055
131056
131057
131058
131059
131060
131061
131062
131063
131064
131066
131067
131068
131069
131070
131071
131072
131073
131074
131075
131076
131077
131078
131079
131080
131082
131083
131084
131085
131087
131088
131089
131090
131091
131092
131093
131094
131097
131098
131099
131102
131103
131104
131105
131106
131107
131109
131110
131111
131112
131113
131114
131115
131116
131117
131118
131119
131120
131121
131122
131123
131124
131125
131126
131127
131128
131129
131130
131131
131132
131135
131136
131137
131138
131139
131140
131141
131142
131143
131144
131145
131146
131147
131148
131149
131150
131152
131153
131154
131155
131156
131157
131158
131159
131161
131162
131163
131164
131165
131166
131167
131169
131170
131171
131172
131173
131174
131176
131177
131178
131179
131181
131182
131183
131184
131186
131187
131188
131189
131191
131192
131193
131194
131195
131196
131199
131200
131202
131203
131204
131205
131206
131207
131208
131209
131210
131211
131212
131213
131214
131215
131216
131217
131218
131219
131220
131221
131222
131223
131224
131225
131227
131228
131229
131230
131231
131232
131233
131234
131235
131236
131239
131240
131241
131242
131243
131244
131245
131246
131247
131248
131249
131250
131251
131252
131253
131254
131255
131256
131257
131258
131259
131262
131263
131264
131265
131269
131271
131272
131273
131274
131275
131276
131277
131278
131279
131281
131282
131283
131284
131285
131286
131287
131288
131290
131291
131292
131293
131294
131295
131296
131297
131298
131299
131300
131301
131302
131303
131305
131306
131307
131308
131309
131310
131311
131312
131313
131314
131315
131316
131317
131319
131320
131321
131322
131323
131324
131325
131326
131327
131328
131329
131330
131331
131332
131333
131334
131335
131337
131338
131339
131340
131341
131342
131343
131344
131345
131346
131347
131348
131349
131351
131352
131353
131354
131355
131356
131357
131358
131359
131360
131361
131362
131363
131364
131365
131366
131368
131369
131370
131371
131372
131374
131376
131377
131378
131380
131381
131382
131383
131384
131385
131386
131387
131390
131391
131392
131393
131394
131395
131396
131398
131399
131400
131401
131402
131403
131404
131405
131406
131407
131409
131410
131411
131412
131414
131415
131416
131417
131418
131420
131421
131422
131423
131424
131425
131426
131427
131429
131430
131432
131433
131434
131435
131436
131437
131438
131439
131441
131442
131443
131444
131445
131446
131447
131448
131449
131450
131451
131452
131453
131454
131455
131456
131457
131459
131460
131461
131462
131463
131465
131466
131467
131468
131470
131473
131474
131475
131476
131477
131478
131479
131480
131481
131482
131483
131484
131485
131487
131488
131489
131490
131492
131493
131494
131495
131496
131498
131499
131500
131501
131502
131503
131504
131505
131506
131507
131508
131509
131510
131511
131512
131513
131514
131515
131516
131517
131520
131521
131522
131523
131524
131525
131528
131529
131530
131531
131532
131533
131535
131536
131537
131538
131539
131540
131541
131542
131543
131544
131545
131547
131548
131549
131550
131551
131554
131555
131556
131557
131558
131559
131561
131562
131563
131564
131567
131568
131569
131570
131571
131572
131573
131574
131576
131577
131578
131581
131582
131584
131585
131586
131587
131588
131589
131590
131591
131593
131595
131596
131597
131598
131599
131600
131601
131602
131603
131604
131605
131606
131608
131609
131610
131611
131612
131613
131615
131616
131617
131618
131619
131620
131621
131622
131623
131624
131625
131626
131627
131628
131629
131630
131631
131632
131633
131635
131637
131638
131639
131640
131641
131642
131643
131644
131645
131646
131647
131648
131649
131650
131651
131652
131653
131654
131655
131656
131657
131658
131659
131660
131661
131662
131663
131664
131665
131667
131668
131669
131670
131671
131672
131674
131675
131676
131677
131678
131679
131680
131681
131682
131683
131684
131685
131686
131687
131688
131689
131690
131691
131692
131693
131695
131696
131697
131699
131702
131703
131705
131707
131709
131710
131711
131712
131713
131714
131715
131716
131717
131719
131720
131721
131722
131723
131724
131725
131726
131727
131729
131730
131731
131733
131734
131735
131737
131738
131739
131740
131741
131742
131743
131744
131745
131746
131748
131749
131750
131751
131752
131753
131754
131755
131756
131757
131758
131759
131761
131762
131763
131764
131765
131766
131767
131768
131771
131772
131773
131774
131775
131776
131777
131778
131779
131781
131784
131785
131786
131787
131788
131789
131791
131792
131793
131794
131795
131796
131797
131798
131799
131800
131802
131804
131805
131806
131807
131808
131809
131810
131812
131813
131814
131815
131816
131817
131819
131820
131821
131822
131823
131824
131825
131826
131827
131828
131829
131831
131832
131833
131834
131835
131837
131839
131840
131841
131842
131843
131844
131845
131846
131847
131848
131849
131851
131852
131853
131854
131855
131856
131857
131858
131859
131860
131861
131863
131864
131865
131866
131868
131869
131870
131872
131874
131875
131876
131877
131878
131879
131880
131881
131882
131883
131884
131885
131886
131887
131889
131890
131891
131892
131893
131894
131895
131896
131897
131899
131900
131902
131904
131906
131908
131909
131910
131911
131912
131913
131914
131916
131918
131919
131920
131921
131922
131923
131924
131925
131926
131927
131928
131930
131931
131932
131933
131934
131935
131936
131937
131938
131939
131940
131941
131942
131944
131945
131946
131947
131948
131949
131950
131951
131952
131953
131954
131955
131956
131957
131958
131959
131960
131961
131962
131963
131964
131965
131968
131969
131970
131974
131975
131976
131977
131978
131979
131980
131981
131982
131983
131984
131985
131986
131987
131988
131989
131990
131991
131992
131993
131994
131995
131997
131999
132000
132001
132002
132003
132004
132006
132007
132008
132009
132010
132011
132012
132013
132014
132015
132016
132017
132018
132019
132020
132021
132022
132023
132024
132025
132026
132028
132029
132030
132031
132032
132033
132034
132035
132037
132039
132041
132042
132047
132048
132049
132051
132052
132053
132054
132055
132058
132059
132060
132062
132063
132064
132065
132066
132067
132068
132069
132071
132072
132073
132074
132075
132076
132078
132079
132081
132083
132084
132085
132086
132087
132088
132089
132091
132092
132093
132094
132095
132097
132098
132100
132101
132102
132103
132104
132105
132106
132107
132108
132109
132110
132112
132113
132114
132115
132116
132117
132120
132121
132122
132123
132124
132125
132126
132127
132129
132130
132131
132132
132133
132134
132135
132136
132138
132139
132140
132141
132142
132143
132144
132145
132146
132148
132149
132150
132151
132152
132153
132154
132155
132156
132157
132158
132159
132160
132161
132162
132163
132164
132165
132166
132167
132168
132169
132170
132171
132172
132173
132174
132176
132177
132178
132179
132180
132181
132182
132183
132184
132185
132186
132187
132188
132190
132191
132192
132193
132195
132196
132197
132198
132199
132200
132201
132202
132203
132206
132207
132208
132209
132210
132212
132213
132214
132215
132217
132218
132220
132222
132223
132224
132225
132226
132227
132228
132229
132230
132231
132232
132233
132234
132235
132236
132237
132238
132239
132240
132241
132242
132243
132244
132245
132246
132247
132248
132251
132253
132254
132255
132256
132257
132258
132259
132261
132262
132263
132264
132265
132266
132267
132268
132269
132270
132271
132272
132273
132274
132275
132276
132277
132278
132279
132280
132281
132282
132283
132284
132285
132287
132288
132290
132291
132292
132293
132294
132295
132296
132297
132299
132300
132302
132303
132304
132305
132306
132307
132308
132309
132311
132312
132313
132314
132315
132316
132317
132318
132319
132320
132321
132322
132323
132325
132326
132327
132328
132329
132331
132332
132333
132334
132335
132336
132337
132338
132339
132340
132341
132342
132343
132344
132345
132346
132347
132349
132351
132352
132353
132356
132358
132359
132360
132361
132362
132363
132364
132365
132367
132368
132369
132370
132371
132372
132373
132375
132376
132377
132378
132380
132381
132382
132383
132385
132386
132387
132388
132389
132391
132392
132393
132394
132396
132398
132399
132400
132401
132403
132404
132405
132406
132407
132408
132409
132410
132411
132412
132414
132415
132416
132417
132418
132420
132421
132422
132423
132424
132425
132426
132427
132428
132429
132430
132431
132432
132433
132434
132435
132436
132437
132438
132439
132440
132441
132442
132443
132444
132445
132446
132450
132452
132453
132454
132455
132456
132457
132459
132460
132461
132462
132463
132464
132465
132467
132468
132469
132470
132471
132474
132476
132477
132478
132479
132480
132481
132482
132483
132484
132485
132486
132487
132489
132490
132491
132493
132494
132495
132496
132497
132498
132499
132500
132501
132502
132503
132504
132505
132507
132508
132509
132511
132512
132515
132516
132518
132519
132521
132522
132523
132524
132525
132526
132527
132528
132529
132530
132532
132533
132534
132535
132539
132540
132541
132542
132544
132545
132546
132548
132552
132553
132555
132556
132561
132562
132564
132565
132566
132567
132568
132569
132570
132571
132572
132573
132574
132575
132576
132578
132579
132580
132583
132584
132586
132587
132589
132590
132591
132592
132593
132594
132596
132597
132598
132599
132600
132601
132602
132603
132604
132606
132607
132608
132609
132610
132612
132613
132614
132616
132617
132618
132619
132620
132621
132622
132623
132624
132625
132626
132627
132629
132630
132631
132633
132635
132636
132637
132638
132640
132641
132642
132643
132644
132645
132646
132647
132648
132650
132651
132652
132653
132654
132655
132656
132657
132658
132659
132660
132661
132662
132663
132664
132665
132666
132667
132668
132670
132671
132672
132673
132675
132676
132677
132678
132679
132680
132681
132682
132683
132684
132686
132687
132689
132690
132691
132692
132693
132694
132695
132696
132697
132698
132699
132700
132701
132702
132703
132704
132705
132706
132707
132708
132709
132711
132714
132715
132716
132717
132718
132722
132723
132724
132726
132727
132728
132729
132730
132731
132734
132735
132736
132737
132738
132739
132740
132741
132742
132743
132744
132745
132746
132747
132748
132749
132750
132751
132752
132753
132754
132755
132756
132757
132758
132760
132761
132762
132763
132764
132766
132767
132768
132770
132771
132772
132773
132774
132775
132776
132777
132778
132779
132780
132781
132782
132783
132785
132786
132787
132789
132790
132791
132792
132793
132795
132796
132797
132798
132799
132800
132801
132802
132803
132804
132805
132807
132808
132810
132811
132812
132813
132816
132817
132818
132819
132820
132821
132822
132823
132824
132825
132826
132827
132828
132829
132830
132831
132832
132833
132834
132835
132836
132837
132839
132840
132842
132843
132844
132845
132846
132847
132848
132849
132850
132851
132852
132853
132855
132857
132858
132859
132860
132861
132862
132863
132864
132866
132868
132869
132870
132871
132872
132873
132874
132875
132876
132877
132878
132879
132881
132882
132883
132884
132885
132886
132887
132888
132889
132890
132891
132892
132893
132894
132896
132897
132898
132900
132901
132902
132903
132904
132905
132906
132907
132908
132909
132910
132911
132912
132913
132914
132915
132917
132918
132919
132920
132921
132922
132923
132924
132925
132926
132927
132928
132929
132930
132931
132932
132933
132934
132935
132936
132937
132938
132939
132940
132941
132942
132944
132945
132946
132947
132948
132949
132950
132951
132953
132954
132955
132956
132957
132958
132959
132960
132962
132963
132964
132967
132968
132969
132970
132971
132972
132974
132976
132978
132979
132980
132981
132982
132983
132984
132985
132986
132987
132988
132989
132990
132991
132992
132993
132994
132995
132997
132998
132999
133000
133001
133002
133003
133004
133005
133006
133007
133008
133009
133010
133011
133012
133013
133014
133015
133016
133017
133018
133019
133020
133021
133022
133023
133024
133025
133026
133028
133029
133030
133031
133032
133033
133034
133035
133037
133038
133039
133040
133041
133042
133043
133044
133045
133047
133048
133049
133050
133051
133052
133053
133054
133055
133056
133057
133058
133059
133060
133061
133062
133063
133065
133067
133069
133070
133071
133072
133073
133074
133075
133076
133077
133078
133079
133080
133081
133083
133084
133086
133088
133089
133090
133092
133093
133095
133096
133097
133098
133100
133103
133104
133105
133106
133107
133108
133109
133110
133111
133112
133113
133114
133116
133117
133118
133119
133121
133122
133123
133124
133125
133126
133127
133128
133129
133130
133131
133132
133133
133134
133135
133136
133137
133138
133139
133140
133142
133143
133144
133145
133146
133148
133149
133150
133151
133152
133153
133154
133156
133157
133158
133159
133160
133161
133162
133163
133165
133166
133167
133168
133169
133170
133172
133173
133174
133175
133176
133177
133178
133179
133180
133181
133182
133183
133184
133185
133186
133187
133188
133189
133190
133191
133192
133193
133194
133195
133196
133197
133199
133200
133201
133202
133203
133205
133206
133207
133208
133209
133210
133211
133212
133213
133214
133215
133216
133217
133218
133219
133220
133221
133222
133223
133224
133225
133226
133227
133228
133229
133232
133233
133234
133235
133236
133237
133238
133239
133240
133241
133243
133244
133246
133247
133248
133249
133250
133251
133252
133254
133255
133256
133257
133258
133260
133261
133262
133263
133264
133265
133266
133268
133269
133270
133271
133272
133273
133274
133275
133276
133277
133278
133279
133280
133281
133282
133283
133284
133285
133288
133289
133290
133291
133292
133293
133294
133295
133296
133297
133298
133299
133300
133301
133302
133303
133304
133305
133306
133307
133308
133309
133310
133311
133312
133313
133314
133315
133316
133317
133318
133319
133320
133321
133322
133323
133324
133325
133326
133327
133330
133331
133332
133333
133334
133335
133336
133337
133338
133339
133340
133341
133342
133343
133345
133346
133347
133348
133349
133350
133351
133352
133353
133354
133355
133356
133357
133358
133360
133361
133363
133364
133365
133366
133368
133370
133371
133373
133374
133375
133376
133377
133378
133379
133380
133381
133383
133384
133385
133386
133387
133388
133389
133390
133391
133392
133393
133394
133395
133396
133397
133398
133399
133401
133402
133403
133404
133405
133407
133408
133409
133410
133411
133412
133413
133414
133415
133416
133417
133419
133420
133421
133424
133425
133426
133427
133428
133429
133430
133431
133432
133433
133434
133435
133436
133437
133438
133439
133440
133442
133444
133445
133446
133447
133448
133449
133450
133451
133453
133454
133455
133456
133457
133458
133459
133460
133461
133462
133463
133464
133465
133466
133467
133468
133469
133470
133471
133472
133473
133474
133475
133476
133477
133478
133479
133480
133481
133482
133483
133484
133485
133486
133487
133488
133489
133490
133491
133492
133493
133494
133495
133496
133497
133498
133499
133500
133501
133502
133503
133504
133505
133506
133507
133508
133510
133512
133513
133514
133515
133516
133517
133518
133519
133520
133521
133522
133523
133524
133525
133526
133527
133528
133529
133530
133531
133533
133534
133536
133537
133538
133539
133540
133541
133542
133544
133546
133547
133548
133549
133550
133551
133552
133553
133554
133555
133556
133557
133558
133559
133560
133562
133563
133564
133565
133566
133567
133568
133569
133570
133571
133572
133573
133574
133576
133577
133578
133579
133580
133581
133582
133583
133584
133585
133589
133590
133591
133592
133593
133594
133595
133596
133597
133598
133599
133600
133601
133602
133603
133604
133605
133606
133607
133608
133609
133610
133611
133612
133613
133614
133615
133616
133617
133618
133619
133620
133621
133622
133623
133624
133625
133627
133629
133630
133631
133632
133633
133634
133635
133636
133637
133638
133639
133640
133642
133643
133644
133645
133647
133648
133649
133650
133651
133652
133653
133654
133655
133656
133658
133659
133660
133661
133662
133663
133664
133666
133667
133668
133670
133671
133672
133673
133674
133675
133676
133677
133678
133679
133680
133681
133682
133683
133684
133685
133686
133687
133688
133689
133690
133691
133692
133693
133694
133695
133696
133697
133698
133700
133701
133702
133704
133707
133708
133709
133710
133711
133712
133713
133714
133715
133716
133717
133718
133719
133720
133721
133723
133724
133725
133727
133728
133729
133730
133731
133732
133733
133734
133735
133736
133737
133738
133739
133740
133741
133742
133743
133744
133745
133746
133747
133748
133749
133750
133751
133752
133753
133754
133755
133756
133757
133758
133759
133760
133761
133762
133763
133765
133766
133767
133768
133769
133771
133772
133774
133775
133776
133777
133778
133779
133781
133783
133784
133785
133786
133787
133788
133789
133790
133791
133792
133793
133794
133795
133797
133798
133799
133800
133801
133803
133804
133806
133807
133808
133809
133810
133811
133812
133813
133814
133815
133816
133817
133818
133819
133820
133821
133822
133823
133824
133825
133826
133827
133828
133829
133830
133831
133833
133834
133836
133837
133838
133839
133840
133841
133842
133843
133844
133845
133846
133849
133850
133852
133853
133854
133855
133856
133859
133860
133861
133862
133863
133864
133865
133866
133867
133868
133869
133870
133871
133872
133873
133874
133875
133876
133877
133878
133879
133880
133881
133882
133883
133884
133887
133888
133889
133890
133891
133892
133893
133894
133896
133897
133898
133899
133900
133901
133903
133905
133907
133908
133909
133910
133911
133912
133914
133915
133916
133917
133918
133919
133920
133921
133922
133923
133924
133925
133926
133927
133928
133931
133932
133933
133934
133935
133938
133939
133940
133941
133943
133945
133947
133948
133949
133950
133951
133952
133953
133955
133957
133959
133960
133961
133962
133963
133966
133967
133968
133969
133970
133971
133973
133974
133976
133977
133978
133979
133981
133982
133983
133985
133986
133987
133989
133990
133991
133992
133993
133994
133995
133996
133997
133998
133999
134000
134001
134002
134003
134005
134006
134007
134008
134009
134010
134011
134012
134013
134014
134017
134018
134019
134020
134021
134022
134023
134024
134025
134026
134027
134029
134030
134031
134032
134033
134034
134035
134036
134037
134038
134039
134040
134041
134042
134043
134044
134045
134046
134047
134049
134050
134051
134052
134053
134054
134055
134056
134057
134058
134059
134060
134061
134062
134063
134064
134065
134066
134067
134068
134069
134070
134071
134072
134073
134075
134076
134077
134078
134079
134080
134081
134082
134083
134084
134085
134086
134087
134088
134089
134092
134093
134094
134095
134097
134098
134099
134100
134102
134105
134106
134107
134108
134109
134111
134112
134113
134114
134115
134116
134117
134118
134120
134121
134122
134123
134124
134125
134126
134127
134128
134129
134130
134131
134132
134133
134134
134135
134136
134137
134138
134139
134140
134141
134142
134143
134144
134145
134146
134147
134148
134149
134150
134151
134152
134153
134154
134155
134156
134157
134158
134159
134162
134163
134164
134166
134167
134168
134169
134170
134171
134172
134173
134174
134175
134176
134177
134179
134180
134181
134182
134183
134184
134185
134186
134187
134188
134189
134190
134191
134192
134193
134194
134197
134198
134199
134200
134201
134202
134203
134204
134205
134206
134207
134208
134209
134210
134211
134212
134213
134214
134215
134216
134217
134218
134219
134220
134221
134222
134223
134224
134225
134226
134227
134228
134229
134230
134231
134232
134233
134234
134235
134236
134237
134238
134240
134241
134242
134243
134244
134245
134246
134247
134248
134251
134252
134253
134254
134255
134256
134257
134258
134259
134260
134261
134262
134263
134264
134265
134268
134270
134271
134272
134273
134274
134275
134276
134277
134278
134279
134280
134282
134283
134284
134285
134286
134287
134288
134289
134290
134292
134294
134295
134297
134298
134299
134301
134302
134304
134305
134308
134309
134310
134311
134312
134313
134314
134316
134318
134319
134320
134321
134323
134325
134326
134327
134328
134329
134330
134332
134333
134334
134336
134337
134338
134339
134340
134341
134342
134343
134344
134345
134346
134347
134348
134349
134351
134352
134353
134354
134355
134356
134357
134358
134359
134360
134361
134362
134363
134364
134366
134367
134368
134369
134370
134372
134374
134375
134376
134377
134378
134379
134380
134381
134382
134383
134384
134385
134386
134387
134388
134389
134390
134391
134392
134395
134396
134397
134398
134399
134400
134401
134402
134403
134404
134407
134408
134409
134410
134411
134412
134413
134415
134416
134419
134421
134422
134423
134424
134425
134426
134427
134428
134429
134431
134432
134433
134434
134435
134437
134438
134439
134440
134441
134442
134443
134444
134446
134447
134448
134449
134450
134451
134453
134454
134456
134457
134458
134460
134461
134462
134463
134464
134466
134467
134468
134469
134470
134471
134472
134473
134475
134476
134478
134479
134480
134481
134482
134483
134484
134485
134486
134487
134488
134489
134490
134491
134492
134493
134494
134495
134497
134498
134499
134500
134501
134502
134505
134506
134507
134508
134509
134511
134512
134513
134514
134515
134516
134517
134518
134520
134523
134524
134525
134526
134529
134531
134532
134533
134534
134535
134536
134537
134538
134539
134540
134542
134543
134544
134545
134546
134547
134550
134551
134552
134553
134554
134555
134557
134558
134559
134560
134561
134562
134563
134564
134565
134566
134568
134569
134571
134572
134573
134574
134575
134576
134577
134578
134579
134580
134581
134582
134583
134584
134585
134586
134587
134589
134590
134591
134592
134593
134594
134596
134597
134598
134599
134600
134601
134602
134603
134604
134605
134606
134607
134608
134609
134610
134611
134613
134614
134615
134617
134619
134620
134622
134623
134625
134626
134627
134628
134629
134630
134631
134632
134633
134634
134635
134636
134638
134639
134642
134643
134644
134645
134646
134647
134648
134649
134650
134651
134652
134653
134654
134655
134656
134659
134660
134661
134663
134664
134665
134666
134667
134668
134669
134670
134671
134673
134674
134675
134676
134677
134678
134679
134680
134681
134682
134683
134685
134687
134688
134689
134690
134691
134692
134693
134694
134695
134696
134697
134698
134699
134700
134703
134704
134706
134707
134708
134710
134711
134712
134713
134715
134716
134717
134719
134720
134723
134724
134725
134727
134728
134729
134730
134732
134734
134735
134737
134739
134740
134741
134742
134743
134745
134747
134748
134749
134751
134752
134754
134755
134756
134757
134758
134759
134760
134761
134762
134763
134766
134767
134768
134769
134770
134772
134773
134774
134775
134777
134778
134779
134780
134781
134782
134783
134784
134785
134786
134788
134789
134790
134791
134793
134795
134796
134797
134798
134799
134800
134801
134802
134803
134805
134806
134807
134808
134809
134810
134811
134812
134813
134815
134816
134817
134818
134819
134820
134821
134822
134823
134824
134825
134827
134828
134829
134830
134831
134832
134833
134834
134835
134836
134837
134838
134840
134841
134842
134843
134844
134845
134846
134847
134849
134850
134852
134854
134855
134856
134857
134858
134859
134860
134861
134864
134865
134867
134868
134869
134870
134871
134872
134873
134874
134876
134877
134878
134880
134881
134882
134883
134884
134886
134887
134888
134889
134891
134894
134895
134896
134897
134898
134899
134900
134901
134902
134907
134908
134909
134911
134912
134913
134914
134916
134917
134918
134919
134920
134922
134923
134925
134926
134927
134928
134929
134930
134931
134932
134933
134935
134936
134937
134938
134940
134941
134942
134943
134944
134945
134946
134947
134948
134949
134951
134952
134953
134954
134955
134957
134958
134959
134960
134961
134962
134964
134965
134966
134967
134969
134970
134971
134972
134973
134974
134975
134976
134977
134978
134979
134980
134981
134982
134983
134984
134985
134986
134987
134988
134989
134991
134992
134993
134994
134995
134996
134997
134998
134999
135000
135001
135002
135003
135004
135005
135006
135007
135008
135009
135011
135012
135013
135014
135015
135016
135017
135018
135019
135020
135022
135023
135024
135025
135026
135027
135028
135029
135030
135031
135032
135033
135034
135035
135036
135037
135038
135039
135043
135046
135047
135049
135050
135051
135052
135053
135054
135055
135056
135057
135058
135059
135060
135061
135062
135063
135064
135065
135066
135067
135068
135069
135071
135072
135074
135075
135076
135077
135078
135079
135080
135081
135082
135083
135084
135085
135086
135087
135088
135091
135092
135094
135095
135096
135097
135098
135099
135100
135101
135102
135104
135105
135106
135108
135109
135110
135111
135113
135114
135115
135117
135118
135119
135120
135121
135122
135124
135125
135127
135128
135129
135130
135131
135132
135133
135134
135136
135137
135138
135139
135140
135141
135142
135143
135144
135145
135146
135147
135148
135149
135150
135151
135153
135154
135155
135156
135157
135158
135159
135160
135163
135164
135166
135167
135168
135170
135171
135172
135173
135174
135176
135177
135178
135183
135184
135185
135189
135191
135192
135193
135194
135195
135196
135197
135198
135199
135200
135202
135203
135204
135206
135207
135208
135209
135210
135211
135212
135214
135215
135216
135218
135219
135221
135222
135224
135225
135229
135232
135233
135234
135235
135236
135237
135238
135239
135240
135241
135242
135244
135245
135246
135247
135248
135249
135250
135251
135252
135253
135255
135256
135257
135258
135259
135261
135264
135265
135267
135268
135269
135270
135271
135272
135273
135274
135276
135277
135278
135279
135280
135281
135282
135283
135284
135285
135286
135287
135288
135290
135292
135293
135294
135295
135297
135298
135300
135301
135302
135303
135304
135305
135308
135309
135310
135312
135313
135315
135316
135319
135320
135321
135322
135323
135324
135325
135326
135328
135330
135331
135332
135333
135336
135337
135338
135339
135340
135341
135343
135344
135346
135347
135348
135349
135350
135351
135352
135353
135354
135355
135356
135357
135359
135360
135361
135362
135363
135364
135365
135366
135368
135369
135370
135371
135372
135373
135374
135375
135377
135378
135379
135380
135381
135382
135383
135384
135385
135386
135387
135388
135389
135390
135391
135392
135394
135395
135396
135397
135398
135399
135400
135401
135402
135403
135404
135405
135409
135410
135411
135412
135414
135415
135418
135419
135420
135422
135423
135424
135425
135426
135427
135428
135429
135430
135431
135432
135434
135435
135436
135437
135438
135439
135441
135442
135443
135444
135445
135446
135448
135449
135450
135451
135453
135454
135456
135457
135458
135459
135461
135462
135463
135464
135466
135467
135468
135469
135470
135471
135472
135473
135474
135475
135476
135477
135478
135479
135480
135481
135482
135485
135486
135487
135488
135489
135490
135491
135492
135493
135494
135496
135497
135498
135499
135501
135502
135503
135504
135505
135506
135507
135508
135509
135510
135513
135514
135515
135516
135517
135518
135519
135520
135522
135523
135525
135526
135527
135528
135529
135530
135531
135532
135533
135535
135536
135537
135538
135539
135541
135542
135543
135546
135548
135549
135550
135551
135552
135553
135554
135555
135556
135557
135559
135560
135562
135563
135567
135568
135569
135570
135571
135572
135573
135574
135575
135576
135579
135580
135581
135582
135583
135584
135585
135586
135588
135590
135592
135593
135594
135595
135596
135597
135598
135599
135600
135601
135602
135603
135604
135605
135606
135607
135608
135610
135612
135614
135617
135620
135621
135622
135623
135624
135625
135626
135627
135628
135629
135631
135632
135633
135634
135635
135636
135638
135639
135640
135641
135642
135643
135644
135645
135646
135647
135648
135650
135651
135653
135654
135655
135656
135658
135659
135660
135661
135662
135663
135665
135666
135667
135668
135669
135670
135672
135673
135674
135675
135676
135677
135679
135680
135682
135683
135684
135685
135687
135688
135690
135692
135693
135695
135696
135697
135698
135699
135700
135701
135702
135703
135704
135705
135706
135707
135708
135709
135710
135711
135712
135713
135714
135715
135716
135717
135718
135719
135721
135722
135723
135724
135725
135726
135727
135728
135729
135730
135731
135732
135734
135735
135736
135737
135738
135739
135740
135741
135742
135743
135744
135745
135746
135747
135748
135750
135751
135752
135753
135754
135755
135756
135759
135760
135761
135762
135765
135766
135767
135770
135771
135772
135774
135775
135776
135777
135779
135780
135781
135782
135784
135785
135786
135787
135788
135789
135790
135791
135793
135794
135795
135796
135797
135798
135799
135802
135803
135804
135805
135807
135808
135809
135811
135812
135813
135814
135815
135816
135817
135818
135819
135820
135821
135822
135823
135824
135826
135827
135828
135829
135830
135831
135832
135833
135834
135835
135837
135838
135839
135840
135841
135842
135843
135844
135845
135847
135848
135850
135851
135853
135854
135855
135857
135858
135859
135860
135861
135862
135863
135864
135865
135867
135868
135869
135870
135871
135872
135873
135875
135876
135877
135878
135879
135880
135881
135882
135883
135884
135885
135886
135887
135888
135889
135890
135892
135893
135894
135895
135896
135898
135899
135900
135902
135904
135905
135906
135908
135909
135911
135912
135913
135915
135916
135917
135918
135920
135921
135922
135924
135925
135926
135927
135928
135929
135930
135932
135933
135934
135936
135937
135939
135940
135941
135942
135943
135944
135945
135946
135947
135948
135949
135950
135951
135952
135953
135954
135955
135956
135957
135958
135959
135960
135961
135962
135964
135965
135966
135968
135969
135970
135972
135973
135974
135975
135976
135977
135978
135979
135980
135981
135982
135983
135984
135985
135986
135988
135989
135990
135992
135994
135995
135996
135997
135998
136000
136001
136002
136003
136004
136005
136006
136007
136008
136009
136010
136011
136012
136013
136015
136017
136019
136021
136022
136024
136025
136026
136027
136028
136029
136030
136031
136032
136033
136034
136035
136036
136037
136038
136039
136040
136041
136042
136043
136044
136045
136047
136048
136049
136050
136051
136052
136053
136054
136055
136056
136057
136058
136059
136060
136062
136063
136064
136065
136067
136068
136072
136073
136074
136075
136076
136077
136078
136079
136080
136081
136082
136084
136085
136086
136087
136088
136090
136091
136092
136093
136095
136096
136099
136100
136101
136102
136103
136104
136105
136106
136107
136109
136110
136111
136112
136114
136115
136116
136117
136118
136119
136120
136121
136122
136123
136124
136125
136127
136128
136129
136130
136131
136132
136133
136136
136137
136138
136139
136140
136141
136142
136143
136144
136145
136146
136147
136148
136149
136150
136152
136153
136154
136155
136157
136158
136159
136161
136162
136163
136164
136165
136166
136172
136173
136174
136175
136177
136178
136179
136181
136184
136185
136186
136188
136189
136190
136192
136194
136196
136197
136198
136199
136200
136201
136202
136203
136204
136205
136206
136207
136208
136209
136211
136213
136214
136215
136216
136218
136219
136220
136221
136222
136225
136226
136227
136228
136229
136230
136235
136236
136237
136238
136240
136241
136242
136243
136245
136246
136247
136248
136249
136250
136251
136252
136253
136254
136255
136256
136257
136259
136260
136261
136262
136263
136265
136266
136268
136269
136270
136271
136272
136273
136274
136275
136276
136277
136278
136280
136282
136283
136284
136286
136287
136288
136291
136292
136293
136294
136295
136297
136298
136301
136302
136303
136304
136305
136306
136307
136308
136309
136310
136311
136312
136313
136314
136315
136317
136318
136319
136321
136322
136324
136325
136326
136327
136328
136329
136331
136332
136333
136335
136336
136337
136339
136340
136341
136342
136343
136344
136345
136346
136347
136348
136349
136350
136351
136353
136354
136355
136357
136360
136361
136362
136363
136364
136365
136366
136367
136368
136369
136370
136372
136373
136375
136376
136377
136378
136379
136381
136383
136384
136385
136386
136387
136388
136389
136390
136391
136392
136393
136394
136395
136398
136399
136400
136403
136404
136405
136406
136407
136408
136409
136410
136411
136412
136415
136416
136417
136418
136419
136420
136421
136422
136423
136424
136425
136426
136428
136429
136430
136431
136432
136433
136434
136436
136437
136439
136440
136441
136442
136443
136444
136445
136447
136448
136449
136451
136452
136453
136454
136455
136456
136457
136458
136459
136460
136461
136462
136463
136464
136465
136466
136467
136468
136469
136470
136471
136472
136473
136474
136475
136477
136478
136480
136481
136482
136483
136484
136485
136486
136487
136489
136490
136491
136492
136493
136494
136495
136497
136498
136499
136500
136501
136502
136503
136504
136505
136506
136507
136508
136509
136510
136511
136512
136513
136515
136516
136517
136518
136519
136520
136521
136522
136524
136525
136527
136528
136529
136530
136531
136532
136533
136535
136536
136537
136538
136539
136540
136541
136542
136543
136544
136545
136546
136548
136549
136551
136552
136553
136554
136555
136556
136557
136558
136559
136560
136561
136562
136563
136564
136566
136567
136568
136570
136571
136572
136573
136574
136575
136576
136577
136578
136579
136580
136581
136583
136584
136586
136587
136588
136589
136590
136591
136592
136594
136595
136596
136598
136599
136600
136601
136602
136603
136604
136605
136606
136607
136609
136611
136612
136614
136616
136617
136618
136620
136621
136622
136624
136625
136626
136627
136628
136629
136630
136632
136635
136636
136637
136638
136639
136640
136641
136642
136643
136645
136646
136647
136648
136649
136650
136651
136652
136653
136654
136655
136656
136657
136658
136659
136660
136661
136662
136666
136667
136668
136669
136670
136671
136672
136673
136674
136675
136676
136677
136679
136680
136681
136682
136683
136684
136685
136686
136687
136688
136690
136691
136692
136693
136697
136698
136700
136701
136703
136704
136705
136706
136707
136708
136709
136710
136711
136712
136713
136714
136715
136716
136718
136721
136722
136723
136724
136725
136726
136727
136728
136729
136730
136731
136732
136733
136734
136736
136738
136739
136740
136742
136743
136745
136746
136747
136748
136749
136750
136751
136752
136753
136754
136756
136759
136760
136762
136763
136764
136765
136766
136767
136768
136771
136772
136773
136774
136775
136780
136782
136783
136784
136785
136786
136788
136789
136790
136791
136792
136793
136794
136795
136796
136797
136798
136799
136800
136801
136802
136803
136804
136805
136806
136807
136808
136809
136810
136811
136813
136814
136815
136816
136817
136818
136819
136820
136821
136822
136823
136824
136825
136826
136827
136828
136829
136832
136834
136835
136836
136837
136838
136839
136840
136841
136842
136843
136844
136845
136846
136847
136848
136849
136850
136851
136852
136854
136855
136856
136857
136858
136859
136860
136861
136862
136863
136864
136865
136867
136868
136869
136870
136871
136872
136873
136875
136876
136877
136878
136879
136880
136881
136882
136883
136884
136885
136886
136888
136889
136890
136891
136892
136894
136895
136896
136897
136898
136899
136900
136901
136902
136903
136904
136905
136906
136907
136908
136909
136910
136911
136912
136914
136916
136917
136918
136919
136920
136921
136922
136923
136924
136926
136927
136928
136929
136930
136931
136932
136933
136935
136936
136937
136938
136939
136940
136941
136943
136945
136947
136948
136949
136950
136951
136952
136953
136954
136955
136956
136957
136958
136959
136960
136961
136962
136963
136964
136966
136967
136968
136969
136970
136971
136972
136973
136974
136976
136977
136978
136979
136980
136981
136982
136983
136984
136985
136986
136987
136988
136989
136990
136991
136992
136993
136994
136995
136996
136998
136999
137000
137001
137002
137003
137004
137006
137007
137008
137009
137010
137011
137013
137014
137015
137016
137017
137018
137019
137020
137021
137022
137023
137024
137025
137026
137027
137028
137029
137030
137031
137032
137033
137034
137035
137036
137037
137038
137039
137040
137042
137043
137044
137046
137047
137048
137050
137051
137055
137056
137058
137059
137060
137062
137063
137064
137065
137066
137067
137068
137069
137070
137073
137074
137075
137076
137077
137079
137081
137082
137083
137084
137085
137086
137087
137088
137089
137090
137091
137092
137094
137095
137096
137097
137098
137099
137101
137102
137103
137104
137105
137107
137108
137109
137110
137111
137112
137113
137114
137115
137116
137117
137118
137120
137122
137124
137125
137126
137127
137128
137129
137130
137131
137132
137133
137134
137135
137136
137137
137139
137140
137141
137142
137144
137145
137148
137150
137151
137152
137153
137154
137155
137156
137158
137159
137161
137162
137163
137164
137167
137168
137169
137170
137171
137172
137174
137175
137176
137177
137178
137179
137181
137182
137183
137185
137186
137187
137189
137190
137191
137192
137193
137194
137195
137196
137197
137198
137199
137200
137203
137204
137207
137208
137210
137212
137213
137214
137215
137216
137217
137218
137219
137220
137222
137223
137224
137225
137226
137227
137228
137229
137230
137231
137232
137233
137234
137235
137236
137237
137238
137239
137240
137242
137243
137244
137245
137246
137247
137249
137250
137251
137252
137253
137254
137255
137256
137257
137259
137260
137261
137262
137264
137267
137268
137269
137270
137272
137273
137274
137275
137276
137277
137278
137279
137280
137282
137283
137284
137286
137287
137289
137290
137291
137293
137294
137295
137296
137298
137299
137301
137302
137303
137304
137305
137306
137307
137308
137309
137310
137311
137313
137314
137315
137316
137317
137318
137319
137320
137322
137324
137325
137327
137328
137330
137332
137333
137334
137336
137337
137338
137339
137341
137343
137344
137345
137346
137347
137348
137349
137350
137351
137355
137356
137357
137358
137359
137361
137362
137363
137364
137366
137367
137368
137369
137371
137372
137373
137374
137375
137381
137382
137383
137384
137385
137386
137387
137388
137390
137392
137393
137395
137396
137397
137398
137399
137400
137401
137402
137404
137405
137406
137408
137411
137412
137413
137414
137415
137416
137417
137418
137420
137421
137422
137423
137424
137425
137426
137427
137428
137429
137430
137432
137434
137435
137436
137437
137438
137439
137442
137443
137444
137445
137446
137447
137448
137449
137450
137451
137452
137453
137454
137455
137456
137458
137460
137461
137462
137465
137466
137467
137468
137469
137471
137472
137473
137474
137475
137476
137477
137480
137481
137482
137483
137484
137485
137487
137488
137489
137490
137491
137492
137493
137494
137496
137497
137498
137500
137501
137502
137503
137504
137505
137507
137508
137509
137510
137511
137512
137513
137514
137515
137516
137517
137518
137519
137520
137521
137522
137523
137524
137525
137526
137527
137528
137529
137530
137531
137532
137533
137534
137535
137536
137537
137538
137539
137540
137541
137543
137544
137545
137546
137548
137549
137550
137551
137552
137553
137554
137555
137556
137557
137559
137562
137563
137564
137566
137567
137568
137570
137571
137572
137573
137574
137575
137576
137577
137579
137580
137581
137583
137584
137585
137586
137587
137588
137589
137590
137591
137592
137594
137595
137596
137598
137599
137600
137601
137602
137603
137604
137605
137606
137607
137608
137610
137611
137612
137613
137614
137617
137618
137619
137620
137622
137623
137625
137626
137627
137629
137630
137631
137633
137634
137635
137636
137637
137638
137639
137640
137641
137642
137643
137644
137646
137647
137648
137649
137650
137651
137652
137653
137654
137655
137656
137657
137658
137659
137660
137661
137662
137664
137665
137666
137667
137669
137673
137674
137675
137676
137677
137678
137679
137680
137682
137683
137684
137685
137686
137688
137689
137690
137691
137692
137693
137694
137695
137696
137697
137699
137700
137701
137702
137703
137704
137705
137706
137707
137708
137709
137710
137711
137712
137713
137715
137716
137719
137720
137722
137723
137724
137725
137726
137727
137729
137730
137732
137734
137735
137736
137737
137738
137739
137740
137741
137742
137744
137745
137746
137748
137749
137750
137751
137752
137753
137754
137755
137757
137758
137759
137761
137762
137764
137765
137766
137767
137768
137769
137770
137771
137772
137773
137774
137775
137776
137777
137779
137780
137782
137783
137784
137785
137786
137788
137789
137790
137791
137792
137795
137797
137798
137799
137800
137801
137802
137803
137804
137805
137806
137807
137808
137810
137812
137813
137814
137816
137817
137819
137820
137821
137822
137823
137824
137825
137826
137827
137828
137829
137830
137831
137833
137835
137836
137837
137838
137840
137841
137842
137843
137844
137845
137846
137847
137848
137849
137850
137851
137852
137853
137854
137856
137857
137858
137859
137860
137862
137863
137864
137865
137866
137867
137868
137870
137871
137872
137873
137874
137875
137876
137877
137878
137879
137881
137882
137883
137884
137885
137886
137887
137888
137889
137890
137892
137893
137894
137895
137896
137897
137898
137899
137900
137901
137902
137903
137905
137907
137908
137909
137910
137911
137912
137913
137914
137915
137916
137917
137918
137919
137920
137921
137922
137923
137925
137926
137928
137929
137930
137931
137932
137933
137934
137935
137936
137937
137938
137940
137941
137946
137947
137948
137950
137951
137952
137953
137954
137955
137956
137957
137958
137959
137960
137961
137962
137963
137964
137965
137966
137967
137968
137969
137970
137972
137973
137974
137975
137976
137978
137979
137980
137981
137982
137983
137986
137988
137989
137990
137992
137993
137994
137995
137996
137997
137998
137999
138000
138001
138002
138003
138004
138005
138006
138007
138009
138010
138011
138012
138014
138015
138016
138017
138019
138020
138022
138023
138024
138025
138026
138027
138028
138029
138031
138033
138034
138035
138036
138037
138038
138039
138040
138041
138042
138043
138044
138045
138046
138047
138048
138049
138051
138052
138054
138055
138056
138058
138059
138060
138061
138062
138064
138067
138068
138069
138070
138071
138072
138073
138074
138075
138076
138077
138078
138079
138080
138082
138083
138084
138085
138086
138089
138093
138096
138097
138099
138100
138101
138102
138103
138104
138105
138106
138107
138108
138109
138110
138111
138113
138114
138115
138116
138117
138118
138120
138121
138122
138123
138124
138125
138126
138127
138128
138129
138130
138131
138133
138134
138135
138136
138137
138138
138139
138140
138141
138142
138143
138144
138145
138146
138147
138148
138150
138151
138152
138153
138154
138155
138157
138158
138159
138160
138161
138162
138163
138164
138165
138167
138168
138169
138170
138172
138175
138176
138178
138179
138180
138181
138183
138184
138185
138186
138187
138188
138189
138190
138191
138194
138195
138196
138197
138198
138202
138203
138204
138205
138206
138207
138208
138209
138210
138212
138213
138214
138215
138216
138217
138219
138221
138222
138223
138224
138226
138227
138228
138229
138231
138232
138233
138234
138235
138236
138237
138238
138239
138241
138243
138245
138247
138249
138251
138252
138253
138254
138255
138256
138257
138258
138259
138261
138263
138264
138265
138266
138268
138269
138270
138271
138272
138274
138275
138276
138277
138279
138280
138281
138282
138284
138286
138287
138288
138290
138291
138292
138293
138294
138295
138296
138298
138299
138300
138301
138302
138303
138305
138306
138307
138308
138309
138310
138312
138313
138314
138315
138316
138318
138320
138321
138322
138323
138324
138325
138328
138329
138331
138333
138334
138335
138336
138338
138339
138340
138341
138342
138343
138345
138346
138347
138348
138349
138350
138351
138352
138353
138354
138355
138356
138357
138358
138359
138360
138361
138362
138363
138364
138365
138366
138368
138369
138371
138372
138373
138374
138375
138376
138377
138379
138380
138381
138382
138383
138384
138385
138386
138388
138389
138390
138391
138392
138394
138395
138396
138397
138398
138401
138402
138403
138405
138406
138408
138409
138410
138412
138413
138414
138417
138418
138419
138420
138421
138422
138424
138425
138426
138427
138428
138429
138430
138431
138432
138433
138435
138437
138438
138439
138440
138441
138442
138443
138444
138445
138446
138447
138448
138450
138451
138452
138454
138455
138456
138457
138458
138460
138461
138462
138463
138464
138465
138466
138467
138469
138470
138471
138472
138473
138474
138475
138476
138477
138478
138479
138480
138481
138482
138484
138485
138486
138487
138488
138489
138490
138491
138493
138494
138495
138496
138497
138498
138499
138500
138501
138502
138503
138504
138505
138506
138507
138508
138509
138512
138513
138514
138515
138516
138517
138518
138522
138523
138524
138525
138526
138527
138528
138529
138531
138532
138534
138535
138538
138541
138542
138543
138544
138545
138546
138547
138548
138549
138552
138555
138556
138557
138558
138559
138560
138561
138562
138563
138564
138565
138568
138569
138570
138571
138572
138573
138575
138576
138577
138578
138579
138580
138581
138582
138583
138584
138585
138586
138587
138588
138590
138592
138593
138594
138595
138597
138599
138600
138601
138602
138603
138604
138606
138607
138608
138609
138610
138611
138612
138613
138614
138615
138616
138618
138619
138620
138621
138622
138623
138624
138625
138627
138628
138630
138631
138632
138633
138634
138635
138636
138637
138638
138639
138640
138641
138642
138643
138644
138645
138646
138647
138648
138649
138650
138651
138652
138653
138654
138655
138656
138658
138659
138660
138661
138662
138663
138664
138665
138666
138667
138668
138669
138670
138671
138674
138675
138676
138677
138678
138679
138680
138681
138682
138684
138685
138686
138687
138688
138689
138690
138691
138692
138693
138695
138696
138697
138698
138699
138700
138701
138702
138703
138704
138705
138706
138707
138708
138709
138710
138711
138712
138713
138714
138715
138716
138717
138718
138720
138721
138722
138724
138725
138726
138728
138729
138731
138732
138733
138734
138735
138736
138737
138738
138740
138742
138743
138744
138745
138746
138747
138748
138749
138750
138751
138752
138753
138754
138755
138756
138757
138761
138762
138763
138764
138766
138768
138769
138770
138772
138773
138775
138776
138777
138778
138779
138780
138781
138782
138783
138785
138786
138787
138788
138789
138791
138793
138794
138795
138796
138797
138799
138800
138801
138802
138803
138804
138805
138806
138808
138809
138810
138811
138813
138814
138815
138816
138817
138818
138820
138821
138822
138823
138824
138825
138827
138828
138831
138832
138834
138837
138838
138839
138840
138841
138842
138843
138845
138846
138847
138848
138849
138850
138851
138852
138853
138854
138856
138857
138859
138860
138861
138862
138864
138865
138866
138867
138868
138870
138871
138872
138873
138874
138875
138876
138878
138879
138880
138881
138882
138884
138885
138886
138887
138888
138889
138890
138891
138892
138894
138896
138898
138899
138902
138904
138906
138907
138909
138910
138911
138912
138913
138914
138916
138917
138918
138919
138922
138923
138924
138925
138926
138927
138928
138929
138930
138931
138932
138933
138935
138936
138937
138938
138940
138941
138942
138943
138944
138946
138947
138949
138950
138951
138952
138953
138954
138955
138959
138960
138961
138962
138963
138965
138966
138968
138969
138970
138971
138973
138974
138975
138976
138977
138978
138979
138981
138982
138984
138985
138986
138987
138988
138989
138990
138991
138992
138993
138994
138995
138996
138997
138998
138999
139000
139003
139004
139005
139006
139008
139009
139010
139011
139012
139013
139014
139015
139016
139018
139019
139020
139021
139022
139023
139025
139026
139028
139030
139031
139034
139035
139037
139039
139040
139042
139043
139044
139045
139047
139048
139049
139050
139051
139052
139053
139054
139056
139057
139059
139060
139061
139062
139063
139064
139065
139066
139067
139068
139070
139073
139074
139075
139076
139077
139078
139079
139081
139082
139084
139085
139087
139089
139090
139091
139092
139093
139094
139095
139096
139097
139098
139099
139100
139101
139102
139103
139104
139105
139106
139107
139108
139109
139110
139111
139113
139114
139115
139118
139119
139120
139121
139122
139123
139124
139125
139126
139127
139128
139129
139130
139132
139133
139134
139135
139136
139137
139139
139140
139141
139142
139143
139144
139145
139146
139147
139148
139149
139150
139151
139152
139153
139154
139155
139156
139157
139158
139159
139160
139161
139162
139163
139164
139166
139167
139168
139169
139170
139171
139172
139173
139174
139175
139176
139177
139178
139179
139181
139182
139184
139185
139186
139187
139189
139191
139192
139193
139194
139195
139197
139198
139199
139201
139202
139205
139206
139207
139208
139209
139210
139211
139212
139213
139214
139216
139217
139218
139219
139220
139221
139224
139225
139227
139229
139230
139231
139233
139234
139235
139236
139237
139238
139239
139240
139241
139242
139245
139246
139247
139248
139249
139250
139251
139252
139256
139258
139261
139262
139263
139264
139265
139266
139267
139268
139269
139270
139271
139272
139274
139275
139276
139279
139280
139283
139284
139285
139286
139287
139288
139289
139290
139291
139293
139294
139295
139296
139297
139298
139299
139301
139302
139303
139304
139305
139307
139308
139309
139310
139311
139313
139314
139315
139316
139317
139318
139319
139320
139321
139322
139323
139325
139326
139327
139328
139329
139331
139332
139334
139335
139337
139339
139340
139341
139342
139343
139344
139345
139346
139347
139348
139349
139350
139351
139352
139354
139355
139356
139357
139358
139359
139360
139363
139364
139365
139366
139367
139368
139369
139370
139371
139372
139373
139374
139375
139376
139377
139378
139380
139381
139382
139384
139385
139386
139387
139388
139389
139390
139391
139392
139393
139394
139395
139396
139397
139399
139400
139401
139402
139404
139406
139408
139409
139410
139412
139413
139414
139415
139416
139417
139418
139419
139421
139422
139423
139424
139426
139427
139428
139429
139430
139431
139432
139433
139434
139435
139436
139437
139438
139439
139441
139442
139443
139444
139445
139446
139447
139448
139449
139450
139451
139452
139453
139454
139455
139456
139457
139458
139459
139460
139461
139462
139463
139464
139465
139466
139467
139468
139469
139470
139471
139473
139474
139475
139476
139477
139478
139480
139481
139482
139484
139485
139486
139487
139488
139489
139490
139491
139492
139493
139494
139496
139499
139500
139501
139502
139503
139505
139506
139507
139508
139509
139510
139511
139512
139513
139514
139515
139516
139517
139518
139519
139520
139521
139522
139524
139526
139527
139529
139530
139531
139532
139533
139534
139535
139536
139537
139538
139539
139540
139541
139542
139543
139545
139546
139547
139548
139549
139550
139551
139552
139553
139554
139555
139556
139557
139558
139559
139560
139561
139562
139563
139564
139565
139567
139568
139570
139571
139573
139574
139575
139576
139577
139578
139579
139580
139581
139583
139584
139585
139586
139587
139588
139589
139590
139591
139594
139595
139596
139597
139598
139599
139600
139602
139603
139604
139605
139606
139607
139608
139609
139610
139612
139615
139616
139618
139619
139620
139621
139623
139624
139626
139627
139628
139630
139632
139633
139635
139636
139637
139638
139639
139640
139641
139642
139643
139644
139645
139646
139647
139648
139649
139651
139653
139654
139656
139657
139658
139660
139661
139662
139663
139664
139665
139666
139667
139668
139670
139671
139672
139673
139674
139675
139677
139679
139681
139682
139683
139684
139686
139687
139688
139689
139690
139692
139693
139694
139695
139696
139697
139699
139700
139701
139704
139705
139706
139707
139708
139709
139710
139711
139712
139713
139714
139715
139716
139717
139718
139720
139721
139722
139724
139725
139726
139727
139728
139729
139730
139732
139733
139735
139738
139739
139740
139741
139742
139743
139745
139746
139747
139748
139749
139750
139751
139752
139753
139755
139756
139757
139758
139759
139760
139761
139762
139763
139764
139765
139766
139767
139768
139769
139770
139771
139772
139774
139775
139776
139777
139778
139779
139780
139782
139784
139785
139786
139787
139788
139789
139790
139791
139792
139793
139794
139796
139798
139801
139803
139804
139805
139806
139807
139808
139809
139811
139812
139813
139814
139815
139816
139817
139818
139820
139821
139822
139824
139825
139826
139828
139830
139832
139833
139834
139835
139837
139838
139840
139841
139842
139843
139844
139845
139846
139848
139849
139850
139852
139853
139854
139856
139857
139858
139859
139860
139861
139862
139863
139864
139866
139867
139868
139869
139870
139871
139872
139873
139874
139875
139876
139877
139879
139880
139881
139882
139883
139884
139885
139886
139887
139888
139890
139891
139892
139893
139894
139896
139898
139899
139900
139901
139902
139903
139904
139905
139906
139907
139909
139910
139911
139912
139913
139914
139915
139917
139918
139919
139920
139921
139922
139923
139924
139925
139926
139927
139929
139930
139931
139932
139933
139934
139935
139936
139937
139938
139939
139941
139942
139943
139944
139945
139948
139949
139950
139951
139952
139953
139954
139955
139956
139957
139958
139959
139960
139961
139963
139964
139965
139966
139967
139968
139970
139971
139972
139973
139974
139975
139976
139977
139978
139979
139981
139982
139983
139984
139985
139986
139987
139988
139989
139991
139992
139993
139994
139995
139996
139997
139998
139999
140001
140002
140003
140005
140007
140009
140010
140011
140012
140013
140015
140016
140017
140019
140020
140021
140022
140023
140025
140026
140027
140028
140030
140031
140032
140033
140034
140035
140036
140038
140039
140040
140041
140043
140044
140045
140046
140047
140050
140051
140052
140053
140054
140056
140057
140059
140060
140061
140062
140064
140065
140066
140067
140068
140069
140070
140071
140072
140073
140074
140075
140076
140077
140078
140079
140080
140081
140083
140084
140086
140087
140089
140090
140091
140092
140093
140094
140095
140096
140098
140099
140100
140101
140103
140104
140106
140108
140109
140110
140111
140112
140113
140114
140115
140116
140117
140118
140119
140120
140122
140123
140124
140127
140128
140129
140130
140131
140133
140135
140137
140138
140139
140140
140141
140142
140144
140146
140148
140149
140150
140151
140152
140153
140154
140156
140157
140158
140160
140161
140162
140163
140164
140165
140166
140168
140169
140170
140171
140172
140173
140175
140176
140177
140178
140179
140180
140181
140182
140183
140184
140185
140187
140188
140191
140192
140193
140194
140195
140196
140199
140200
140201
140202
140204
140206
140207
140208
140209
140212
140213
140215
140216
140217
140221
140223
140224
140225
140226
140227
140228
140229
140230
140231
140232
140234
140235
140236
140237
140238
140239
140240
140241
140242
140243
140244
140245
140246
140247
140248
140250
140253
140254
140255
140256
140259
140260
140261
140262
140264
140265
140267
140268
140270
140271
140272
140273
140274
140275
140276
140277
140278
140279
140280
140281
140282
140283
140284
140285
140286
140287
140288
140289
140290
140291
140293
140294
140296
140297
140298
140299
140300
140301
140302
140303
140304
140305
140306
140307
140308
140309
140310
140311
140312
140313
140314
140315
140320
140321
140322
140323
140324
140325
140326
140327
140329
140330
140332
140333
140334
140335
140336
140338
140339
140340
140341
140342
140343
140344
140345
140347
140348
140350
140351
140352
140353
140354
140355
140356
140357
140358
140359
140360
140361
140362
140364
140365
140367
140370
140371
140373
140381
140393
140406
140412
140417
140419
140420
140427
140501
140566
140623
140900
140987
141031
141038
141058
141154
141187
141356
141404
141461
141645
141735
142007
143237
143746
144193
145349
145363
145371
145377
145378
145391
145427
145432
145544
145710
145773
146017
146040
146079
146090
146143
146156
146157
146210
146221
146625
146656
146664
146673
146674
146675
146677
146678
146679
146682
146683
146684
146685
146686
146688
146689
146690
146691
146692
146693
146694
146697
146701
146890
146891
146893
146894
146895
147000
147050
147140
147141
147181
147182
147220
147221
147302
147303
147339
147340
147373
147374
147375
147378
147400
147526
147528
147530
147534
147539
147589
147590
147591
147593
147664
147665
147696
147755
147756
147888
147902
147905
147917
147931
147935
147951
147956
147975
147991
148008
148028
148040
148043
148046
148050
148052
148056
148057
148062
148064
148076
148084
148086
148087
148093
148104
148124
148130
148151
148160
148179
148180
148184
148185
148192
148193
148222
148227
148233
148234
148236
148244
148261
148265
148277
148301
148304
148305
148317
148342
148355
148357
148359
148361
148365
148370
148375
148383
148391
148398
148409
148427
148451
148452
148463
148489
148494
148508
148572
148578
148580
148583
148607
148608
148638
148646
148649
148662
148699
148709
148711
148722
148742
148753
148756
148759
148784
148789
148795
148798
148800
148823
148831
148844
148846
148850
148863
148864
148866
148877
148879
148895
148903
148907
148913
148918
148926
148941
148945
148953
148959
148971
148998
149003
149004
149005
149010
149061
149070
149077
149096
149098
149111
149122
149140
149148
149151
149155
149164
149166
149174
149177
149195
149199
149208
149209
149224
149229
149241
149243
149247
149252
149257
149280
149285
149294
149300
149305
149315
149323
149336
149339
149343
149345
149349
149352
149355
149359
149360
149379
149381
149388
149392
149399
149418
149423
149432
149448
149449
149452
149454
149475
149484
149495
149511
149512
149517
149520
149526
149527
149534
149546
149547
149568
149575
149582
149584
149606
149608
149618
149628
149629
149632
149633
149643
149687
149690
149704
149709
149713
149716
149717
149721
149722
149744
149750
149757
149763
149773
149776
149779
149782
149786
149792
149801
149810
149814
149816
149818
149819
149844
149845
149857
149859
149873
149882
149895
149899
149911
149912
149935
149943
149948
149952
149960
149964
149977
149978
149981
149983
150006
150020
150021
150022
150024
150027
150049
150059
150070
150075
150077
150090
150100
150109
150122
150124
150129
150143
150149
150158
150159
150164
150191
150199
150204
150213
150215
150224
150230
150247
150249
150250
150268
150269
150282
150289
150291
150304
150315
150328
150335
150359
150371
150376
150377
150378
150381
150385
150401
150410
150429
150431
150447
150455
150458
150463
150475
150480
150488
150499
150505
150518
150522
150527
150546
150562
150565
150575
150596
150604
150605
150615
150645
150646
150647
150680
150685
150694
150696
150697
150714
150721
150730
150734
150740
150745
150754
150760
150762
150796
150804
150813
150820
150821
150824
150829
150836
150843
150849
150862
150874
150878
150892
150895
150911
150928
150933
150934
150935
150958
150973
150976
150978
150979
150989
151003
151010
151026
151034
151035
151045
151054
151063
151065
151072
151075
151083
151084
151087
151092
151095
151107
151117
151123
151127
151128
151134
151135
151142
151152
151156
151157
151167
151168
151172
151173
151188
151206
151209
151213
151221
151226
151240
151250
151277
151302
151312
151318
151322
151329
151342
151356
151358
151362
151363
151370
151381
151386
151390
151393
151397
151415
151421
151422
151424
151438
151442
151444
151454
151457
151504
151513
151518
151520
151527
151561
151569
151570
151574
151575
151577
151584
151597
151599
151610
151622
151624
151631
151651
151655
151662
151664
151675
151677
151684
151685
151686
151708
151732
151736
151740
151747
151748
151749
151761
151788
151791
151807
151812
151825
151826
151836
151846
151854
151856
151866
151880
151884
151892
151926
151947
151949
151965
151969
151974
151975
151996
152023
152032
152039
152040
152041
152044
152056
152064
152068
152069
152076
152099
152108
152132
152137
152143
152148
152157
152162
152201
152206
152208
152209
152213
152221
152225
152238
152248
152255
152257
152263
152264
152268
152272
152274
152279
152281
152282
152283
152291
152300
152301
152305
152314
152316
152320
152328
152346
152348
152359
152364
152366
152369
152380
152381
152390
152391
152398
152401
152402
152406
152407
152408
152430
152432
152461
152465
152479
152481
152483
152485
152513
152520
152523
152537
152549
152556
152557
152566
152569
152570
152574
152587
152591
152602
152628
152637
152640
152652
152660
152662
152665
152669
152673
152679
152691
152697
152698
152699
152702
152712
152720
152723
152727
152734
152745
152747
152761
152762
152764
152766
152774
152785
152790
152792
152806
152821
152829
152836
152871
152872
152929
152937
152943
152944
152945
152946
152963
152982
152983
152987
152993
153011
153012
153013
153028
153029
153033
153040
153055
153063
153067
153069
153073
153090
153104
153116
153123
153124
153126
153128
153133
153137
153138
153149
153159
153162
153164
153173
153176
153205
153209
153212
153223
153229
153237
153241
153244
153259
153261
153263
153269
153272
153278
153297
153308
153313
153327
153330
153339
153345
153346
153365
153366
153367
153382
153411
153414
153417
153429
153465
153467
153499
153506
153508
153517
153528
153533
153546
153548
153559
153563
153566
153570
153587
153591
153599
