0
1
2
3
4
5
6
7
8
9
10
11
12
13
14
15
16
17
18
19
20
21
22
23
24
25
26
27
28
29
30
31
32
33
34
35
36
37
38
39
40
41
42
43
44
45
46
47
48
49
50
51
52
53
54
55
56
57
58
59
60
61
62
63
64
65
66
67
68
69
70
71
72
73
74
75
76
77
78
79
80
81
82
83
84
85
86
87
88
89
90
91
92
93
94
95
96
97
98
99
100
101
102
103
104
105
106
107
108
109
110
111
112
113
114
115
116
117
118
119
120
121
122
123
124
125
126
127
128
129
130
131
132
133
134
135
136
137
138
139
140
141
142
143
144
145
146
147
148
149
150
151
152
153
154
155
156
157
158
159
160
161
162
163
164
165
166
167
168
169
170
171
172
173
174
175
176
177
178
179
180
181
182
183
184
185
186
187
188
189
190
191
192
193
194
195
196
197
198
199
200
201
202
203
204
205
206
207
208
209
210
211
212
213
214
215
216
217
218
219
220
221
222
223
224
225
226
227
228
229
230
231
232
233
234
235
236
237
238
239
240
241
242
243
244
245
246
247
248
249
250
251
252
253
254
255
256
257
258
259
260
261
262
263
264
265
266
267
268
269
270
271
272
273
274
275
276
277
278
279
280
281
282
283
284
285
286
287
288
289
290
291
292
293
294
295
296
297
298
299
300
301
302
303
304
305
306
307
308
309
310
311
312
313
314
315
316
317
318
319
320
321
322
323
324
325
326
327
328
329
330
331
332
333
334
335
336
337
338
339
340
341
342
343
344
345
346
347
348
349
350
351
352
353
354
355
356
357
358
359
360
361
362
363
364
365
366
367
368
369
370
371
372
373
374
375
376
377
378
379
380
381
382
383
384
385
386
387
388
389
390
391
392
393
394
395
396
397
398
399
400
401
402
403
404
405
406
407
408
409
410
411
412
413
414
415
416
417
418
419
420
421
422
423
424
425
426
427
428
429
430
431
432
433
434
435
436
437
438
439
440
441
442
443
444
445
446
447
448
449
450
451
452
453
454
455
456
457
458
459
460
461
462
463
464
465
466
467
468
469
470
471
472
473
474
475
476
477
478
479
480
481
482
483
484
485
486
487
488
489
490
491
492
493
494
495
496
497
498
499
500
501
502
503
504
505
506
507
508
509
510
511
512
513
514
515
516
517
518
519
520
521
522
523
524
525
526
527
528
529
530
531
532
533
534
535
536
537
538
539
540
541
542
543
544
545
546
547
548
549
550
551
552
553
554
555
556
557
558
559
560
561
562
563
564
565
566
567
568
569
570
571
572
573
574
575
576
577
578
579
580
581
582
583
584
585
586
587
588
589
590
591
592
593
594
595
596
597
598
599
600
601
602
603
604
605
606
607
608
609
610
611
612
613
614
615
616
617
618
619
620
621
622
623
624
625
626
627
628
629
630
631
632
633
634
635
636
637
638
639
640
641
642
643
644
645
646
647
648
649
650
651
652
653
654
655
656
657
658
659
660
661
662
663
664
665
666
667
668
669
670
671
672
673
674
675
676
677
678
679
680
681
682
683
684
685
686
687
688
689
690
691
692
693
694
695
696
697
698
699
700
701
702
703
704
705
706
707
708
709
710
711
712
713
714
715
716
717
718
719
720
721
722
723
724
725
726
727
728
729
730
731
732
733
734
735
736
737
738
739
740
741
742
743
744
745
746
747
748
749
750
751
752
753
754
755
756
757
758
759
760
761
762
763
764
765
766
767
768
769
770
771
772
773
774
775
776
777
778
779
780
781
782
783
784
785
786
787
788
789
790
791
792
793
794
795
796
797
798
799
800
801
802
803
804
805
806
807
808
809
810
811
812
813
814
815
816
817
818
819
820
821
822
823
824
825
826
827
828
829
830
831
832
833
834
835
836
837
838
839
840
841
842
843
844
845
846
847
848
849
850
851
852
853
854
855
856
857
858
859
860
861
862
863
864
865
866
867
868
869
870
871
872
873
874
875
876
877
878
879
880
881
882
883
884
885
886
887
888
889
890
891
892
893
894
895
896
897
898
899
900
901
902
903
904
905
906
907
908
909
910
911
912
913
914
915
916
917
918
919
920
921
922
923
924
925
926
927
928
929
930
931
932
933
934
935
936
937
938
939
940
941
942
943
944
945
946
947
948
949
950
951
952
953
954
955
956
957
958
959
960
961
962
963
964
965
966
967
968
969
970
971
972
973
974
975
976
977
978
979
980
981
982
983
984
985
986
987
988
989
990
991
992
993
994
995
996
997
998
999
1000
1001
1002
1003
1004
1005
1006
1007
1008
1009
1010
1011
1012
1013
1014
1015
1016
1017
1018
1019
1020
1021
1022
1023
1024
1025
1026
1027
1028
1029
1030
1031
1032
1033
1034
1035
1036
1037
1038
1039
1040
1041
1042
1043
1044
1045
1046
1047
1048
1049
1050
1051
1052
1053
1054
1055
1056
1057
1058
1059
1060
1061
1062
1063
1064
1065
1066
1067
1068
1069
1070
1071
1072
1073
1074
1075
1076
1077
1078
1079
1080
1081
1082
1083
1084
1085
1086
1087
1088
1089
1090
1091
1092
1093
1094
1095
1096
1097
1098
1099
1100
1101
1102
1103
1104
1105
1106
1107
1108
1109
1110
1111
1112
1113
1114
1115
1116
1117
1118
1119
1120
1121
1122
1123
1124
1125
1126
1127
1128
1129
1130
1131
1132
1133
1134
1135
1136
1137
1138
1139
1140
1141
1142
1143
1144
1145
1146
1147
1148
1149
1150
1151
1152
1153
1154
1155
1156
1157
1158
1159
1160
1161
1162
1163
1164
1165
1166
1167
1168
1169
1170
1171
1172
1173
1174
1175
1176
1177
1178
1179
1180
1181
1182
1183
1184
1185
1186
1187
1188
1189
1190
1191
1192
1193
1194
1195
1196
1197
1198
1199
1200
1201
1202
1203
1204
1205
1206
1207
1208
1209
1210
1211
1212
1213
1214
1215
1216
1217
1218
1219
1220
1221
1222
1223
1224
1225
1226
1227
1228
1229
1230
1231
1232
1233
1234
1235
1236
1237
1238
1239
1240
1241
1242
1243
1244
1245
1246
1247
1248
1249
1250
1251
1252
1253
1254
1255
1256
1257
1258
1259
1260
1261
1262
1263
1264
1265
1266
1267
1268
1269
1270
1271
1272
1273
1274
1275
1276
1277
1278
1279
1280
1281
1282
1283
1284
1285
1286
1287
1288
1289
1290
1291
1292
1293
1294
1295
1296
1297
1298
1299
1300
1301
1302
1303
1304
1305
1306
1307
1308
1309
1310
1311
1312
1313
1314
1315
1316
1317
1318
1319
1320
1321
1322
1323
1324
1325
1326
1327
1328
1329
1330
1331
1332
1333
1334
1335
1336
1337
1338
1339
1340
1341
1342
1343
1344
1345
1346
1347
1348
1349
1350
1351
1352
1353
1354
1355
1356
1357
1358
1359
1360
1361
1362
1363
1364
1365
1366
1367
1368
1369
1370
1371
1372
1373
1374
1375
1376
1377
1378
1379
1380
1381
1382
1383
1384
1385
1386
1387
1388
1389
1390
1391
1392
1393
1394
1395
1396
1397
1398
1399
1400
1401
1402
1403
1404
1405
1406
1407
1408
1409
1410
1411
1412
1413
1414
1415
1416
1417
1418
1419
1420
1421
1422
1423
1424
1425
1426
1427
1428
1429
1430
1431
1432
1433
1434
1435
1436
1437
1438
1439
1440
1441
1442
1443
1444
1445
1446
1447
1448
1449
1450
1451
1452
1453
1454
1455
1456
1457
1458
1459
1460
1461
1462
1463
1464
1465
1466
1467
1468
1469
1470
1471
1472
1473
1474
1475
1476
1477
1478
1479
1480
1481
1482
1483
1484
1485
1486
1487
1488
1489
1490
1491
1492
1493
1494
1495
1496
1497
1498
1499
1500
1501
1502
1503
1504
1505
1506
1507
1508
1509
1510
1511
1512
1513
1514
1515
1516
1517
1518
1519
1520
1521
1522
1523
1524
1525
1526
1527
1528
1529
1530
1531
1532
1533
1534
1535
1536
1537
1538
1539
1540
1541
1542
1543
1544
1545
1546
1547
1548
1549
1550
1551
1552
1553
1554
1555
1556
1557
1558
1559
1560
1561
1562
1563
1564
1565
1566
1567
1568
1569
1570
1571
1572
1573
1574
1575
1576
1577
1578
1579
1580
1581
1582
1583
1584
1585
1586
1587
1588
1589
1590
1591
1592
1593
1594
1595
1596
1597
1598
1599
1600
1601
1602
1603
1604
1605
1606
1607
1608
1609
1610
1611
1612
1613
1614
1615
1616
1617
1618
1619
1620
1621
1622
1623
1624
1625
1626
1627
1628
1629
1630
1631
1632
1633
1634
1635
1636
1637
1638
1639
1640
1641
1642
1643
1644
1645
1646
1647
1648
1649
1650
1651
1652
1653
1654
1655
1656
1657
1658
1659
1660
1661
1662
1663
1664
1665
1666
1667
1668
1669
1670
1671
1672
1673
1674
1675
1676
1677
1678
1679
1680
1681
1682
1683
1684
1685
1686
1687
1688
1689
1690
1691
1692
1693
1694
1695
1696
1697
1698
1699
1700
1701
1702
1703
1704
1705
1706
1707
1708
1709
1710
1711
1712
1713
1714
1715
1716
1717
1718
1719
1720
1721
1722
1723
1724
1725
1726
1727
1728
1729
1730
1731
1732
1733
1734
1735
1736
1737
1738
1739
1740
1741
1742
1743
1744
1745
1746
1747
1748
1749
1750
1751
1752
1753
1754
1755
1756
1757
1758
1759
1760
1761
1762
1763
1764
1765
1766
1767
1768
1769
1770
1771
1772
1773
1774
1775
1776
1777
1778
1779
1780
1781
1782
1783
1784
1785
1786
1787
1788
1789
1790
1791
1792
1793
1794
1795
1796
1797
1798
1799
1800
1801
1802
1803
1804
1805
1806
1807
1808
1809
1810
1811
1812
1813
1814
1815
1816
1817
1818
1819
1820
1821
1822
1823
1824
1825
1826
1827
1828
1829
1830
1831
1832
1833
1834
1835
1836
1837
1838
1839
1840
1841
1842
1843
1844
1845
1846
1847
1848
1849
1850
1851
1852
1853
1854
1855
1856
1857
1858
1859
1860
1861
1862
1863
1864
1865
1866
1867
1868
1869
1870
1871
1872
1873
1874
1875
1876
1877
1878
1879
1880
1881
1882
1883
1884
1885
1886
1887
1888
1889
1890
1891
1892
1893
1894
1895
1896
1897
1898
1899
1900
1901
1902
1903
1904
1905
1906
1907
1908
1909
1910
1911
1912
1913
1914
1915
1916
1917
1918
1919
1920
1921
1922
1923
1924
1925
1926
1927
1928
1929
1930
1931
1932
1933
1934
1935
1936
1937
1938
1939
1940
1941
1942
1943
1944
1945
1946
1947
1948
1949
1950
1951
1952
1953
1954
1955
1956
1957
1958
1959
1960
1961
1962
1963
1964
1965
1966
1967
1968
1969
1970
1971
1972
1973
1974
1975
1976
1977
1978
1979
1980
1981
1982
1983
1984
1985
1986
1987
1988
1989
1990
1991
1992
1993
1994
1995
1996
1997
1998
1999
2000
2001
2002
2003
2004
2005
2006
2007
2008
2009
2010
2011
2012
2013
2014
2015
2016
2017
2018
2019
2020
2021
2022
2023
2024
2025
2026
2027
2028
2029
2030
2031
2032
2033
2034
2035
2036
2037
2038
2039
2040
2041
2042
2043
2044
2045
2046
2047
2048
2049
2050
2051
2052
2053
2054
2055
2056
2057
2058
2059
2060
2061
2062
2063
2064
2065
2066
2067
2068
2069
2070
2071
2072
2073
2074
2075
2076
2077
2078
2079
2080
2081
2082
2083
2084
2085
2086
2087
2088
2089
2090
2091
2092
2093
2094
2095
2096
2097
2098
2099
2100
2101
2102
2103
2104
2105
2106
2107
2108
2109
2110
2111
2112
2113
2114
2115
2116
2117
2118
2119
2120
2121
2122
2123
2124
2125
2126
2127
2128
2129
2130
2131
2132
2133
2134
2135
2136
2137
2138
2139
2140
2141
2142
2143
2144
2145
2146
2147
2148
2149
2150
2151
2152
2153
2154
2155
2156
2157
2158
2159
2160
2161
2162
2163
2164
2165
2166
2167
2168
2169
2170
2171
2172
2173
2174
2175
2176
2177
2178
2179
2180
2181
2182
2183
2184
2185
2186
2187
2188
2189
2190
2191
2192
2193
2194
2195
2196
2197
2198
2199
2200
2201
2202
2203
2204
2205
2206
2207
2208
2209
2210
2211
2212
2213
2214
2215
2216
2217
2218
2219
2220
2221
2222
2223
2224
2225
2226
2227
2228
2229
2230
2231
2232
2233
2234
2235
2236
2237
2238
2239
2240
2241
2242
2243
2244
2245
2246
2247
2248
2249
2250
2251
2252
2253
2254
2255
2256
2257
2258
2259
2260
2261
2262
2263
2264
2265
2266
2267
2268
2269
2270
2271
2272
2273
2274
2275
2276
2277
2278
2279
2280
2281
2282
2283
2284
2285
2286
2287
2288
2289
2290
2291
2292
2293
2294
2295
2296
2297
2298
2299
2300
2301
2302
2303
2304
2305
2306
2307
2308
2309
2310
2311
2312
2313
2314
2315
2316
2317
2318
2319
2320
2321
2322
2323
2324
2325
2326
2327
2328
2329
2330
2331
2332
2333
2334
2335
2336
2337
2338
2339
2340
2341
2342
2343
2344
2345
2346
2347
2348
2349
2350
2351
2352
2353
2354
2355
2356
2357
2358
2359
2360
2361
2362
2363
2364
2365
2366
2367
2368
2369
2370
2371
2372
2373
2374
2375
2376
2377
2378
2379
2380
2381
2382
2383
2384
2385
2386
2387
2388
2389
2390
2391
2392
2393
2394
2395
2396
2397
2398
2399
2400
2401
2402
2403
2404
2405
2406
2407
2408
2409
2410
2411
2412
2413
2414
2415
2416
2417
2418
2419
2420
2421
2422
2423
2424
2425
2426
2427
2428
2429
2430
2431
2432
2433
2434
2435
2436
2437
2438
2439
2440
2441
2442
2443
2444
2445
2446
2447
2448
2449
2450
2451
2452
2453
2454
2455
2456
2457
2458
2459
2460
2461
2462
2463
2464
2465
2466
2467
2468
2469
2470
2471
2472
2473
2474
2475
2476
2477
2478
2479
2480
2481
2482
2483
2484
2485
2486
2487
2488
2489
2490
2491
2492
2493
2494
2495
2496
2497
2498
2499
2500
2501
2502
2503
2504
2505
2506
2507
2508
2509
2510
2511
2512
2513
2514
2515
2516
2517
2518
2519
2520
2521
2522
2523
2524
2525
2526
2527
2528
2529
2530
2531
2532
2533
2534
2535
2536
2537
2538
2539
2540
2541
2542
2543
2544
2545
2546
2547
2548
2549
2550
2551
2552
2553
2554
2555
2556
2557
2558
2559
2560
2561
2562
2563
2564
2565
2566
2567
2568
2569
2570
2571
2572
2573
2574
2575
2576
2577
2578
2579
2580
2581
2582
2583
2584
2585
2586
2587
2588
2589
2590
2591
2592
2593
2594
2595
2596
2597
2598
2599
2600
2601
2602
2603
2604
2605
2606
2607
2608
2609
2610
2611
2612
2613
2614
2615
2616
2617
2618
2619
2620
2621
2622
2623
2624
2625
2626
2627
2628
2629
2630
2631
2632
2633
2634
2635
2636
2637
2638
2639
2640
2641
2642
2643
2644
2645
2646
2647
2648
2649
2650
2651
2652
2653
2654
2655
2656
2657
2658
2659
2660
2661
2662
2663
2664
2665
2666
2667
2668
2669
2670
2671
2672
2673
2674
2675
2676
2677
2678
2679
2680
2681
2682
2683
2684
2685
2686
2687
2688
2689
2690
2691
2692
2693
2694
2695
2696
2697
2698
2699
2700
2701
2702
2703
2704
2705
2706
2707
2708
2709
2710
2711
2712
2713
2714
2715
2716
2717
2718
2719
2720
2721
2722
2723
2724
2725
2726
2727
2728
2729
2730
2731
2732
2733
2734
2735
2736
2737
2738
2739
2740
2741
2742
2743
2744
2745
2746
2747
2748
2749
2750
2751
2752
2753
2754
2755
2756
2757
2758
2759
2760
2761
2762
2763
2764
2765
2766
2767
2768
2769
2770
2771
2772
2773
2774
2775
2776
2777
2778
2779
2780
2781
2782
2783
2784
2785
2786
2787
2788
2789
2790
2791
2792
2793
2794
2795
2796
2797
2798
2799
2800
2801
2802
2803
2804
2805
2806
2807
2808
2809
2810
2811
2812
2813
2814
2815
2816
2817
2818
2819
2820
2821
2822
2823
2824
2825
2826
2827
2828
2829
2830
2831
2832
2833
2834
2835
2836
2837
2838
2839
2840
2841
2842
2843
2844
2845
2846
2847
2848
2849
2850
2851
2852
2853
2854
2855
2856
2857
2858
2859
2860
2861
2862
2863
2864
2865
2866
2867
2868
2869
2870
2871
2872
2873
2874
2875
2876
2877
2878
2879
2880
2881
2882
2883
2884
2885
2886
2887
2888
2889
2890
2891
2892
2893
2894
2895
2896
2897
2898
2899
2900
2901
2902
2903
2904
2905
2906
2907
2908
2909
2910
2911
2912
2913
2914
2915
2916
2917
2918
2919
2920
2921
2922
2923
2924
2925
2926
2927
2928
2929
2930
2931
2932
2933
2934
2935
2936
2937
2938
2939
2940
2941
2942
2943
2944
2945
2946
2947
2948
2949
2950
2951
2952
2953
2954
2955
2956
2957
2958
2959
2960
2961
2962
2963
2964
2965
2966
2967
2968
2969
2970
2971
2972
2973
2974
2975
2976
2977
2978
2979
2980
2981
2982
2983
2984
2985
2986
2987
2988
2989
2990
2991
2992
2993
2994
2995
2996
2997
2998
2999
3000
3001
3002
3003
3004
3005
3006
3007
3008
3009
3010
3011
3012
3013
3014
3015
3016
3017
3018
3019
3020
3021
3022
3023
3024
3025
3026
3027
3028
3029
3030
3031
3032
3033
3034
3035
3036
3037
3038
3039
3040
3041
3042
3043
3044
3045
3046
3047
3048
3049
3050
3051
3052
3053
3054
3055
3056
3057
3058
3059
3060
3061
3062
3063
3064
3065
3066
3067
3068
3069
3070
3071
3072
3073
3074
3075
3076
3077
3078
3079
3080
3081
3082
3083
3084
3085
3086
3087
3088
3089
3090
3091
3092
3093
3094
3095
3096
3097
3098
3099
3100
3101
3102
3103
3104
3105
3106
3107
3108
3109
3110
3111
3112
3113
3114
3115
3116
3117
3118
3119
3120
3121
3122
3123
3124
3125
3126
3127
3128
3129
3130
3131
3132
3133
3134
3135
3136
3137
3138
3139
3140
3141
3142
3143
3144
3145
3146
3147
3148
3149
3150
3151
3152
3153
3154
3155
3156
3157
3158
3159
3160
3161
3162
3163
3164
3165
3166
3167
3168
3169
3170
3171
3172
3173
3174
3175
3176
3177
3178
3179
3180
3181
3182
3183
3184
3185
3186
3187
3188
3189
3190
3191
3192
3193
3194
3195
3196
3197
3198
3199
3200
3201
3202
3203
3204
3205
3206
3207
3208
3209
3210
3211
3212
3213
3214
3215
3216
3217
3218
3219
3220
3221
3222
3223
3224
3225
3226
3227
3228
3229
3230
3231
3232
3233
3234
3235
3236
3237
3238
3239
3240
3241
3242
3243
3244
3245
3246
3247
3248
3249
3250
3251
3252
3253
3254
3255
3256
3257
3258
3259
3260
3261
3262
3263
3264
3265
3266
3267
3268
3269
3270
3271
3272
3273
3274
3275
3276
3277
3278
3279
3280
3281
3282
3283
3284
3285
3286
3287
3288
3289
3290
3291
3292
3293
3294
3295
3296
3297
3298
3299
3300
3301
3302
3303
3304
3305
3306
3307
3308
3309
3310
3311
3312
3313
3314
3315
3316
3317
3318
3319
3320
3321
3322
3323
3324
3325
3326
3327
3328
3329
3330
3331
3332
3333
3334
3335
3336
3337
3338
3339
3340
3341
3342
3343
3344
3345
3346
3347
3348
3349
3350
3351
3352
3353
3354
3355
3356
3357
3358
3359
3360
3361
3362
3363
3364
3365
3366
3367
3368
3369
3370
3371
3372
3373
3374
3375
3376
3377
3378
3379
3380
3381
3382
3383
3384
3385
3386
3387
3388
3389
3390
3391
3392
3393
3394
3395
3396
3397
3398
3399
3400
3401
3402
3403
3404
3405
3406
3407
3408
3409
3410
3411
3412
3413
3414
3415
3416
3417
3418
3419
3420
3421
3422
3423
3424
3425
3426
3427
3428
3429
3430
3431
3432
3433
3434
3435
3436
3437
3438
3439
3440
3441
3442
3443
3444
3445
3446
3447
3448
3449
3450
3451
3452
3453
3454
3455
3456
3457
3458
3459
3460
3461
3462
3463
3464
3465
3466
3467
3468
3469
3470
3471
3472
3473
3474
3475
3476
3477
3478
3479
3480
3481
3482
3483
3484
3485
3486
3487
3488
3489
3490
3491
3492
3493
3494
3495
3496
3497
3498
3499
3500
3501
3502
3503
3504
3505
3506
3507
3508
3509
3510
3511
3512
3513
3514
3515
3516
3517
3518
3519
3520
3521
3522
3523
3524
3525
3526
3527
3528
3529
3530
3531
3532
3533
3534
3535
3536
3537
3538
3539
3540
3541
3542
3543
3544
3545
3546
3547
3548
3549
3550
3551
3552
3553
3554
3555
3556
3557
3558
3559
3560
3561
3562
3563
3564
3565
3566
3567
3568
3569
3570
3571
3572
3573
3574
3575
3576
3577
3578
3579
3580
3581
3582
3583
3584
3585
3586
3587
3588
3589
3590
3591
3592
3593
3594
3595
3596
3597
3598
3599
3600
3601
3602
3603
3604
3605
3606
3607
3608
3609
3610
3611
3612
3613
3614
3615
3616
3617
3618
3619
3620
3621
3622
3623
3624
3625
3626
3627
3628
3629
3630
3631
3632
3633
3634
3635
3636
3637
3638
3639
3640
3641
3642
3643
3644
3645
3646
3647
3648
3649
3650
3651
3652
3653
3654
3655
3656
3657
3658
3659
3660
3661
3662
3663
3664
3665
3666
3667
3668
3669
3670
3671
3672
3673
3674
3675
3676
3677
3678
3679
3680
3681
3682
3683
3684
3685
3686
3687
3688
3689
3690
3691
3692
3693
3694
3695
3696
3697
3698
3699
3700
3701
3702
3703
3704
3705
3706
3707
3708
3709
3710
3711
3712
3713
3714
3715
3716
3717
3718
3719
3720
3721
3722
3723
3724
3725
3726
3727
3728
3729
3730
3731
3732
3733
3734
3735
3736
3737
3738
3739
3740
3741
3742
3743
3744
3745
3746
3747
3748
3749
3750
3751
3752
3753
3754
3755
3756
3757
3758
3759
3760
3761
3762
3763
3764
3765
3766
3767
3768
3769
3770
3771
3772
3773
3774
3775
3776
3777
3778
3779
3780
3781
3782
3783
3784
3785
3786
3787
3788
3789
3790
3791
3792
3793
3794
3795
3796
3797
3798
3799
3800
3801
3802
3803
3804
3805
3806
3807
3808
3809
3810
3811
3812
3813
3814
3815
3816
3817
3818
3819
3820
3821
3822
3823
3824
3825
3826
3827
3828
3829
3830
3831
3832
3833
3834
3835
3836
3837
3838
3839
3840
3841
3842
3843
3844
3845
3846
3847
3848
3849
3850
3851
3852
3853
3854
3855
3856
3857
3858
3859
3860
3861
3862
3863
3864
3865
3866
3867
3868
3869
3870
3871
3872
3873
3874
3875
3876
3877
3878
3879
3880
3881
3882
3883
3884
3885
3886
3887
3888
3889
3890
3891
3892
3893
3894
3895
3896
3897
3898
3899
3900
3901
3902
3903
3904
3905
3906
3907
3908
3909
3910
3911
3912
3913
3914
3915
3916
3917
3918
3919
3920
3921
3922
3923
3924
3925
3926
3927
3928
3929
3930
3931
3932
3933
3934
3935
3936
3937
3938
3939
3940
3941
3942
3943
3944
3945
3946
3947
3948
3949
3950
3951
3952
3953
3954
3955
3956
3957
3958
3959
3960
3961
3962
3963
3964
3965
3966
3967
3968
3969
3970
3971
3972
3973
3974
3975
3976
3977
3978
3979
3980
3981
3982
3983
3984
3985
3986
3987
3988
3989
3990
3991
3992
3993
3994
3995
3996
3997
3998
3999
4000
4001
4002
4003
4004
4005
4006
4007
4008
4009
4010
4011
4012
4013
4014
4015
4016
4017
4018
4019
4020
4021
4022
4023
4024
4025
4026
4027
4028
4029
4030
4031
4032
4033
4034
4035
4036
4037
4038
4039
4040
4041
4042
4043
4044
4045
4046
4047
4048
4049
4050
4051
4052
4053
4054
4055
4056
4057
4058
4059
4060
4061
4062
4063
4064
4065
4066
4067
4068
4069
4070
4071
4072
4073
4074
4075
4076
4077
4078
4079
4080
4081
4082
4083
4084
4085
4086
4087
4088
4089
4090
4091
4092
4093
4094
4095
4096
4097
4098
4099
4100
4101
4102
4103
4104
4105
4106
4107
4108
4109
4110
4111
4112
4113
4114
4115
4116
4117
4118
4119
4120
4121
4122
4123
4124
4125
4126
4127
4128
4129
4130
4131
4132
4133
4134
4135
4136
4137
4138
4139
4140
4141
4142
4143
4144
4145
4146
4147
4148
4149
4150
4151
4152
4153
4154
4155
4156
4157
4158
4159
4160
4161
4162
4163
4164
4165
4166
4167
4168
4169
4170
4171
4172
4173
4174
4175
4176
4177
4178
4179
4180
4181
4182
4183
4184
4185
4186
4187
4188
4189
4190
4191
4192
4193
4194
4195
4196
4197
4198
4199
4200
4201
4202
4203
4204
4205
4206
4207
4208
4209
4210
4211
4212
4213
4214
4215
4216
4217
4218
4219
4220
4221
4222
4223
4224
4225
4226
4227
4228
4229
4230
4231
4232
4233
4234
4235
4236
4237
4238
4239
4240
4241
4242
4243
4244
4245
4246
4247
4248
4249
4250
4251
4252
4253
4254
4255
4256
4257
4258
4259
4260
4261
4262
4263
4264
4265
4266
4267
4268
4269
4270
4271
4272
4273
4274
4275
4276
4277
4278
4279
4280
4281
4282
4283
4284
4285
4286
4287
4288
4289
4290
4291
4292
4293
4294
4295
4296
4297
4298
4299
4300
4301
4302
4303
4304
4305
4306
4307
4308
4309
4310
4311
4312
4313
4314
4315
4316
4317
4318
4319
4320
4321
4322
4323
4324
4325
4326
4327
4328
4329
4330
4331
4332
4333
4334
4335
4336
4337
4338
4339
4340
4341
4342
4343
4344
4345
4346
4347
4348
4349
4350
4351
4352
4353
4354
4355
4356
4357
4358
4359
4360
4361
4362
4363
4364
4365
4366
4367
4368
4369
4370
4371
4372
4373
4374
4375
4376
4377
4378
4379
4380
4381
4382
4383
4384
4385
4386
4387
4388
4389
4390
4391
4392
4393
4394
4395
4396
4397
4398
4399
4400
4401
4402
4403
4404
4405
4406
4407
4408
4409
4410
4411
4412
4413
4414
4415
4416
4417
4418
4419
4420
4421
4422
4423
4424
4425
4426
4427
4428
4429
4430
4431
4432
4433
4434
4435
4436
4437
4438
4439
4440
4441
4442
4443
4444
4445
4446
4447
4448
4449
4450
4451
4452
4453
4454
4455
4456
4457
4458
4459
4460
4461
4462
4463
4464
4465
4466
4467
4468
4469
4470
4471
4472
4473
4474
4475
4476
4477
4478
4479
4480
4481
4482
4483
4484
4485
4486
4487
4488
4489
4490
4491
4492
4493
4494
4495
4496
4497
4498
4499
4500
4501
4502
4503
4504
4505
4506
4507
4508
4509
4510
4511
4512
4513
4514
4515
4516
4517
4518
4519
4520
4521
4522
4523
4524
4525
4526
4527
4528
4529
4530
4531
4532
4533
4534
4535
4536
4537
4538
4539
4540
4541
4542
4543
4544
4545
4546
4547
4548
4549
4550
4551
4552
4553
4554
4555
4556
4557
4558
4559
4560
4561
4562
4563
4564
4565
4566
4567
4568
4569
4570
4571
4572
4573
4574
4575
4576
4577
4578
4579
4580
4581
4582
4583
4584
4585
4586
4587
4588
4589
4590
4591
4592
4593
4594
4595
4596
4597
4598
4599
4600
4601
4602
4603
4604
4605
4606
4607
4608
4609
4610
4611
4612
4613
4614
4615
4616
4617
4618
4619
4620
4621
4622
4623
4624
4625
4626
4627
4628
4629
4630
4631
4632
4633
4634
4635
4636
4637
4638
4639
4640
4641
4642
4643
4644
4645
4646
4647
4648
4649
4650
4651
4652
4653
4654
4655
4656
4657
4658
4659
4660
4661
4662
4663
4664
4665
4666
4667
4668
4669
4670
4671
4672
4673
4674
4675
4676
4677
4678
4679
4680
4681
4682
4683
4684
4685
4686
4687
4688
4689
4690
4691
4692
4693
4694
4695
4696
4697
4698
4699
4700
4701
4702
4703
4704
4705
4706
4707
4708
4709
4710
4711
4712
4713
4714
4715
4716
4717
4718
4719
4720
4721
4722
4723
4724
4725
4726
4727
4728
4729
4730
4731
4732
4733
4734
4735
4736
4737
4738
4739
4740
4741
4742
4743
4744
4745
4746
4747
4748
4749
4750
4751
4752
4753
4754
4755
4756
4757
4758
4759
4760
4761
4762
4763
4764
4765
4766
4767
4768
4769
4770
4771
4772
4773
4774
4775
4776
4777
4778
4779
4780
4781
4782
4783
4784
4785
4786
4787
4788
4789
4790
4791
4792
4793
4794
4795
4796
4797
4798
4799
4800
4801
4802
4803
4804
4805
4806
4807
4808
4809
4810
4811
4812
4813
4814
4815
4816
4817
4818
4819
4820
4821
4822
4823
4824
4825
4826
4827
4828
4829
4830
4831
4832
4833
4834
4835
4836
4837
4838
4839
4840
4841
4842
4843
4844
4845
4846
4847
4848
4849
4850
4851
4852
4853
4854
4855
4856
4857
4858
4859
4860
4861
4862
4863
4864
4865
4866
4867
4868
4869
4870
4871
4872
4873
4874
4875
4876
4877
4878
4879
4880
4881
4882
4883
4884
4885
4886
4887
4888
4889
4890
4891
4892
4893
4894
4895
4896
4897
4898
4899
4900
4901
4902
4903
4904
4905
4906
4907
4908
4909
4910
4911
4912
4913
4914
4915
4916
4917
4918
4919
4920
4921
4922
4923
4924
4925
4926
4927
4928
4929
4930
4931
4932
4933
4934
4935
4936
4937
4938
4939
4940
4941
4942
4943
4944
4945
4946
4947
4948
4949
4950
4951
4952
4953
4954
4955
4956
4957
4958
4959
4960
4961
4962
4963
4964
4965
4966
4967
4968
4969
4970
4971
4972
4973
4974
4975
4976
4977
4978
4979
4980
4981
4982
4983
4984
4985
4986
4987
4988
4989
4990
4991
4992
4993
4994
4995
4996
4997
4998
4999
5000
5001
5002
5003
5004
5005
5006
5007
5008
5009
5010
5011
5012
5013
5014
5015
5016
5017
5018
5019
5020
5021
5022
5023
5024
5025
5026
5027
5028
5029
5030
5031
5032
5033
5034
5035
5036
5037
5038
5039
5040
5041
5042
5043
5044
5045
5046
5047
5048
5049
5050
5051
5052
5053
5054
5055
5056
5057
5058
5059
5060
5061
5062
5063
5064
5065
5066
5067
5068
5069
5070
5071
5072
5073
5074
5075
5076
5077
5078
5079
5080
5081
5082
5083
5084
5085
5086
5087
5088
5089
5090
5091
5092
5093
5094
5095
5096
5097
5098
5099
5100
5101
5102
5103
5104
5105
5106
5107
5108
5109
5110
5111
5112
5113
5114
5115
5116
5117
5118
5119
5120
5121
5122
5123
5124
5125
5126
5127
5128
5129
5130
5131
5132
5133
5134
5135
5136
5137
5138
5139
5140
5141
5142
5143
5144
5145
5146
5147
5148
5149
5150
5151
5152
5153
5154
5155
5156
5157
5158
5159
5160
5161
5162
5163
5164
5165
5166
5167
5168
5169
5170
5171
5172
5173
5174
5175
5176
5177
5178
5179
5180
5181
5182
5183
5184
5185
5186
5187
5188
5189
5190
5191
5192
5193
5194
5195
5196
5197
5198
5199
5200
5201
5202
5203
5204
5205
5206
5207
5208
5209
5210
5211
5212
5213
5214
5215
5216
5217
5218
5219
5220
5221
5222
5223
5224
5225
5226
5227
5228
5229
5230
5231
5232
5233
5234
5235
5236
5237
5238
5239
5240
5241
5242
5243
5244
5245
5246
5247
5248
5249
5250
5251
5252
5253
5254
5255
5256
5257
5258
5259
5260
5261
5262
5263
5264
5265
5266
5267
5268
5269
5270
5271
5272
5273
5274
5275
5276
5277
5278
5279
5280
5281
5282
5283
5284
5285
5286
5287
5288
5289
5290
5291
5292
5293
5294
5295
5296
5297
5298
5299
5300
5301
5302
5303
5304
5305
5306
5307
5308
5309
5310
5311
5312
5313
5314
5315
5316
5317
5318
5319
5320
5321
5322
5323
5324
5325
5326
5327
5328
5329
5330
5331
5332
5333
5334
5335
5336
5337
5338
5339
5340
5341
5342
5343
5344
5345
5346
5347
5348
5349
5350
5351
5352
5353
5354
5355
5356
5357
5358
5359
5360
5361
5362
5363
5364
5365
5366
5367
5368
5369
5370
5371
5372
5373
5374
5375
5376
5377
5378
5379
5380
5381
5382
5383
5384
5385
5386
5387
5388
5389
5390
5391
5392
5393
5394
5395
5396
5397
5398
5399
5400
5401
5402
5403
5404
5405
5406
5407
5408
5409
5410
5411
5412
5413
5414
5415
5416
5417
5418
5419
5420
5421
5422
5423
5424
5425
5426
5427
5428
5429
5430
5431
5432
5433
5434
5435
5436
5437
5438
5439
5440
5441
5442
5443
5444
5445
5446
5447
5448
5449
5450
5451
5452
5453
5454
5455
5456
5457
5458
5459
5460
5461
5462
5463
5464
5465
5466
5467
5468
5469
5470
5471
5472
5473
5474
5475
5476
5477
5478
5479
5480
5481
5482
5483
5484
5485
5486
5487
5488
5489
5490
5491
5492
5493
5494
5495
5496
5497
5498
5499
5500
5501
5502
5503
5504
5505
5506
5507
5508
5509
5510
5511
5512
5513
5514
5515
5516
5517
5518
5519
5520
5521
5522
5523
5524
5525
5526
5527
5528
5529
5530
5531
5532
5533
5534
5535
5536
5537
5538
5539
5540
5541
5542
5543
5544
5545
5546
5547
5548
5549
5550
5551
5552
5553
5554
5555
5556
5557
5558
5559
5560
5561
5562
5563
5564
5565
5566
5567
5568
5569
5570
5571
5572
5573
5574
5575
5576
5577
5578
5579
5580
5581
5582
5583
5584
5585
5586
5587
5588
5589
5590
5591
5592
5593
5594
5595
5596
5597
5598
5599
5600
5601
5602
5603
5604
5605
5606
5607
5608
5609
5610
5611
5612
5613
5614
5615
5616
5617
5618
5619
5620
5621
5622
5623
5624
5625
5626
5627
5628
5629
5630
5631
5632
5633
5634
5635
5636
5637
5638
5639
5640
5641
5642
5643
5644
5645
5646
5647
5648
5649
5650
5651
5652
5653
5654
5655
5656
5657
5658
5659
5660
5661
5662
5663
5664
5665
5666
5667
5668
5669
5670
5671
5672
5673
5674
5675
5676
5677
5678
5679
5680
5681
5682
5683
5684
5685
5686
5687
5688
5689
5690
5691
5692
5693
5694
5695
5696
5697
5698
5699
5700
5701
5702
5703
5704
5705
5706
5707
5708
5709
5710
5711
5712
5713
5714
5715
5716
5717
5718
5719
5720
5721
5722
5723
5724
5725
5726
5727
5728
5729
5730
5731
5732
5733
5734
5735
5736
5737
5738
5739
5740
5741
5742
5743
5744
5745
5746
5747
5748
5749
5750
5751
5752
5753
5754
5755
5756
5757
5758
5759
5760
5761
5762
5763
5764
5765
5766
5767
5768
5769
5770
5771
5772
5773
5774
5775
5776
5777
5778
5779
5780
5781
5782
5783
5784
5785
5786
5787
5788
5789
5790
5791
5792
5793
5794
5795
5796
5797
5798
5799
5800
5801
5802
5803
5804
5805
5806
5807
5808
5809
5810
5811
5812
5813
5814
5815
5816
5817
5818
5819
5820
5821
5822
5823
5824
5825
5826
5827
5828
5829
5830
5831
5832
5833
5834
5835
5836
5837
5838
5839
5840
5841
5842
5843
5844
5845
5846
5847
5848
5849
5850
5851
5852
5853
5854
5855
5856
5857
5858
5859
5860
5861
5862
5863
5864
5865
5866
5867
5868
5869
5870
5871
5872
5873
5874
5875
5876
5877
5878
5879
5880
5881
5882
5883
5884
5885
5886
5887
5888
5889
5890
5891
5892
5893
5894
5895
5896
5897
5898
5899
5900
5901
5902
5903
5904
5905
5906
5907
5908
5909
5910
5911
5912
5913
5914
5915
5916
5917
5918
5919
5920
5921
5922
5923
5924
5925
5926
5927
5928
5929
5930
5931
5932
5933
5934
5935
5936
5937
5938
5939
5940
5941
5942
5943
5944
5945
5946
5947
5948
5949
5950
5951
5952
5953
5954
5955
5956
5957
5958
5959
5960
5961
5962
5963
5964
5965
5966
5967
5968
5969
5970
5971
5972
5973
5974
5975
5976
5977
5978
5979
5980
5981
5982
5983
5984
5985
5986
5987
5988
5989
5990
5991
5992
5993
5994
5995
5996
5997
5998
5999
6000
6001
6002
6003
6004
6005
6006
6007
6008
6009
6010
6011
6012
6013
6014
6015
6016
6017
6018
6019
6020
6021
6022
6023
6024
6025
6026
6027
6028
6029
6030
6031
6032
6033
6034
6035
6036
6037
6038
6039
6040
6041
6042
6043
6044
6045
6046
6047
6048
6049
6050
6051
6052
6053
6054
6055
6056
6057
6058
6059
6060
6061
6062
6063
6064
6065
6066
6067
6068
6069
6070
6071
6072
6073
6074
6075
6076
6077
6078
6079
6080
6081
6082
6083
6084
6085
6086
6087
6088
6089
6090
6091
6092
6093
6094
6095
6096
6097
6098
6099
6100
6101
6102
6103
6104
6105
6106
6107
6108
6109
6110
6111
6112
6113
6114
6115
6116
6117
6118
6119
6120
6121
6122
6123
6124
6125
6126
6127
6128
6129
6130
6131
6132
6133
6134
6135
6136
6137
6138
6139
6140
6141
6142
6143
6144
6145
6146
6147
6148
6149
6150
6151
6152
6153
6154
6155
6156
6157
6158
6159
6160
6161
6162
6163
6164
6165
6166
6167
6168
6169
6170
6171
6172
6173
6174
6175
6176
6177
6178
6179
6180
6181
6182
6183
6184
6185
6186
6187
6188
6189
6190
6191
6192
6193
6194
6195
6196
6197
6198
6199
6200
6201
6202
6203
6204
6205
6206
6207
6208
6209
6210
6211
6212
6213
6214
6215
6216
6217
6218
6219
6220
6221
6222
6223
6224
6225
6226
6227
6228
6229
6230
6231
6232
6233
6234
6235
6236
6237
6238
6239
6240
6241
6242
6243
6244
6245
6246
6247
6248
6249
6250
6251
6252
6253
6254
6255
6256
6257
6258
6259
6260
6261
6262
6263
6264
6265
6266
6267
6268
6269
6270
6271
6272
6273
6274
6275
6276
6277
6278
6279
6280
6281
6282
6283
6284
6285
6286
6287
6288
6289
6290
6291
6292
6293
6294
6295
6296
6297
6298
6299
6300
6301
6302
6303
6304
6305
6306
6307
6308
6309
6310
6311
6312
6313
6314
6315
6316
6317
6318
6319
6320
6321
6322
6323
6324
6325
6326
6327
6328
6329
6330
6331
6332
6333
6334
6335
6336
6337
6338
6339
6340
6341
6342
6343
6344
6345
6346
6347
6348
6349
6350
6351
6352
6353
6354
6355
6356
6357
6358
6359
6360
6361
6362
6363
6364
6365
6366
6367
6368
6369
6370
6371
6372
6373
6374
6375
6376
6377
6378
6379
6380
6381
6382
6383
6384
6385
6386
6387
6388
6389
6390
6391
6392
6393
6394
6395
6396
6397
6398
6399
6400
6401
6402
6403
6404
6405
6406
6407
6408
6409
6410
6411
6412
6413
6414
6415
6416
6417
6418
6419
6420
6421
6422
6423
6424
6425
6426
6427
6428
6429
6430
6431
6432
6433
6434
6435
6436
6437
6438
6439
6440
6441
6442
6443
6444
6445
6446
6447
6448
6449
6450
6451
6452
6453
6454
6455
6456
6457
6458
6459
6460
6461
6462
6463
6464
6465
6466
6467
6468
6469
6470
6471
6472
6473
6474
6475
6476
6477
6478
6479
6480
6481
6482
6483
6484
6485
6486
6487
6488
6489
6490
6491
6492
6493
6494
6495
6496
6497
6498
6499
6500
6501
6502
6503
6504
6505
6506
6507
6508
6509
6510
6511
6512
6513
6514
6515
6516
6517
6518
6519
6520
6521
6522
6523
6524
6525
6526
6527
6528
6529
6530
6531
6532
6533
6534
6535
6536
6537
6538
6539
6540
6541
6542
6543
6544
6545
6546
6547
6548
6549
6550
6551
6552
6553
6554
6555
6556
6557
6558
6559
6560
6561
6562
6563
6564
6565
6566
6567
6568
6569
6570
6571
6572
6573
6574
6575
6576
6577
6578
6579
6580
6581
6582
6583
6584
6585
6586
6587
6588
6589
6590
6591
6592
6593
6594
6595
6596
6597
6598
6599
6600
6601
6602
6603
6604
6605
6606
6607
6608
6609
6610
6611
6612
6613
6614
6615
6616
6617
6618
6619
6620
6621
6622
6623
6624
6625
6626
6627
6628
6629
6630
6631
6632
6633
6634
6635
6636
6637
6638
6639
6640
6641
6642
6643
6644
6645
6646
6647
6648
6649
6650
6651
6652
6653
6654
6655
6656
6657
6658
6659
6660
6661
6662
6663
6664
6665
6666
6667
6668
6669
6670
6671
6672
6673
6674
6675
6676
6677
6678
6679
6680
6681
6682
6683
6684
6685
6686
6687
6688
6689
6690
6691
6692
6693
6694
6695
6696
6697
6698
6699
6700
6701
6702
6703
6704
6705
6706
6707
6708
6709
6710
6711
6712
6713
6714
6715
6716
6717
6718
6719
6720
6721
6722
6723
6724
6725
6726
6727
6728
6729
6730
6731
6732
6733
6734
6735
6736
6737
6738
6739
6740
6741
6742
6743
6744
6745
6746
6747
6748
6749
6750
6751
6752
6753
6754
6755
6756
6757
6758
6759
6760
6761
6762
6763
6764
6765
6766
6767
6768
6769
6770
6771
6772
6773
6774
6775
6776
6777
6778
6779
6780
6781
6782
6783
6784
6785
6786
6787
6788
6789
6790
6791
6792
6793
6794
6795
6796
6797
6798
6799
6800
6801
6802
6803
6804
6805
6806
6807
6808
6809
6810
6811
6812
6813
6814
6815
6816
6817
6818
6819
6820
6821
6822
6823
6824
6825
6826
6827
6828
6829
6830
6831
6832
6833
6834
6835
6836
6837
6838
6839
6840
6841
6842
6843
6844
6845
6846
6847
6848
6849
6850
6851
6852
6853
6854
6855
6856
6857
6858
6859
6860
6861
6862
6863
6864
6865
6866
6867
6868
6869
6870
6871
6872
6873
6874
6875
6876
6877
6878
6879
6880
6881
6882
6883
6884
6885
6886
6887
6888
6889
6890
6891
6892
6893
6894
6895
6896
6897
6898
6899
6900
6901
6902
6903
6904
6905
6906
6907
6908
6909
6910
6911
6912
6913
6914
6915
6916
6917
6918
6919
6920
6921
6922
6923
6924
6925
6926
6927
6928
6929
6930
6931
6932
6933
6934
6935
6936
6937
6938
6939
6940
6941
6942
6943
6944
6945
6946
6947
6948
6949
6950
6951
6952
6953
6954
6955
6956
6957
6958
6959
6960
6961
6962
6963
6964
6965
6966
6967
6968
6969
6970
6971
6972
6973
6974
6975
6976
6977
6978
6979
6980
6981
6982
6983
6984
6985
6986
6987
6988
6989
6990
6991
6992
6993
6994
6995
6996
6997
6998
6999
7000
7001
7002
7003
7004
7005
7006
7007
7008
7009
7010
7011
7012
7013
7014
7015
7016
7017
7018
7019
7020
7021
7022
7023
7024
7025
7026
7027
7028
7029
7030
7031
7032
7033
7034
7035
7036
7037
7038
7039
7040
7041
7042
7043
7044
7045
7046
7047
7048
7049
7050
7051
7052
7053
7054
7055
7056
7057
7058
7059
7060
7061
7062
7063
7064
7065
7066
7067
7068
7069
7070
7071
7072
7073
7074
7075
7076
7077
7078
7079
7080
7081
7082
7083
7084
7085
7086
7087
7088
7089
7090
7091
7092
7093
7094
7095
7096
7097
7098
7099
7100
7101
7102
7103
7104
7105
7106
7107
7108
7109
7110
7111
7112
7113
7114
7115
7116
7117
7118
7119
7120
7121
7122
7123
7124
7125
7126
7127
7128
7129
7130
7131
7132
7133
7134
7135
7136
7137
7138
7139
7140
7141
7142
7143
7144
7145
7146
7147
7148
7149
7150
7151
7152
7153
7154
7155
7156
7157
7158
7159
7160
7161
7162
7163
7164
7165
7166
7167
7168
7169
7170
7171
7172
7173
7174
7175
7176
7177
7178
7179
7180
7181
7182
7183
7184
7185
7186
7187
7188
7189
7190
7191
7192
7193
7194
7195
7196
7197
7198
7199
7200
7201
7202
7203
7204
7205
7206
7207
7208
7209
7210
7211
7212
7213
7214
7215
7216
7217
7218
7219
7220
7221
7222
7223
7224
7225
7226
7227
7228
7229
7230
7231
7232
7233
7234
7235
7236
7237
7238
7239
7240
7241
7242
7243
7244
7245
7246
7247
7248
7249
7250
7251
7252
7253
7254
7255
7256
7257
7258
7259
7260
7261
7262
7263
7264
7265
7266
7267
7268
7269
7270
7271
7272
7273
7274
7275
7276
7277
7278
7279
7280
7281
7282
7283
7284
7285
7286
7287
7288
7289
7290
7291
7292
7293
7294
7295
7296
7297
7298
7299
7300
7301
7302
7303
7304
7305
7306
7307
7308
7309
7310
7311
7312
7313
7314
7315
7316
7317
7318
7319
7320
7321
7322
7323
7324
7325
7326
7327
7328
7329
7330
7331
7332
7333
7334
7335
7336
7337
7338
7339
7340
7341
7342
7343
7344
7345
7346
7347
7348
7349
7350
7351
7352
7353
7354
7355
7356
7357
7358
7359
7360
7361
7362
7363
7364
7365
7366
7367
7368
7369
7370
7371
7372
7373
7374
7375
7376
7377
7378
7379
7380
7381
7382
7383
7384
7385
7386
7387
7388
7389
7390
7391
7392
7393
7394
7395
7396
7397
7398
7399
7400
7401
7402
7403
7404
7405
7406
7407
7408
7409
7410
7411
7412
7413
7414
7415
7416
7417
7418
7419
7420
7421
7422
7423
7424
7425
7426
7427
7428
7429
7430
7431
7432
7433
7434
7435
7436
7437
7438
7439
7440
7441
7442
7443
7444
7445
7446
7447
7448
7449
7450
7451
7452
7453
7454
7455
7456
7457
7458
7459
7460
7461
7462
7463
7464
7465
7466
7467
7468
7469
7470
7471
7472
7473
7474
7475
7476
7477
7478
7479
7480
7481
7482
7483
7484
7485
7486
7487
7488
7489
7490
7491
7492
7493
7494
7495
7496
7497
7498
7499
7500
7501
7502
7503
7504
7505
7506
7507
7508
7509
7510
7511
7512
7513
7514
7515
7516
7517
7518
7519
7520
7521
7522
7523
7524
7525
7526
7527
7528
7529
7530
7531
7532
7533
7534
7535
7536
7537
7538
7539
7540
7541
7542
7543
7544
7545
7546
7547
7548
7549
7550
7551
7552
7553
7554
7555
7556
7557
7558
7559
7560
7561
7562
7563
7564
7565
7566
7567
7568
7569
7570
7571
7572
7573
7574
7575
7576
7577
7578
7579
7580
7581
7582
7583
7584
7585
7586
7587
7588
7589
7590
7591
7592
7593
7594
7595
7596
7597
7598
7599
7600
7601
7602
7603
7604
7605
7606
7607
7608
7609
7610
7611
7612
7613
7614
7615
7616
7617
7618
7619
7620
7621
7622
7623
7624
7625
7626
7627
7628
7629
7630
7631
7632
7633
7634
7635
7636
7637
7638
7639
7640
7641
7642
7643
7644
7645
7646
7647
7648
7649
7650
7651
7652
7653
7654
7655
7656
7657
7658
7659
7660
7661
7662
7663
7664
7665
7666
7667
7668
7669
7670
7671
7672
7673
7674
7675
7676
7677
7678
7679
7680
7681
7682
7683
7684
7685
7686
7687
7688
7689
7690
7691
7692
7693
7694
7695
7696
7697
7698
7699
7700
7701
7702
7703
7704
7705
7706
7707
7708
7709
7710
7711
7712
7713
7714
7715
7716
7717
7718
7719
7720
7721
7722
7723
7724
7725
7726
7727
7728
7729
7730
7731
7732
7733
7734
7735
7736
7737
7738
7739
7740
7741
7742
7743
7744
7745
7746
7747
7748
7749
7750
7751
7752
7753
7754
7755
7756
7757
7758
7759
7760
7761
7762
7763
7764
7765
7766
7767
7768
7769
7770
7771
7772
7773
7774
7775
7776
7777
7778
7779
7780
7781
7782
7783
7784
7785
7786
7787
7788
7789
7790
7791
7792
7793
7794
7795
7796
7797
7798
7799
7800
7801
7802
7803
7804
7805
7806
7807
7808
7809
7810
7811
7812
7813
7814
7815
7816
7817
7818
7819
7820
7821
7822
7823
7824
7825
7826
7827
7828
7829
7830
7831
7832
7833
7834
7835
7836
7837
7838
7839
7840
7841
7842
7843
7844
7845
7846
7847
7848
7849
7850
7851
7852
7853
7854
7855
7856
7857
7858
7859
7860
7861
7862
7863
7864
7865
7866
7867
7868
7869
7870
7871
7872
7873
7874
7875
7876
7877
7878
7879
7880
7881
7882
7883
7884
7885
7886
7887
7888
7889
7890
7891
7892
7893
7894
7895
7896
7897
7898
7899
7900
7901
7902
7903
7904
7905
7906
7907
7908
7909
7910
7911
7912
7913
7914
7915
7916
7917
7918
7919
7920
7921
7922
7923
7924
7925
7926
7927
7928
7929
7930
7931
7932
7933
7934
7935
7936
7937
7938
7939
7940
7941
7942
7943
7944
7945
7946
7947
7948
7949
7950
7951
7952
7953
7954
7955
7956
7957
7958
7959
7960
7961
7962
7963
7964
7965
7966
7967
7968
7969
7970
7971
7972
7973
7974
7975
7976
7977
7978
7979
7980
7981
7982
7983
7984
7985
7986
7987
7988
7989
7990
7991
7992
7993
7994
7995
7996
7997
7998
7999
8000
8001
8002
8003
8004
8005
8006
8007
8008
8009
8010
8011
8012
8013
8014
8015
8016
8017
8018
8019
8020
8021
8022
8023
8024
8025
8026
8027
8028
8029
8030
8031
8032
8033
8034
8035
8036
8037
8038
8039
8040
8041
8042
8043
8044
8045
8046
8047
8048
8049
8050
8051
8052
8053
8054
8055
8056
8057
8058
8059
8060
8061
8062
8063
8064
8065
8066
8067
8068
8069
8070
8071
8072
8073
8074
8075
8076
8077
8078
8079
8080
8081
8082
8083
8084
8085
8086
8087
8088
8089
8090
8091
8092
8093
8094
8095
8096
8097
8098
8099
8100
8101
8102
8103
8104
8105
8106
8107
8108
8109
8110
8111
8112
8113
8114
8115
8116
8117
8118
8119
8120
8121
8122
8123
8124
8125
8126
8127
8128
8129
8130
8131
8132
8133
8134
8135
8136
8137
8138
8139
8140
8141
8142
8143
8144
8145
8146
8147
8148
8149
8150
8151
8152
8153
8154
8155
8156
8157
8158
8159
8160
8161
8162
8163
8164
8165
8166
8167
8168
8169
8170
8171
8172
8173
8174
8175
8176
8177
8178
8179
8180
8181
8182
8183
8184
8185
8186
8187
8188
8189
8190
8191
8192
8193
8194
8195
8196
8197
8198
8199
8200
8201
8202
8203
8204
8205
8206
8207
8208
8209
8210
8211
8212
8213
8214
8215
8216
8217
8218
8219
8220
8221
8222
8223
8224
8225
8226
8227
8228
8229
8230
8231
8232
8233
8234
8235
8236
8237
8238
8239
8240
8241
8242
8243
8244
8245
8246
8247
8248
8249
8250
8251
8252
8253
8254
8255
8256
8257
8258
8259
8260
8261
8262
8263
8264
8265
8266
8267
8268
8269
8270
8271
8272
8273
8274
8275
8276
8277
8278
8279
8280
8281
8282
8283
8284
8285
8286
8287
8288
8289
8290
8291
8292
8293
8294
8295
8296
8297
8298
8299
8300
8301
8302
8303
8304
8305
8306
8307
8308
8309
8310
8311
8312
8313
8314
8315
8316
8317
8318
8319
8320
8321
8322
8323
8324
8325
8326
8327
8328
8329
8330
8331
8332
8333
8334
8335
8336
8337
8338
8339
8340
8341
8342
8343
8344
8345
8346
8347
8348
8349
8350
8351
8352
8353
8354
8355
8356
8357
8358
8359
8360
8361
8362
8363
8364
8365
8366
8367
8368
8369
8370
8371
8372
8373
8374
8375
8376
8377
8378
8379
8380
8381
8382
8383
8384
8385
8386
8387
8388
8389
8390
8391
8392
8393
8394
8395
8396
8397
8398
8399
8400
8401
8402
8403
8404
8405
8406
8407
8408
8409
8410
8411
8412
8413
8414
8415
8416
8417
8418
8419
8420
8421
8422
8423
8424
8425
8426
8427
8428
8429
8430
8431
8432
8433
8434
8435
8436
8437
8438
8439
8440
8441
8442
8443
8444
8445
8446
8447
8448
8449
8450
8451
8452
8453
8454
8455
8456
8457
8458
8459
8460
8461
8462
8463
8464
8465
8466
8467
8468
8469
8470
8471
8472
8473
8474
8475
8476
8477
8478
8479
8480
8481
8482
8483
8484
8485
8486
8487
8488
8489
8490
8491
8492
8493
8494
8495
8496
8497
8498
8499
8500
8501
8502
8503
8504
8505
8506
8507
8508
8509
8510
8511
8512
8513
8514
8515
8516
8517
8518
8519
8520
8521
8522
8523
8524
8525
8526
8527
8528
8529
8530
8531
8532
8533
8534
8535
8536
8537
8538
8539
8540
8541
8542
8543
8544
8545
8546
8547
8548
8549
8550
8551
8552
8553
8554
8555
8556
8557
8558
8559
8560
8561
8562
8563
8564
8565
8566
8567
8568
8569
8570
8571
8572
8573
8574
8575
8576
8577
8578
8579
8580
8581
8582
8583
8584
8585
8586
8587
8588
8589
8590
8591
8592
8593
8594
8595
8596
8597
8598
8599
8600
8601
8602
8603
8604
8605
8606
8607
8608
8609
8610
8611
8612
8613
8614
8615
8616
8617
8618
8619
8620
8621
8622
8623
8624
8625
8626
8627
8628
8629
8630
8631
8632
8633
8634
8635
8636
8637
8638
8639
8640
8641
8642
8643
8644
8645
8646
8647
8648
8649
8650
8651
8652
8653
8654
8655
8656
8657
8658
8659
8660
8661
8662
8663
8664
8665
8666
8667
8668
8669
8670
8671
8672
8673
8674
8675
8676
8677
8678
8679
8680
8681
8682
8683
8684
8685
8686
8687
8688
8689
8690
8691
8692
8693
8694
8695
8696
8697
8698
8699
8700
8701
8702
8703
8704
8705
8706
8707
8708
8709
8710
8711
8712
8713
8714
8715
8716
8717
8718
8719
8720
8721
8722
8723
8724
8725
8726
8727
8728
8729
8730
8731
8732
8733
8734
8735
8736
8737
8738
8739
8740
8741
8742
8743
8744
8745
8746
8747
8748
8749
8750
8751
8752
8753
8754
8755
8756
8757
8758
8759
8760
8761
8762
8763
8764
8765
8766
8767
8768
8769
8770
8771
8772
8773
8774
8775
8776
8777
8778
8779
8780
8781
8782
8783
8784
8785
8786
8787
8788
8789
8790
8791
8792
8793
8794
8795
8796
8797
8798
8799
8800
8801
8802
8803
8804
8805
8806
8807
8808
8809
8810
8811
8812
8813
8814
8815
8816
8817
8818
8819
8820
8821
8822
8823
8824
8825
8826
8827
8828
8829
8830
8831
8832
8833
8834
8835
8836
8837
8838
8839
8840
8841
8842
8843
8844
8845
8846
8847
8848
8849
8850
8851
8852
8853
8854
8855
8856
8857
8858
8859
8860
8861
8862
8863
8864
8865
8866
8867
8868
8869
8870
8871
8872
8873
8874
8875
8876
8877
8878
8879
8880
8881
8882
8883
8884
8885
8886
8887
8888
8889
8890
8891
8892
8893
8894
8895
8896
8897
8898
8899
8900
8901
8902
8903
8904
8905
8906
8907
8908
8909
8910
8911
8912
8913
8914
8915
8916
8917
8918
8919
8920
8921
8922
8923
8924
8925
8926
8927
8928
8929
8930
8931
8932
8933
8934
8935
8936
8937
8938
8939
8940
8941
8942
8943
8944
8945
8946
8947
8948
8949
8950
8951
8952
8953
8954
8955
8956
8957
8958
8959
8960
8961
8962
8963
8964
8965
8966
8967
8968
8969
8970
8971
8972
8973
8974
8975
8976
8977
8978
8979
8980
8981
8982
8983
8984
8985
8986
8987
8988
8989
8990
8991
8992
8993
8994
8995
8996
8997
8998
8999
9000
9001
9002
9003
9004
9005
9006
9007
9008
9009
9010
9011
9012
9013
9014
9015
9016
9017
9018
9019
9020
9021
9022
9023
9024
9025
9026
9027
9028
9029
9030
9031
9032
9033
9034
9035
9036
9037
9038
9039
9040
9041
9042
9043
9044
9045
9046
9047
9048
9049
9050
9051
9052
9053
9054
9055
9056
9057
9058
9059
9060
9061
9062
9063
9064
9065
9066
9067
9068
9069
9070
9071
9072
9073
9074
9075
9076
9077
9078
9079
9080
9081
9082
9083
9084
9085
9086
9087
9088
9089
9090
9091
9092
9093
9094
9095
9096
9097
9098
9099
9100
9101
9102
9103
9104
9105
9106
9107
9108
9109
9110
9111
9112
9113
9114
9115
9116
9117
9118
9119
9120
9121
9122
9123
9124
9125
9126
9127
9128
9129
9130
9131
9132
9133
9134
9135
9136
9137
9138
9139
9140
9141
9142
9143
9144
9145
9146
9147
9148
9149
9150
9151
9152
9153
9154
9155
9156
9157
9158
9159
9160
9161
9162
9163
9164
9165
9166
9167
9168
9169
9170
9171
9172
9173
9174
9175
9176
9177
9178
9179
9180
9181
9182
9183
9184
9185
9186
9187
9188
9189
9190
9191
9192
9193
9194
9195
9196
9197
9198
9199
9200
9201
9202
9203
9204
9205
9206
9207
9208
9209
9210
9211
9212
9213
9214
9215
9216
9217
9218
9219
9220
9221
9222
9223
9224
9225
9226
9227
9228
9229
9230
9231
9232
9233
9234
9235
9236
9237
9238
9239
9240
9241
9242
9243
9244
9245
9246
9247
9248
9249
9250
9251
9252
9253
9254
9255
9256
9257
9258
9259
9260
9261
9262
9263
9264
9265
9266
9267
9268
9269
9270
9271
9272
9273
9274
9275
9276
9277
9278
9279
9280
9281
9282
9283
9284
9285
9286
9287
9288
9289
9290
9291
9292
9293
9294
9295
9296
9297
9298
9299
9300
9301
9302
9303
9304
9305
9306
9307
9308
9309
9310
9311
9312
9313
9314
9315
9316
9317
9318
9319
9320
9321
9322
9323
9324
9325
9326
9327
9328
9329
9330
9331
9332
9333
9334
9335
9336
9337
9338
9339
9340
9341
9342
9343
9344
9345
9346
9347
9348
9349
9350
9351
9352
9353
9354
9355
9356
9357
9358
9359
9360
9361
9362
9363
9364
9365
9366
9367
9368
9369
9370
9371
9372
9373
9374
9375
9376
9377
9378
9379
9380
9381
9382
9383
9384
9385
9386
9387
9388
9389
9390
9391
9392
9393
9394
9395
9396
9397
9398
9399
9400
9401
9402
9403
9404
9405
9406
9407
9408
9409
9410
9411
9412
9413
9414
9415
9416
9417
9418
9419
9420
9421
9422
9423
9424
9425
9426
9427
9428
9429
9430
9431
9432
9433
9434
9435
9436
9437
9438
9439
9440
9441
9442
9443
9444
9445
9446
9447
9448
9449
9450
9451
9452
9453
9454
9455
9456
9457
9458
9459
9460
9461
9462
9463
9464
9465
9466
9467
9468
9469
9470
9471
9472
9473
9474
9475
9476
9477
9478
9479
9480
9481
9482
9483
9484
9485
9486
9487
9488
9489
9490
9491
9492
9493
9494
9495
9496
9497
9498
9499
9500
9501
9502
9503
9504
9505
9506
9507
9508
9509
9510
9511
9512
9513
9514
9515
9516
9517
9518
9519
9520
9521
9522
9523
9524
9525
9526
9527
9528
9529
9530
9531
9532
9533
9534
9535
9536
9537
9538
9539
9540
9541
9542
9543
9544
9545
9546
9547
9548
9549
9550
9551
9552
9553
9554
9555
9556
9557
9558
9559
9560
9561
9562
9563
9564
9565
9566
9567
9568
9569
9570
9571
9572
9573
9574
9575
9576
9577
9578
9579
9580
9581
9582
9583
9584
9585
9586
9587
9588
9589
9590
9591
9592
9593
9594
9595
9596
9597
9598
9599
9600
9601
9602
9603
9604
9605
9606
9607
9608
9609
9610
9611
9612
9613
9614
9615
9616
9617
9618
9619
9620
9621
9622
9623
9624
9625
9626
9627
9628
9629
9630
9631
9632
9633
9634
9635
9636
9637
9638
9639
9640
9641
9642
9643
9644
9645
9646
9647
9648
9649
9650
9651
9652
9653
9654
9655
9656
9657
9658
9659
9660
9661
9662
9663
9664
9665
9666
9667
9668
9669
9670
9671
9672
9673
9674
9675
9676
9677
9678
9679
9680
9681
9682
9683
9684
9685
9686
9687
9688
9689
9690
9691
9692
9693
9694
9695
9696
9697
9698
9699
9700
9701
9702
9703
9704
9705
9706
9707
9708
9709
9710
9711
9712
9713
9714
9715
9716
9717
9718
9719
9720
9721
9722
9723
9724
9725
9726
9727
9728
9729
9730
9731
9732
9733
9734
9735
9736
9737
9738
9739
9740
9741
9742
9743
9744
9745
9746
9747
9748
9749
9750
9751
9752
9753
9754
9755
9756
9757
9758
9759
9760
9761
9762
9763
9764
9765
9766
9767
9768
9769
9770
9771
9772
9773
9774
9775
9776
9777
9778
9779
9780
9781
9782
9783
9784
9785
9786
9787
9788
9789
9790
9791
9792
9793
9794
9795
9796
9797
9798
9799
9800
9801
9802
9803
9804
9805
9806
9807
9808
9809
9810
9811
9812
9813
9814
9815
9816
9817
9818
9819
9820
9821
9822
9823
9824
9825
9826
9827
9828
9829
9830
9831
9832
9833
9834
9835
9836
9837
9838
9839
9840
9841
9842
9843
9844
9845
9846
9847
9848
9849
9850
9851
9852
9853
9854
9855
9856
9857
9858
9859
9860
9861
9862
9863
9864
9865
9866
9867
9868
9869
9870
9871
9872
9873
9874
9875
9876
9877
9878
9879
9880
9881
9882
9883
9884
9885
9886
9887
9888
9889
9890
9891
9892
9893
9894
9895
9896
9897
9898
9899
9900
9901
9902
9903
9904
9905
9906
9907
9908
9909
9910
9911
9912
9913
9914
9915
9916
9917
9918
9919
9920
9921
9922
9923
9924
9925
9926
9927
9928
9929
9930
9931
9932
9933
9934
9935
9936
9937
9938
9939
9940
9941
9942
9943
9944
9945
9946
9947
9948
9949
9950
9951
9952
9953
9954
9955
9956
9957
9958
9959
9960
9961
9962
9963
9964
9965
9966
9967
9968
9969
9970
9971
9972
9973
9974
9975
9976
9977
9978
9979
9980
9981
9982
9983
9984
9985
9986
9987
9988
9989
9990
9991
9992
9993
9994
9995
9996
9997
9998
9999
10000
10001
10002
10003
10004
10005
10006
10007
10008
10009
10010
10011
10012
10013
10014
10015
10016
10017
10018
10019
10020
10021
10022
10023
10024
10025
10026
10027
10028
10029
10030
10031
10032
10033
10034
10035
10036
10037
10038
10039
10040
10041
10042
10043
10044
10045
10046
10047
10048
10049
10050
10051
10052
10053
10054
10055
10056
10057
10058
10059
10060
10061
10062
10063
10064
10065
10066
10067
10068
10069
10070
10071
10072
10073
10074
10075
10076
10077
10078
10079
10080
10081
10082
10083
10084
10085
10086
10087
10088
10089
10090
10091
10092
10093
10094
10095
10096
10097
10098
10099
10100
10101
10102
10103
10104
10105
10106
10107
10108
10109
10110
10111
10112
10113
10114
10115
10116
10117
10118
10119
10120
10121
10122
10123
10124
10125
10126
10127
10128
10129
10130
10131
10132
10133
10134
10135
10136
10137
10138
10139
10140
10141
10142
10143
10144
10145
10146
10147
10148
10149
10150
10151
10152
10153
10154
10155
10156
10157
10158
10159
10160
10161
10162
10163
10164
10165
10166
10167
10168
10169
10170
10171
10172
10173
10174
10175
10176
10177
10178
10179
10180
10181
10182
10183
10184
10185
10186
10187
10188
10189
10190
10191
10192
10193
10194
10195
10196
10197
10198
10199
10200
10201
10202
10203
10204
10205
10206
10207
10208
10209
10210
10211
10212
10213
10214
10215
10216
10217
10218
10219
10220
10221
10222
10223
10224
10225
10226
10227
10228
10229
10230
10231
10232
10233
10234
10235
10236
10237
10238
10239
10240
10241
10242
10243
10244
10245
10246
10247
10248
10249
10250
10251
10252
10253
10254
10255
10256
10257
10258
10259
10260
10261
10262
10263
10264
10265
10266
10267
10268
10269
10270
10271
10272
10273
10274
10275
10276
10277
10278
10279
10280
10281
10282
10283
10284
10285
10286
10287
10288
10289
10290
10291
10292
10293
10294
10295
10296
10297
10298
10299
10300
10301
10302
10303
10304
10305
10306
10307
10308
10309
10310
10311
10312
10313
10314
10315
10316
10317
10318
10319
10320
10321
10322
10323
10324
10325
10326
10327
10328
10329
10330
10331
10332
10333
10334
10335
10336
10337
10338
10339
10340
10341
10342
10343
10344
10345
10346
10347
10348
10349
10350
10351
10352
10353
10354
10355
10356
10357
10358
10359
10360
10361
10362
10363
10364
10365
10366
10367
10368
10369
10370
10371
10372
10373
10374
10375
10376
10377
10378
10379
10380
10381
10382
10383
10384
10385
10386
10387
10388
10389
10390
10391
10392
10393
10394
10395
10396
10397
10398
10399
10400
10401
10402
10403
10404
10405
10406
10407
10408
10409
10410
10411
10412
10413
10414
10415
10416
10417
10418
10419
10420
10421
10422
10423
10424
10425
10426
10427
10428
10429
10430
10431
10432
10433
10434
10435
10436
10437
10438
10439
10440
10441
10442
10443
10444
10445
10446
10447
10448
10449
10450
10451
10452
10453
10454
10455
10456
10457
10458
10459
10460
10461
10462
10463
10464
10465
10466
10467
10468
10469
10470
10471
10472
10473
10474
10475
10476
10477
10478
10479
10480
10481
10482
10483
10484
10485
10486
10487
10488
10489
10490
10491
10492
10493
10494
10495
10496
10497
10498
10499
10500
10501
10502
10503
10504
10505
10506
10507
10508
10509
10510
10511
10512
10513
10514
10515
10516
10517
10518
10519
10520
10521
10522
10523
10524
10525
10526
10527
10528
10529
10530
10531
10532
10533
10534
10535
10536
10537
10538
10539
10540
10541
10542
10543
10544
10545
10546
10547
10548
10549
10550
10551
10552
10553
10554
10555
10556
10557
10558
10559
10560
10561
10562
10563
10564
10565
10566
10567
10568
10569
10570
10571
10572
10573
10574
10575
10576
10577
10578
10579
10580
10581
10582
10583
10584
10585
10586
10587
10588
10589
10590
10591
10592
10593
10594
10595
10596
10597
10598
10599
10600
10601
10602
10603
10604
10605
10606
10607
10608
10609
10610
10611
10612
10613
10614
10615
10616
10617
10618
10619
10620
10621
10622
10623
10624
10625
10626
10627
10628
10629
10630
10631
10632
10633
10634
10635
10636
10637
10638
10639
10640
10641
10642
10643
10644
10645
10646
10647
10648
10649
10650
10651
10652
10653
10654
10655
10656
10657
10658
10659
10660
10661
10662
10663
10664
10665
10666
10667
10668
10669
10670
10671
10672
10673
10674
10675
10676
10677
10678
10679
10680
10681
10682
10683
10684
10685
10686
10687
10688
10689
10690
10691
10692
10693
10694
10695
10696
10697
10698
10699
10700
10701
10702
10703
10704
10705
10706
10707
10708
10709
10710
10711
10712
10713
10714
10715
10716
10717
10718
10719
10720
10721
10722
10723
10724
10725
10726
10727
10728
10729
10730
10731
10732
10733
10734
10735
10736
10737
10738
10739
10740
10741
10742
10743
10744
10745
10746
10747
10748
10749
10750
10751
10752
10753
10754
10755
10756
10757
10758
10759
10760
10761
10762
10763
10764
10765
10766
10767
10768
10769
10770
10771
10772
10773
10774
10775
10776
10777
10778
10779
10780
10781
10782
10783
10784
10785
10786
10787
10788
10789
10790
10791
10792
10793
10794
10795
10796
10797
10798
10799
10800
10801
10802
10803
10804
10805
10806
10807
10808
10809
10810
10811
10812
10813
10814
10815
10816
10817
10818
10819
10820
10821
10822
10823
10824
10825
10826
10827
10828
10829
10830
10831
10832
10833
10834
10835
10836
10837
10838
10839
10840
10841
10842
10843
10844
10845
10846
10847
10848
10849
10850
10851
10852
10853
10854
10855
10856
10857
10858
10859
10860
10861
10862
10863
10864
10865
10866
10867
10868
10869
10870
10871
10872
10873
10874
10875
10876
10877
10878
10879
10880
10881
10882
10883
10884
10885
10886
10887
10888
10889
10890
10891
10892
10893
10894
10895
10896
10897
10898
10899
10900
10901
10902
10903
10904
10905
10906
10907
10908
10909
10910
10911
10912
10913
10914
10915
10916
10917
10918
10919
10920
10921
10922
10923
10924
10925
10926
10927
10928
10929
10930
10931
10932
10933
10934
10935
10936
10937
10938
10939
10940
10941
10942
10943
10944
10945
10946
10947
10948
10949
10950
10951
10952
10953
10954
10955
10956
10957
10958
10959
10960
10961
10962
10963
10964
10965
10966
10967
10968
10969
10970
10971
10972
10973
10974
10975
10976
10977
10978
10979
10980
10981
10982
10983
10984
10985
10986
10987
10988
10989
10990
10991
10992
10993
10994
10995
10996
10997
10998
10999
11000
11001
11002
11003
11004
11005
11006
11007
11008
11009
11010
11011
11012
11013
11014
11015
11016
11017
11018
11019
11020
11021
11022
11023
11024
11025
11026
11027
11028
11029
11030
11031
11032
11033
11034
11035
11036
11037
11038
11039
11040
11041
11042
11043
11044
11045
11046
11047
11048
11049
11050
11051
11052
11053
11054
11055
11056
11057
11058
11059
11060
11061
11062
11063
11064
11065
11066
11067
11068
11069
11070
11071
11072
11073
11074
11075
11076
11077
11078
11079
11080
11081
11082
11083
11084
11085
11086
11087
11088
11089
11090
11091
11092
11093
11094
11095
11096
11097
11098
11099
11100
11101
11102
11103
11104
11105
11106
11107
11108
11109
11110
11111
11112
11113
11114
11115
11116
11117
11118
11119
11120
11121
11122
11123
11124
11125
11126
11127
11128
11129
11130
11131
11132
11133
11134
11135
11136
11137
11138
11139
11140
11141
11142
11143
11144
11145
11146
11147
11148
11149
11150
11151
11152
11153
11154
11155
11156
11157
11158
11159
11160
11161
11162
11163
11164
11165
11166
11167
11168
11169
11170
11171
11172
11173
11174
11175
11176
11177
11178
11179
11180
11181
11182
11183
11184
11185
11186
11187
11188
11189
11190
11191
11192
11193
11194
11195
11196
11197
11198
11199
11200
11201
11202
11203
11204
11205
11206
11207
11208
11209
11210
11211
11212
11213
11214
11215
11216
11217
11218
11219
11220
11221
11222
11223
11224
11225
11226
11227
11228
11229
11230
11231
11232
11233
11234
11235
11236
11237
11238
11239
11240
11241
11242
11243
11244
11245
11246
11247
11248
11249
11250
11251
11252
11253
11254
11255
11256
11257
11258
11259
11260
11261
11262
11263
11264
11265
11266
11267
11268
11269
11270
11271
11272
11273
11274
11275
11276
11277
11278
11279
11280
11281
11282
11283
11284
11285
11286
11287
11288
11289
11290
11291
11292
11293
11294
11295
11296
11297
11298
11299
11300
11301
11302
11303
11304
11305
11306
11307
11308
11309
11310
11311
11312
11313
11314
11315
11316
11317
11318
11319
11320
11321
11322
11323
11324
11325
11326
11327
11328
11329
11330
11331
11332
11333
11334
11335
11336
11337
11338
11339
11340
11341
11342
11343
11344
11345
11346
11347
11348
11349
11350
11351
11352
11353
11354
11355
11356
11357
11358
11359
11360
11361
11362
11363
11364
11365
11366
11367
11368
11369
11370
11371
11372
11373
11374
11375
11376
11377
11378
11379
11380
11381
11382
11383
11384
11385
11386
11387
11388
11389
11390
11391
11392
11393
11394
11395
11396
11397
11398
11399
11400
11401
11402
11403
11404
11405
11406
11407
11408
11409
11410
11411
11412
11413
11414
11415
11416
11417
11418
11419
11420
11421
11422
11423
11424
11425
11426
11427
11428
11429
11430
11431
11432
11433
11434
11435
11436
11437
11438
11439
11440
11441
11442
11443
11444
11445
11446
11447
11448
11449
11450
11451
11452
11453
11454
11455
11456
11457
11458
11459
11460
11461
11462
11463
11464
11465
11466
11467
11468
11469
11470
11471
11472
11473
11474
11475
11476
11477
11478
11479
11480
11481
11482
11483
11484
11485
11486
11487
11488
11489
11490
11491
11492
11493
11494
11495
11496
11497
11498
11499
11500
11501
11502
11503
11504
11505
11506
11507
11508
11509
11510
11511
11512
11513
11514
11515
11516
11517
11518
11519
11520
11521
11522
11523
11524
11525
11526
11527
11528
11529
11530
11531
11532
11533
11534
11535
11536
11537
11538
11539
11540
11541
11542
11543
11544
11545
11546
11547
11548
11549
11550
11551
11552
11553
11554
11555
11556
11557
11558
11559
11560
11561
11562
11563
11564
11565
11566
11567
11568
11569
11570
11571
11572
11573
11574
11575
11576
11577
11578
11579
11580
11581
11582
11583
11584
11585
11586
11587
11588
11589
11590
11591
11592
11593
11594
11595
11596
11597
11598
11599
11600
11601
11602
11603
11604
11605
11606
11607
11608
11609
11610
11611
11612
11613
11614
11615
11616
11617
11618
11619
11620
11621
11622
11623
11624
11625
11626
11627
11628
11629
11630
11631
11632
11633
11634
11635
11636
11637
11638
11639
11640
11641
11642
11643
11644
11645
11646
11647
11648
11649
11650
11651
11652
11653
11654
11655
11656
11657
11658
11659
11660
11661
11662
11663
11664
11665
11666
11667
11668
11669
11670
11671
11672
11673
11674
11675
11676
11677
11678
11679
11680
11681
11682
11683
11684
11685
11686
11687
11688
11689
11690
11691
11692
11693
11694
11695
11696
11697
11698
11699
11700
11701
11702
11703
11704
11705
11706
11707
11708
11709
11710
11711
11712
11713
11714
11715
11716
11717
11718
11719
11720
11721
11722
11723
11724
11725
11726
11727
11728
11729
11730
11731
11732
11733
11734
11735
11736
11737
11738
11739
11740
11741
11742
11743
11744
11745
11746
11747
11748
11749
11750
11751
11752
11753
11754
11755
11756
11757
11758
11759
11760
11761
11762
11763
11764
11765
11766
11767
11768
11769
11770
11771
11772
11773
11774
11775
11776
11777
11778
11779
11780
11781
11782
11783
11784
11785
11786
11787
11788
11789
11790
11791
11792
11793
11794
11795
11796
11797
11798
11799
11800
11801
11802
11803
11804
11805
11806
11807
11808
11809
11810
11811
11812
11813
11814
11815
11816
11817
11818
11819
11820
11821
11822
11823
11824
11825
11826
11827
11828
11829
11830
11831
11832
11833
11834
11835
11836
11837
11838
11839
11840
11841
11842
11843
11844
11845
11846
11847
11848
11849
11850
11851
11852
11853
11854
11855
11856
11857
11858
11859
11860
11861
11862
11863
11864
11865
11866
11867
11868
11869
11870
11871
11872
11873
11874
11875
11876
11877
11878
11879
11880
11881
11882
11883
11884
11885
11886
11887
11888
11889
11890
11891
11892
11893
11894
11895
11896
11897
11898
11899
11900
11901
11902
11903
11904
11905
11906
11907
11908
11909
11910
11911
11912
11913
11914
11915
11916
11917
11918
11919
11920
11921
11922
11923
11924
11925
11926
11927
11928
11929
11930
11931
11932
11933
11934
11935
11936
11937
11938
11939
11940
11941
11942
11943
11944
11945
11946
11947
11948
11949
11950
11951
11952
11953
11954
11955
11956
11957
11958
11959
11960
11961
11962
11963
11964
11965
11966
11967
11968
11969
11970
11971
11972
11973
11974
11975
11976
11977
11978
11979
11980
11981
11982
11983
11984
11985
11986
11987
11988
11989
11990
11991
11992
11993
11994
11995
11996
11997
11998
11999
12000
12001
12002
12003
12004
12005
12006
12007
12008
12009
12010
12011
12012
12013
12014
12015
12016
12017
12018
12019
12020
12021
12022
12023
12024
12025
12026
12027
12028
12029
12030
12031
12032
12033
12034
12035
12036
12037
12038
12039
12040
12041
12042
12043
12044
12045
12046
12047
12048
12049
12050
12051
12052
12053
12054
12055
12056
12057
12058
12059
12060
12061
12062
12063
12064
12065
12066
12067
12068
12069
12070
12071
12072
12073
12074
12075
12076
12077
12078
12079
12080
12081
12082
12083
12084
12085
12086
12087
12088
12089
12090
12091
12092
12093
12094
12095
12096
12097
12098
12099
12100
12101
12102
12103
12104
12105
12106
12107
12108
12109
12110
12111
12112
12113
12114
12115
12116
12117
12118
12119
12120
12121
12122
12123
12124
12125
12126
12127
12128
12129
12130
12131
12132
12133
12134
12135
12136
12137
12138
12139
12140
12141
12142
12143
12144
12145
12146
12147
12148
12149
12150
12151
12152
12153
12154
12155
12156
12157
12158
12159
12160
12161
12162
12163
12164
12165
12166
12167
12168
12169
12170
12171
12172
12173
12174
12175
12176
12177
12178
12179
12180
12181
12182
12183
12184
12185
12186
12187
12188
12189
12190
12191
12192
12193
12194
12195
12196
12197
12198
12199
12200
12201
12202
12203
12204
12205
12206
12207
12208
12209
12210
12211
12212
12213
12214
12215
12216
12217
12218
12219
12220
12221
12222
12223
12224
12225
12226
12227
12228
12229
12230
12231
12232
12233
12234
12235
12236
12237
12238
12239
12240
12241
12242
12243
12244
12245
12246
12247
12248
12249
12250
12251
12252
12253
12254
12255
12256
12257
12258
12259
12260
12261
12262
12263
12264
12265
12266
12267
12268
12269
12270
12271
12272
12273
12274
12275
12276
12277
12278
12279
12280
12281
12282
12283
12284
12285
12286
12287
12288
12289
12290
12291
12292
12293
12294
12295
12296
12297
12298
12299
12300
12301
12302
12303
12304
12305
12306
12307
12308
12309
12310
12311
12312
12313
12314
12315
12316
12317
12318
12319
12320
12321
12322
12323
12324
12325
12326
12327
12328
12329
12330
12331
12332
12333
12334
12335
12336
12337
12338
12339
12340
12341
12342
12343
12344
12345
12346
12347
12348
12349
12350
12351
12352
12353
12354
12355
12356
12357
12358
12359
12360
12361
12362
12363
12364
12365
12366
12367
12368
12369
12370
12371
12372
12373
12374
12375
12376
12377
12378
12379
12380
12381
12382
12383
12384
12385
12386
12387
12388
12389
12390
12391
12392
12393
12394
12395
12396
12397
12398
12399
12400
12401
12402
12403
12404
12405
12406
12407
12408
12409
12410
12411
12412
12413
12414
12415
12416
12417
12418
12419
12420
12421
12422
12423
12424
12425
12426
12427
12428
12429
12430
12431
12432
12433
12434
12435
12436
12437
12438
12439
12440
12441
12442
12443
12444
12445
12446
12447
12448
12449
12450
12451
12452
12453
12454
12455
12456
12457
12458
12459
12460
12461
12462
12463
12464
12465
12466
12467
12468
12469
12470
12471
12472
12473
12474
12475
12476
12477
12478
12479
12480
12481
12482
12483
12484
12485
12486
12487
12488
12489
12490
12491
12492
12493
12494
12495
12496
12497
12498
12499
12500
12501
12502
12503
12504
12505
12506
12507
12508
12509
12510
12511
12512
12513
12514
12515
12516
12517
12518
12519
12520
12521
12522
12523
12524
12525
12526
12527
12528
12529
12530
12531
12532
12533
12534
12535
12536
12537
12538
12539
12540
12541
12542
12543
12544
12545
12546
12547
12548
12549
12550
12551
12552
12553
12554
12555
12556
12557
12558
12559
12560
12561
12562
12563
12564
12565
12566
12567
12568
12569
12570
12571
12572
12573
12574
12575
12576
12577
12578
12579
12580
12581
12582
12583
12584
12585
12586
12587
12588
12589
12590
12591
12592
12593
12594
12595
12596
12597
12598
12599
12600
12601
12602
12603
12604
12605
12606
12607
12608
12609
12610
12611
12612
12613
12614
12615
12616
12617
12618
12619
12620
12621
12622
12623
12624
12625
12626
12627
12628
12629
12630
12631
12632
12633
12634
12635
12636
12637
12638
12639
12640
12641
12642
12643
12644
12645
12646
12647
12648
12649
12650
12651
12652
12653
12654
12655
12656
12657
12658
12659
12660
12661
12662
12663
12664
12665
12666
12667
12668
12669
12670
12671
12672
12673
12674
12675
12676
12677
12678
12679
12680
12681
12682
12683
12684
12685
12686
12687
12688
12689
12690
12691
12692
12693
12694
12695
12696
12697
12698
12699
12700
12701
12702
12703
12704
12705
12706
12707
12708
12709
12710
12711
12712
12713
12714
12715
12716
12717
12718
12719
12720
12721
12722
12723
12724
12725
12726
12727
12728
12729
12730
12731
12732
12733
12734
12735
12736
12737
12738
12739
12740
12741
12742
12743
12744
12745
12746
12747
12748
12749
12750
12751
12752
12753
12754
12755
12756
12757
12758
12759
12760
12761
12762
12763
12764
12765
12766
12767
12768
12769
12770
12771
12772
12773
12774
12775
12776
12777
12778
12779
12780
12781
12782
12783
12784
12785
12786
12787
12788
12789
12790
12791
12792
12793
12794
12795
12796
12797
12798
12799
12800
12801
12802
12803
12804
12805
12806
12807
12808
12809
12810
12811
12812
12813
12814
12815
12816
12817
12818
12819
12820
12821
12822
12823
12824
12825
12826
12827
12828
12829
12830
12831
12832
12833
12834
12835
12836
12837
12838
12839
12840
12841
12842
12843
12844
12845
12846
12847
12848
12849
12850
12851
12852
12853
12854
12855
12856
12857
12858
12859
12860
12861
12862
12863
12864
12865
12866
12867
12868
12869
12870
12871
12872
12873
12874
12875
12876
12877
12878
12879
12880
12881
12882
12883
12884
12885
12886
12887
12888
12889
12890
12891
12892
12893
12894
12895
12896
12897
12898
12899
12900
12901
12902
12903
12904
12905
12906
12907
12908
12909
12910
12911
12912
12913
12914
12915
12916
12917
12918
12919
12920
12921
12922
12923
12924
12925
12926
12927
12928
12929
12930
12931
12932
12933
12934
12935
12936
12937
12938
12939
12940
12941
12942
12943
12944
12945
12946
12947
12948
12949
12950
12951
12952
12953
12954
12955
12956
12957
12958
12959
12960
12961
12962
12963
12964
12965
12966
12967
12968
12969
12970
12971
12972
12973
12974
12975
12976
12977
12978
12979
12980
12981
12982
12983
12984
12985
12986
12987
12988
12989
12990
12991
12992
12993
12994
12995
12996
12997
12998
12999
13000
13001
13002
13003
13004
13005
13006
13007
13008
13009
13010
13011
13012
13013
13014
13015
13016
13017
13018
13019
13020
13021
13022
13023
13024
13025
13026
13027
13028
13029
13030
13031
13032
13033
13034
13035
13036
13037
13038
13039
13040
13041
13042
13043
13044
13045
13046
13047
13048
13049
13050
13051
13052
13053
13054
13055
13056
13057
13058
13059
13060
13061
13062
13063
13064
13065
13066
13067
13068
13069
13070
13071
13072
13073
13074
13075
13076
13077
13078
13079
13080
13081
13082
13083
13084
13085
13086
13087
13088
13089
13090
13091
13092
13093
13094
13095
13096
13097
13098
13099
13100
13101
13102
13103
13104
13105
13106
13107
13108
13109
13110
13111
13112
13113
13114
13115
13116
13117
13118
13119
13120
13121
13122
13123
13124
13125
13126
13127
13128
13129
13130
13131
13132
13133
13134
13135
13136
13137
13138
13139
13140
13141
13142
13143
13144
13145
13146
13147
13148
13149
13150
13151
13152
13153
13154
13155
13156
13157
13158
13159
13160
13161
13162
13163
13164
13165
13166
13167
13168
13169
13170
13171
13172
13173
13174
13175
13176
13177
13178
13179
13180
13181
13182
13183
13184
13185
13186
13187
13188
13189
13190
13191
13192
13193
13194
13195
13196
13197
13198
13199
13200
13201
13202
13203
13204
13205
13206
13207
13208
13209
13210
13211
13212
13213
13214
13215
13216
13217
13218
13219
13220
13221
13222
13223
13224
13225
13226
13227
13228
13229
13230
13231
13232
13233
13234
13235
13236
13237
13238
13239
13240
13241
13242
13243
13244
13245
13246
13247
13248
13249
13250
13251
13252
13253
13254
13255
13256
13257
13258
13259
13260
13261
13262
13263
13264
13265
13266
13267
13268
13269
13270
13271
13272
13273
13274
13275
13276
13277
13278
13279
13280
13281
13282
13283
13284
13285
13286
13287
13288
13289
13290
13291
13292
13293
13294
13295
13296
13297
13298
13299
13300
13301
13302
13303
13304
13305
13306
13307
13308
13309
13310
13311
13312
13313
13314
13315
13316
13317
13318
13319
13320
13321
13322
13323
13324
13325
13326
13327
13328
13329
13330
13331
13332
13333
13334
13335
13336
13337
13338
13339
13340
13341
13342
13343
13344
13345
13346
13347
13348
13349
13350
13351
13352
13353
13354
13355
13356
13357
13358
13359
13360
13361
13362
13363
13364
13365
13366
13367
13368
13369
13370
13371
13372
13373
13374
13375
13376
13377
13378
13379
13380
13381
13382
13383
13384
13385
13386
13387
13388
13389
13390
13391
13392
13393
13394
13395
13396
13397
13398
13399
13400
13401
13402
13403
13404
13405
13406
13407
13408
13409
13410
13411
13412
13413
13414
13415
13416
13417
13418
13419
13420
13421
13422
13423
13424
13425
13426
13427
13428
13429
13430
13431
13432
13433
13434
13435
13436
13437
13438
13439
13440
13441
13442
13443
13444
13445
13446
13447
13448
13449
13450
13451
13452
13453
13454
13455
13456
13457
13458
13459
13460
13461
13462
13463
13464
13465
13466
13467
13468
13469
13470
13471
13472
13473
13474
13475
13476
13477
13478
13479
13480
13481
13482
13483
13484
13485
13486
13487
13488
13489
13490
13491
13492
13493
13494
13495
13496
13497
13498
13499
13500
13501
13502
13503
13504
13505
13506
13507
13508
13509
13510
13511
13512
13513
13514
13515
13516
13517
13518
13519
13520
13521
13522
13523
13524
13525
13526
13527
13528
13529
13530
13531
13532
13533
13534
13535
13536
13537
13538
13539
13540
13541
13542
13543
13544
13545
13546
13547
13548
13549
13550
13551
13552
13553
13554
13555
13556
13557
13558
13559
13560
13561
13562
13563
13564
13565
13566
13567
13568
13569
13570
13571
13572
13573
13574
13575
13576
13577
13578
13579
13580
13581
13582
13583
13584
13585
13586
13587
13588
13589
13590
13591
13592
13593
13594
13595
13596
13597
13598
13599
13600
13601
13602
13603
13604
13605
13606
13607
13608
13609
13610
13611
13612
13613
13614
13615
13616
13617
13618
13619
13620
13621
13622
13623
13624
13625
13626
13627
13628
13629
13630
13631
13632
13633
13634
13635
13636
13637
13638
13639
13640
13641
13642
13643
13644
13645
13646
13647
13648
13649
13650
13651
13652
13653
13654
13655
13656
13657
13658
13659
13660
13661
13662
13663
13664
13665
13666
13667
13668
13669
13670
13671
13672
13673
13674
13675
13676
13677
13678
13679
13680
13681
13682
13683
13684
13685
13686
13687
13688
13689
13690
13691
13692
13693
13694
13695
13696
13697
13698
13699
13700
13701
13702
13703
13704
13705
13706
13707
13708
13709
13710
13711
13712
13713
13714
13715
13716
13717
13718
13719
13720
13721
13722
13723
13724
13725
13726
13727
13728
13729
13730
13731
13732
13733
13734
13735
13736
13737
13738
13739
13740
13741
13742
13743
13744
13745
13746
13747
13748
13749
13750
13751
13752
13753
13754
13755
13756
13757
13758
13759
13760
13761
13762
13763
13764
13765
13766
13767
13768
13769
13770
13771
13772
13773
13774
13775
13776
13777
13778
13779
13780
13781
13782
13783
13784
13785
13786
13787
13788
13789
13790
13791
13792
13793
13794
13795
13796
13797
13798
13799
13800
13801
13802
13803
13804
13805
13806
13807
13808
13809
13810
13811
13812
13813
13814
13815
13816
13817
13818
13819
13820
13821
13822
13823
13824
13825
13826
13827
13828
13829
13830
13831
13832
13833
13834
13835
13836
13837
13838
13839
13840
13841
13842
13843
13844
13845
13846
13847
13848
13849
13850
13851
13852
13853
13854
13855
13856
13857
13858
13859
13860
13861
13862
13863
13864
13865
13866
13867
13868
13869
13870
13871
13872
13873
13874
13875
13876
13877
13878
13879
13880
13881
13882
13883
13884
13885
13886
13887
13888
13889
13890
13891
13892
13893
13894
13895
13896
13897
13898
13899
13900
13901
13902
13903
13904
13905
13906
13907
13908
13909
13910
13911
13912
13913
13914
13915
13916
13917
13918
13919
13920
13921
13922
13923
13924
13925
13926
13927
13928
13929
13930
13931
13932
13933
13934
13935
13936
13937
13938
13939
13940
13941
13942
13943
13944
13945
13946
13947
13948
13949
13950
13951
13952
13953
13954
13955
13956
13957
13958
13959
13960
13961
13962
13963
13964
13965
13966
13967
13968
13969
13970
13971
13972
13973
13974
13975
13976
13977
13978
13979
13980
13981
13982
13983
13984
13985
13986
13987
13988
13989
13990
13991
13992
13993
13994
13995
13996
13997
13998
13999
14000
14001
14002
14003
14004
14005
14006
14007
14008
14009
14010
14011
14012
14013
14014
14015
14016
14017
14018
14019
14020
14021
14022
14023
14024
14025
14026
14027
14028
14029
14030
14031
14032
14033
14034
14035
14036
14037
14038
14039
14040
14041
14042
14043
14044
14045
14046
14047
14048
14049
14050
14051
14052
14053
14054
14055
14056
14057
14058
14059
14060
14061
14062
14063
14064
14065
14066
14067
14068
14069
14070
14071
14072
14073
14074
14075
14076
14077
14078
14079
14080
14081
14082
14083
14084
14085
14086
14087
14088
14089
14090
14091
14092
14093
14094
14095
14096
14097
14098
14099
14100
14101
14102
14103
14104
14105
14106
14107
14108
14109
14110
14111
14112
14113
14114
14115
14116
14117
14118
14119
14120
14121
14122
14123
14124
14125
14126
14127
14128
14129
14130
14131
14132
14133
14134
14135
14136
14137
14138
14139
14140
14141
14142
14143
14144
14145
14146
14147
14148
14149
14150
14151
14152
14153
14154
14155
14156
14157
14158
14159
14160
14161
14162
14163
14164
14165
14166
14167
14168
14169
14170
14171
14172
14173
14174
14175
14176
14177
14178
14179
14180
14181
14182
14183
14184
14185
14186
14187
14188
14189
14190
14191
14192
14193
14194
14195
14196
14197
14198
14199
14200
14201
14202
14203
14204
14205
14206
14207
14208
14209
14210
14211
14212
14213
14214
14215
14216
14217
14218
14219
14220
14221
14222
14223
14224
14225
14226
14227
14228
14229
14230
14231
14232
14233
14234
14235
14236
14237
14238
14239
14240
14241
14242
14243
14244
14245
14246
14247
14248
14249
14250
14251
14252
14253
14254
14255
14256
14257
14258
14259
14260
14261
14262
14263
14264
14265
14266
14267
14268
14269
14270
14271
14272
14273
14274
14275
14276
14277
14278
14279
14280
14281
14282
14283
14284
14285
14286
14287
14288
14289
14290
14291
14292
14293
14294
14295
14296
14297
14298
14299
14300
14301
14302
14303
14304
14305
14306
14307
14308
14309
14310
14311
14312
14313
14314
14315
14316
14317
14318
14319
14320
14321
14322
14323
14324
14325
14326
14327
14328
14329
14330
14331
14332
14333
14334
14335
14336
14337
14338
14339
14340
14341
14342
14343
14344
14345
14346
14347
14348
14349
14350
14351
14352
14353
14354
14355
14356
14357
14358
14359
14360
14361
14362
14363
14364
14365
14366
14367
14368
14369
14370
14371
14372
14373
14374
14375
14376
14377
14378
14379
14380
14381
14382
14383
14384
14385
14386
14387
14388
14389
14390
14391
14392
14393
14394
14395
14396
14397
14398
14399
14400
14401
14402
14403
14404
14405
14406
14407
14408
14409
14410
14411
14412
14413
14414
14415
14416
14417
14418
14419
14420
14421
14422
14423
14424
14425
14426
14427
14428
14429
14430
14431
14432
14433
14434
14435
14436
14437
14438
14439
14440
14441
14442
14443
14444
14445
14446
14447
14448
14449
14450
14451
14452
14453
14454
14455
14456
14457
14458
14459
14460
14461
14462
14463
14464
14465
14466
14467
14468
14469
14470
14471
14472
14473
14474
14475
14476
14477
14478
14479
14480
14481
14482
14483
14484
14485
14486
14487
14488
14489
14490
14491
14492
14493
14494
14495
14496
14497
14498
14499
14500
14501
14502
14503
14504
14505
14506
14507
14508
14509
14510
14511
14512
14513
14514
14515
14516
14517
14518
14519
14520
14521
14522
14523
14524
14525
14526
14527
14528
14529
14530
14531
14532
14533
14534
14535
14536
14537
14538
14539
14540
14541
14542
14543
14544
14545
14546
14547
14548
14549
14550
14551
14552
14553
14554
14555
14556
14557
14558
14559
14560
14561
14562
14563
14564
14565
14566
14567
14568
14569
14570
14571
14572
14573
14574
14575
14576
14577
14578
14579
14580
14581
14582
14583
14584
14585
14586
14587
14588
14589
14590
14591
14592
14593
14594
14595
14596
14597
14598
14599
14600
14601
14602
14603
14604
14605
14606
14607
14608
14609
14610
14611
14612
14613
14614
14615
14616
14617
14618
14619
14620
14621
14622
14623
14624
14625
14626
14627
14628
14629
14630
14631
14632
14633
14634
14635
14636
14637
14638
14639
14640
14641
14642
14643
14644
14645
14646
14647
14648
14649
14650
14651
14652
14653
14654
14655
14656
14657
14658
14659
14660
14661
14662
14663
14664
14665
14666
14667
14668
14669
14670
14671
14672
14673
14674
14675
14676
14677
14678
14679
14680
14681
14682
14683
14684
14685
14686
14687
14688
14689
14690
14691
14692
14693
14694
14695
14696
14697
14698
14699
14700
14701
14702
14703
14704
14705
14706
14707
14708
14709
14710
14711
14712
14713
14714
14715
14716
14717
14718
14719
14720
14721
14722
14723
14724
14725
14726
14727
14728
14729
14730
14731
14732
14733
14734
14735
14736
14737
14738
14739
14740
14741
14742
14743
14744
14745
14746
14747
14748
14749
14750
14751
14752
14753
14754
14755
14756
14757
14758
14759
14760
14761
14762
14763
14764
14765
14766
14767
14768
14769
14770
14771
14772
14773
14774
14775
14776
14777
14778
14779
14780
14781
14782
14783
14784
14785
14786
14787
14788
14789
14790
14791
14792
14793
14794
14795
14796
14797
14798
14799
14800
14801
14802
14803
14804
14805
14806
14807
14808
14809
14810
14811
14812
14813
14814
14815
14816
14817
14818
14819
14820
14821
14822
14823
14824
14825
14826
14827
14828
14829
14830
14831
14832
14833
14834
14835
14836
14837
14838
14839
14840
14841
14842
14843
14844
14845
14846
14847
14848
14849
14850
14851
14852
14853
14854
14855
14856
14857
14858
14859
14860
14861
14862
14863
14864
14865
14866
14867
14868
14869
14870
14871
14872
14873
14874
14875
14876
14877
14878
14879
14880
14881
14882
14883
14884
14885
14886
14887
14888
14889
14890
14891
14892
14893
14894
14895
14896
14897
14898
14899
14900
14901
14902
14903
14904
14905
14906
14907
14908
14909
14910
14911
14912
14913
14914
14915
14916
14917
14918
14919
14920
14921
14922
14923
14924
14925
14926
14927
14928
14929
14930
14931
14932
14933
14934
14935
14936
14937
14938
14939
14940
14941
14942
14943
14944
14945
14946
14947
14948
14949
14950
14951
14952
14953
14954
14955
14956
14957
14958
14959
14960
14961
14962
14963
14964
14965
14966
14967
14968
14969
14970
14971
14972
14973
14974
14975
14976
14977
14978
14979
14980
14981
14982
14983
14984
14985
14986
14987
14988
14989
14990
14991
14992
14993
14994
14995
14996
14997
14998
14999
15000
15001
15002
15003
15004
15005
15006
15007
15008
15009
15010
15011
15012
15013
15014
15015
15016
15017
15018
15019
15020
15021
15022
15023
15024
15025
15026
15027
15028
15029
15030
15031
15032
15033
15034
15035
15036
15037
15038
15039
15040
15041
15042
15043
15044
15045
15046
15047
15048
15049
15050
15051
15052
15053
15054
15055
15056
15057
15058
15059
15060
15061
15062
15063
15064
15065
15066
15067
15068
15069
15070
15071
15072
15073
15074
15075
15076
15077
15078
15079
15080
15081
15082
15083
15084
15085
15086
15087
15088
15089
15090
15091
15092
15093
15094
15095
15096
15097
15098
15099
15100
15101
15102
15103
15104
15105
15106
15107
15108
15109
15110
15111
15112
15113
15114
15115
15116
15117
15118
15119
15120
15121
15122
15123
15124
15125
15126
15127
15128
15129
15130
15131
15132
15133
15134
15135
15136
15137
15138
15139
15140
15141
15142
15143
15144
15145
15146
15147
15148
15149
15150
15151
15152
15153
15154
15155
15156
15157
15158
15159
15160
15161
15162
15163
15164
15165
15166
15167
15168
15169
15170
15171
15172
15173
15174
15175
15176
15177
15178
15179
15180
15181
15182
15183
15184
15185
15186
15187
15188
15189
15190
15191
15192
15193
15194
15195
15196
15197
15198
15199
15200
15201
15202
15203
15204
15205
15206
15207
15208
15209
15210
15211
15212
15213
15214
15215
15216
15217
15218
15219
15220
15221
15222
15223
15224
15225
15226
15227
15228
15229
15230
15231
15232
15233
15234
15235
15236
15237
15238
15239
15240
15241
15242
15243
15244
15245
15246
15247
15248
15249
15250
15251
15252
15253
15254
15255
15256
15257
15258
15259
15260
15261
15262
15263
15264
15265
15266
15267
15268
15269
15270
15271
15272
15273
15274
15275
15276
15277
15278
15279
15280
15281
15282
15283
15284
15285
15286
15287
15288
15289
15290
15291
15292
15293
15294
15295
15296
15297
15298
15299
15300
15301
15302
15303
15304
15305
15306
15307
15308
15309
15310
15311
15312
15313
15314
15315
15316
15317
15318
15319
15320
15321
15322
15323
15324
15325
15326
15327
15328
15329
15330
15331
15332
15333
15334
15335
15336
15337
15338
15339
15340
15341
15342
15343
15344
15345
15346
15347
15348
15349
15350
15351
15352
15353
15354
15355
15356
15357
15358
15359
15360
15361
15362
15363
15364
15365
15366
15367
15368
15369
15370
15371
15372
15373
15374
15375
15376
15377
15378
15379
15380
15381
15382
15383
15384
15385
15386
15387
15388
15389
15390
15391
15392
15393
15394
15395
15396
15397
15398
15399
15400
15401
15402
15403
15404
15405
15406
15407
15408
15409
15410
15411
15412
15413
15414
15415
15416
15417
15418
15419
15420
15421
15422
15423
15424
15425
15426
15427
15428
15429
15430
15431
15432
15433
15434
15435
15436
15437
15438
15439
15440
15441
15442
15443
15444
15445
15446
15447
15448
15449
15450
15451
15452
15453
15454
15455
15456
15457
15458
15459
15460
15461
15462
15463
15464
15465
15466
15467
15468
15469
15470
15471
15472
15473
15474
15475
15476
15477
15478
15479
15480
15481
15482
15483
15484
15485
15486
15487
15488
15489
15490
15491
15492
15493
15494
15495
15496
15497
15498
15499
15500
15501
15502
15503
15504
15505
15506
15507
15508
15509
15510
15511
15512
15513
15514
15515
15516
15517
15518
15519
15520
15521
15522
15523
15524
15525
15526
15527
15528
15529
15530
15531
15532
15533
15534
15535
15536
15537
15538
15539
15540
15541
15542
15543
15544
15545
15546
15547
15548
15549
15550
15551
15552
15553
15554
15555
15556
15557
15558
15559
15560
15561
15562
15563
15564
15565
15566
15567
15568
15569
15570
15571
15572
15573
15574
15575
15576
15577
15578
15579
15580
15581
15582
15583
15584
15585
15586
15587
15588
15589
15590
15591
15592
15593
15594
15595
15596
15597
15598
15599
15600
15601
15602
15603
15604
15605
15606
15607
15608
15609
15610
15611
15612
15613
15614
15615
15616
15617
15618
15619
15620
15621
15622
15623
15624
15625
15626
15627
15628
15629
15630
15631
15632
15633
15634
15635
15636
15637
15638
15639
15640
15641
15642
15643
15644
15645
15646
15647
15648
15649
15650
15651
15652
15653
15654
15655
15656
15657
15658
15659
15660
15661
15662
15663
15664
15665
15666
15667
15668
15669
15670
15671
15672
15673
15674
15675
15676
15677
15678
15679
15680
15681
15682
15683
15684
15685
15686
15687
15688
15689
15690
15691
15692
15693
15694
15695
15696
15697
15698
15699
15700
15701
15702
15703
15704
15705
15706
15707
15708
15709
15710
15711
15712
15713
15714
15715
15716
15717
15718
15719
15720
15721
15722
15723
15724
15725
15726
15727
15728
15729
15730
15731
15732
15733
15734
15735
15736
15737
15738
15739
15740
15741
15742
15743
15744
15745
15746
15747
15748
15749
15750
15751
15752
15753
15754
15755
15756
15757
15758
15759
15760
15761
15762
15763
15764
15765
15766
15767
15768
15769
15770
15771
15772
15773
15774
15775
15776
15777
15778
15779
15780
15781
15782
15783
15784
15785
15786
15787
15788
15789
15790
15791
15792
15793
15794
15795
15796
15797
15798
15799
15800
15801
15802
15803
15804
15805
15806
15807
15808
15809
15810
15811
15812
15813
15814
15815
15816
15817
15818
15819
15820
15821
15822
15823
15824
15825
15826
15827
15828
15829
15830
15831
15832
15833
15834
15835
15836
15837
15838
15839
15840
15841
15842
15843
15844
15845
15846
15847
15848
15849
15850
15851
15852
15853
15854
15855
15856
15857
15858
15859
15860
15861
15862
15863
15864
15865
15866
15867
15868
15869
15870
15871
15872
15873
15874
15875
15876
15877
15878
15879
15880
15881
15882
15883
15884
15885
15886
15887
15888
15889
15890
15891
15892
15893
15894
15895
15896
15897
15898
15899
15900
15901
15902
15903
15904
15905
15906
15907
15908
15909
15910
15911
15912
15913
15914
15915
15916
15917
15918
15919
15920
15921
15922
15923
15924
15925
15926
15927
15928
15929
15930
15931
15932
15933
15934
15935
15936
15937
15938
15939
15940
15941
15942
15943
15944
15945
15946
15947
15948
15949
15950
15951
15952
15953
15954
15955
15956
15957
15958
15959
15960
15961
15962
15963
15964
15965
15966
15967
15968
15969
15970
15971
15972
15973
15974
15975
15976
15977
15978
15979
15980
15981
15982
15983
15984
15985
15986
15987
15988
15989
15990
15991
15992
15993
15994
15995
15996
15997
15998
15999
16000
16001
16002
16003
16004
16005
16006
16007
16008
16009
16010
16011
16012
16013
16014
16015
16016
16017
16018
16019
16020
16021
16022
16023
16024
16025
16026
16027
16028
16029
16030
16031
16032
16033
16034
16035
16036
16037
16038
16039
16040
16041
16042
16043
16044
16045
16046
16047
16048
16049
16050
16051
16052
16053
16054
16055
16056
16057
16058
16059
16060
16061
16062
16063
16064
16065
16066
16067
16068
16069
16070
16071
16072
16073
16074
16075
16076
16077
16078
16079
16080
16081
16082
16083
16084
16085
16086
16087
16088
16089
16090
16091
16092
16093
16094
16095
16096
16097
16098
16099
16100
16101
16102
16103
16104
16105
16106
16107
16108
16109
16110
16111
16112
16113
16114
16115
16116
16117
16118
16119
16120
16121
16122
16123
16124
16125
16126
16127
16128
16129
16130
16131
16132
16133
16134
16135
16136
16137
16138
16139
16140
16141
16142
16143
16144
16145
16146
16147
16148
16149
16150
16151
16152
16153
16154
16155
16156
16157
16158
16159
16160
16161
16162
16163
16164
16165
16166
16167
16168
16169
16170
16171
16172
16173
16174
16175
16176
16177
16178
16179
16180
16181
16182
16183
16184
16185
16186
16187
16188
16189
16190
16191
16192
16193
16194
16195
16196
16197
16198
16199
16200
16201
16202
16203
16204
16205
16206
16207
16208
16209
16210
16211
16212
16213
16214
16215
16216
16217
16218
16219
16220
16221
16222
16223
16224
16225
16226
16227
16228
16229
16230
16231
16232
16233
16234
16235
16236
16237
16238
16239
16240
16241
16242
16243
16244
16245
16246
16247
16248
16249
16250
16251
16252
16253
16254
16255
16256
16257
16258
16259
16260
16261
16262
16263
16264
16265
16266
16267
16268
16269
16270
16271
16272
16273
16274
16275
16276
16277
16278
16279
16280
16281
16282
16283
16284
16285
16286
16287
16288
16289
16290
16291
16292
16293
16294
16295
16296
16297
16298
16299
16300
16301
16302
16303
16304
16305
16306
16307
16308
16309
16310
16311
16312
16313
16314
16315
16316
16317
16318
16319
16320
16321
16322
16323
16324
16325
16326
16327
16328
16329
16330
16331
16332
16333
16334
16335
16336
16337
16338
16339
16340
16341
16342
16343
16344
16345
16346
16347
16348
16349
16350
16351
16352
16353
16354
16355
16356
16357
16358
16359
16360
16361
16362
16363
16364
16365
16366
16367
16368
16369
16370
16371
16372
16373
16374
16375
16376
16377
16378
16379
16380
16381
16382
16383
16384
16385
16386
16387
16388
16389
16390
16391
16392
16393
16394
16395
16396
16397
16398
16399
16400
16401
16402
16403
16404
16405
16406
16407
16408
16409
16410
16411
16412
16413
16414
16415
16416
16417
16418
16419
16420
16421
16422
16423
16424
16425
16426
16427
16428
16429
16430
16431
16432
16433
16434
16435
16436
16437
16438
16439
16440
16441
16442
16443
16444
16445
16446
16447
16448
16449
16450
16451
16452
16453
16454
16455
16456
16457
16458
16459
16460
16461
16462
16463
16464
16465
16466
16467
16468
16469
16470
16471
16472
16473
16474
16475
16476
16477
16478
16479
16480
16481
16482
16483
16484
16485
16486
16487
16488
16489
16490
16491
16492
16493
16494
16495
16496
16497
16498
16499
16500
16501
16502
16503
16504
16505
16506
16507
16508
16509
16510
16511
16512
16513
16514
16515
16516
16517
16518
16519
16520
16521
16522
16523
16524
16525
16526
16527
16528
16529
16530
16531
16532
16533
16534
16535
16536
16537
16538
16539
16540
16541
16542
16543
16544
16545
16546
16547
16548
16549
16550
16551
16552
16553
16554
16555
16556
16557
16558
16559
16560
16561
16562
16563
16564
16565
16566
16567
16568
16569
16570
16571
16572
16573
16574
16575
16576
16577
16578
16579
16580
16581
16582
16583
16584
16585
16586
16587
16588
16589
16590
16591
16592
16593
16594
16595
16596
16597
16598
16599
16600
16601
16602
16603
16604
16605
16606
16607
16608
16609
16610
16611
16612
16613
16614
16615
16616
16617
16618
16619
16620
16621
16622
16623
16624
16625
16626
16627
16628
16629
16630
16631
16632
16633
16634
16635
16636
16637
16638
16639
16640
16641
16642
16643
16644
16645
16646
16647
16648
16649
16650
16651
16652
16653
16654
16655
16656
16657
16658
16659
16660
16661
16662
16663
16664
16665
16666
16667
16668
16669
16670
16671
16672
16673
16674
16675
16676
16677
16678
16679
16680
16681
16682
16683
16684
16685
16686
16687
16688
16689
16690
16691
16692
16693
16694
16695
16696
16697
16698
16699
16700
16701
16702
16703
16704
16705
16706
16707
16708
16709
16710
16711
16712
16713
16714
16715
16716
16717
16718
16719
16720
16721
16722
16723
16724
16725
16726
16727
16728
16729
16730
16731
16732
16733
16734
16735
16736
16737
16738
16739
16740
16741
16742
16743
16744
16745
16746
16747
16748
16749
16750
16751
16752
16753
16754
16755
16756
16757
16758
16759
16760
16761
16762
16763
16764
16765
16766
16767
16768
16769
16770
16771
16772
16773
16774
16775
16776
16777
16778
16779
16780
16781
16782
16783
16784
16785
16786
16787
16788
16789
16790
16791
16792
16793
16794
16795
16796
16797
16798
16799
16800
16801
16802
16803
16804
16805
16806
16807
16808
16809
16810
16811
16812
16813
16814
16815
16816
16817
16818
16819
16820
16821
16822
16823
16824
16825
16826
16827
16828
16829
16830
16831
16832
16833
16834
16835
16836
16837
16838
16839
16840
16841
16842
16843
16844
16845
16846
16847
16848
16849
16850
16851
16852
16853
16854
16855
16856
16857
16858
16859
16860
16861
16862
16863
16864
16865
16866
16867
16868
16869
16870
16871
16872
16873
16874
16875
16876
16877
16878
16879
16880
16881
16882
16883
16884
16885
16886
16887
16888
16889
16890
16891
16892
16893
16894
16895
16896
16897
16898
16899
16900
16901
16902
16903
16904
16905
16906
16907
16908
16909
16910
16911
16912
16913
16914
16915
16916
16917
16918
16919
16920
16921
16922
16923
16924
16925
16926
16927
16928
16929
16930
16931
16932
16933
16934
16935
16936
16937
16938
16939
16940
16941
16942
16943
16944
16945
16946
16947
16948
16949
16950
16951
16952
16953
16954
16955
16956
16957
16958
16959
16960
16961
16962
16963
16964
16965
16966
16967
16968
16969
16970
16971
16972
16973
16974
16975
16976
16977
16978
16979
16980
16981
16982
16983
16984
16985
16986
16987
16988
16989
16990
16991
16992
16993
16994
16995
16996
16997
16998
16999
17000
17001
17002
17003
17004
17005
17006
17007
17008
17009
17010
17011
17012
17013
17014
17015
17016
17017
17018
17019
17020
17021
17022
17023
17024
17025
17026
17027
17028
17029
17030
17031
17032
17033
17034
17035
17036
17037
17038
17039
17040
17041
17042
17043
17044
17045
17046
17047
17048
17049
17050
17051
17052
17053
17054
17055
17056
17057
17058
17059
17060
17061
17062
17063
17064
17065
17066
17067
17068
17069
17070
17071
17072
17073
17074
17075
17076
17077
17078
17079
17080
17081
17082
17083
17084
17085
17086
17087
17088
17089
17090
17091
17092
17093
17094
17095
17096
17097
17098
17099
17100
17101
17102
17103
17104
17105
17106
17107
17108
17109
17110
17111
17112
17113
17114
17115
17116
17117
17118
17119
17120
17121
17122
17123
17124
17125
17126
17127
17128
17129
17130
17131
17132
17133
17134
17135
17136
17137
17138
17139
17140
17141
17142
17143
17144
17145
17146
17147
17148
17149
17150
17151
17152
17153
17154
17155
17156
17157
17158
17159
17160
17161
17162
17163
17164
17165
17166
17167
17168
17169
17170
17171
17172
17173
17174
17175
17176
17177
17178
17179
17180
17181
17182
17183
17184
17185
17186
17187
17188
17189
17190
17191
17192
17193
17194
17195
17196
17197
17198
17199
17200
17201
17202
17203
17204
17205
17206
17207
17208
17209
17210
17211
17212
17213
17214
17215
17216
17217
17218
17219
17220
17221
17222
17223
17224
17225
17226
17227
17228
17229
17230
17231
17232
17233
17234
17235
17236
17237
17238
17239
17240
17241
17242
17243
17244
17245
17246
17247
17248
17249
17250
17251
17252
17253
17254
17255
17256
17257
17258
17259
17260
17261
17262
17263
17264
17265
17266
17267
17268
17269
17270
17271
17272
17273
17274
17275
17276
17277
17278
17279
17280
17281
17282
17283
17284
17285
17286
17287
17288
17289
17290
17291
17292
17293
17294
17295
17296
17297
17298
17299
17300
17301
17302
17303
17304
17305
17306
17307
17308
17309
17310
17311
17312
17313
17314
17315
17316
17317
17318
17319
17320
17321
17322
17323
17324
17325
17326
17327
17328
17329
17330
17331
17332
17333
17334
17335
17336
17337
17338
17339
17340
17341
17342
17343
17344
17345
17346
17347
17348
17349
17350
17351
17352
17353
17354
17355
17356
17357
17358
17359
17360
17361
17362
17363
17364
17365
17366
17367
17368
17369
17370
17371
17372
17373
17374
17375
17376
17377
17378
17379
17380
17381
17382
17383
17384
17385
17386
17387
17388
17389
17390
17391
17392
17393
17394
17395
17396
17397
17398
17399
17400
17401
17402
17403
17404
17405
17406
17407
17408
17409
17410
17411
17412
17413
17414
17415
17416
17417
17418
17419
17420
17421
17422
17423
17424
17425
17426
17427
17428
17429
17430
17431
17432
17433
17434
17435
17436
17437
17438
17439
17440
17441
17442
17443
17444
17445
17446
17447
17448
17449
17450
17451
17452
17453
17454
17455
17456
17457
17458
17459
17460
17461
17462
17463
17464
17465
17466
17467
17468
17469
17470
17471
17472
17473
17474
17475
17476
17477
17478
17479
17480
17481
17482
17483
17484
17485
17486
17487
17488
17489
17490
17491
17492
17493
17494
17495
17496
17497
17498
17499
17500
17501
17502
17503
17504
17505
17506
17507
17508
17509
17510
17511
17512
17513
17514
17515
17516
17517
17518
17519
17520
17521
17522
17523
17524
17525
17526
17527
17528
17529
17530
17531
17532
17533
17534
17535
17536
17537
17538
17539
17540
17541
17542
17543
17544
17545
17546
17547
17548
17549
17550
17551
17552
17553
17554
17555
17556
17557
17558
17559
17560
17561
17562
17563
17564
17565
17566
17567
17568
17569
17570
17571
17572
17573
17574
17575
17576
17577
17578
17579
17580
17581
17582
17583
17584
17585
17586
17587
17588
17589
17590
17591
17592
17593
17594
17595
17596
17597
17598
17599
17600
17601
17602
17603
17604
17605
17606
17607
17608
17609
17610
17611
17612
17613
17614
17615
17616
17617
17618
17619
17620
17621
17622
17623
17624
17625
17626
17627
17628
17629
17630
17631
17632
17633
17634
17635
17636
17637
17638
17639
17640
17641
17642
17643
17644
17645
17646
17647
17648
17649
17650
17651
17652
17653
17654
17655
17656
17657
17658
17659
17660
17661
17662
17663
17664
17665
17666
17667
17668
17669
17670
17671
17672
17673
17674
17675
17676
17677
17678
17679
17680
17681
17682
17683
17684
17685
17686
17687
17688
17689
17690
17691
17692
17693
17694
17695
17696
17697
17698
17699
17700
17701
17702
17703
17704
17705
17706
17707
17708
17709
17710
17711
17712
17713
17714
17715
17716
17717
17718
17719
17720
17721
17722
17723
17724
17725
17726
17727
17728
17729
17730
17731
17732
17733
17734
17735
17736
17737
17738
17739
17740
17741
17742
17743
17744
17745
17746
17747
17748
17749
17750
17751
17752
17753
17754
17755
17756
17757
17758
17759
17760
17761
17762
17763
17764
17765
17766
17767
17768
17769
17770
17771
17772
17773
17774
17775
17776
17777
17778
17779
17780
17781
17782
17783
17784
17785
17786
17787
17788
17789
17790
17791
17792
17793
17794
17795
17796
17797
17798
17799
17800
17801
17802
17803
17804
17805
17806
17807
17808
17809
17810
17811
17812
17813
17814
17815
17816
17817
17818
17819
17820
17821
17822
17823
17824
17825
17826
17827
17828
17829
17830
17831
17832
17833
17834
17835
17836
17837
17838
17839
17840
17841
17842
17843
17844
17845
17846
17847
17848
17849
17850
17851
17852
17853
17854
17855
17856
17857
17858
17859
17860
17861
17862
17863
17864
17865
17866
17867
17868
17869
17870
17871
17872
17873
17874
17875
17876
17877
17878
17879
17880
17881
17882
17883
17884
17885
17886
17887
17888
17889
17890
17891
17892
17893
17894
17895
17896
17897
17898
17899
17900
17901
17902
17903
17904
17905
17906
17907
17908
17909
17910
17911
17912
17913
17914
17915
17916
17917
17918
17919
17920
17921
17922
17923
17924
17925
17926
17927
17928
17929
17930
17931
17932
17933
17934
17935
17936
17937
17938
17939
17940
17941
17942
17943
17944
17945
17946
17947
17948
17949
17950
17951
17952
17953
17954
17955
17956
17957
17958
17959
17960
17961
17962
17963
17964
17965
17966
17967
17968
17969
17970
17971
17972
17973
17974
17975
17976
17977
17978
17979
17980
17981
17982
17983
17984
17985
17986
17987
17988
17989
17990
17991
17992
17993
17994
17995
17996
17997
17998
17999
18000
18001
18002
18003
18004
18005
18006
18007
18008
18009
18010
18011
18012
18013
18014
18015
18016
18017
18018
18019
18020
18021
18022
18023
18024
18025
18026
18027
18028
18029
18030
18031
18032
18033
18034
18035
18036
18037
18038
18039
18040
18041
18042
18043
18044
18045
18046
18047
18048
18049
18050
18051
18052
18053
18054
18055
18056
18057
18058
18059
18060
18061
18062
18063
18064
18065
18066
18067
18068
18069
18070
18071
18072
18073
18074
18075
18076
18077
18078
18079
18080
18081
18082
18083
18084
18085
18086
18087
18088
18089
18090
18091
18092
18093
18094
18095
18096
18097
18098
18099
18100
18101
18102
18103
18104
18105
18106
18107
18108
18109
18110
18111
18112
18113
18114
18115
18116
18117
18118
18119
18120
18121
18122
18123
18124
18125
18126
18127
18128
18129
18130
18131
18132
18133
18134
18135
18136
18137
18138
18139
18140
18141
18142
18143
18144
18145
18146
18147
18148
18149
18150
18151
18152
18153
18154
18155
18156
18157
18158
18159
18160
18161
18162
18163
18164
18165
18166
18167
18168
18169
18170
18171
18172
18173
18174
18175
18176
18177
18178
18179
18180
18181
18182
18183
18184
18185
18186
18187
18188
18189
18190
18191
18192
18193
18194
18195
18196
18197
18198
18199
18200
18201
18202
18203
18204
18205
18206
18207
18208
18209
18210
18211
18212
18213
18214
18215
18216
18217
18218
18219
18220
18221
18222
18223
18224
18225
18226
18227
18228
18229
18230
18231
18232
18233
18234
18235
18236
18237
18238
18239
18240
18241
18242
18243
18244
18245
18246
18247
18248
18249
18250
18251
18252
18253
18254
18255
18256
18257
18258
18259
18260
18261
18262
18263
18264
18265
18266
18267
18268
18269
18270
18271
18272
18273
18274
18275
18276
18277
18278
18279
18280
18281
18282
18283
18284
18285
18286
18287
18288
18289
18290
18291
18292
18293
18294
18295
18296
18297
18298
18299
18300
18301
18302
18303
18304
18305
18306
18307
18308
18309
18310
18311
18312
18313
18314
18315
18316
18317
18318
18319
18320
18321
18322
18323
18324
18325
18326
18327
18328
18329
18330
18331
18332
18333
18334
18335
18336
18337
18338
18339
18340
18341
18342
18343
18344
18345
18346
18347
18348
18349
18350
18351
18352
18353
18354
18355
18356
18357
18358
18359
18360
18361
18362
18363
18364
18365
18366
18367
18368
18369
18370
18371
18372
18373
18374
18375
18376
18377
18378
18379
18380
18381
18382
18383
18384
18385
18386
18387
18388
18389
18390
18391
18392
18393
18394
18395
18396
18397
18398
18399
18400
18401
18402
18403
18404
18405
18406
18407
18408
18409
18410
18411
18412
18413
18414
18415
18416
18417
18418
18419
18420
18421
18422
18423
18424
18425
18426
18427
18428
18429
18430
18431
18432
18433
18434
18435
18436
18437
18438
18439
18440
18441
18442
18443
18444
18445
18446
18447
18448
18449
18450
18451
18452
18453
18454
18455
18456
18457
18458
18459
18460
18461
18462
18463
18464
18465
18466
18467
18468
18469
18470
18471
18472
18473
18474
18475
18476
18477
18478
18479
18480
18481
18482
18483
18484
18485
18486
18487
18488
18489
18490
18491
18492
18493
18494
18495
18496
18497
18498
18499
18500
18501
18502
18503
18504
18505
18506
18507
18508
18509
18510
18511
18512
18513
18514
18515
18516
18517
18518
18519
18520
18521
18522
18523
18524
18525
18526
18527
18528
18529
18530
18531
18532
18533
18534
18535
18536
18537
18538
18539
18540
18541
18542
18543
18544
18545
18546
18547
18548
18549
18550
18551
18552
18553
18554
18555
18556
18557
18558
18559
18560
18561
18562
18563
18564
18565
18566
18567
18568
18569
18570
18571
18572
18573
18574
18575
18576
18577
18578
18579
18580
18581
18582
18583
18584
18585
18586
18587
18588
18589
18590
18591
18592
18593
18594
18595
18596
18597
18598
18599
18600
18601
18602
18603
18604
18605
18606
18607
18608
18609
18610
18611
18612
18613
18614
18615
18616
18617
18618
18619
18620
18621
18622
18623
18624
18625
18626
18627
18628
18629
18630
18631
18632
18633
18634
18635
18636
18637
18638
18639
18640
18641
18642
18643
18644
18645
18646
18647
18648
18649
18650
18651
18652
18653
18654
18655
18656
18657
18658
18659
18660
18661
18662
18663
18664
18665
18666
18667
18668
18669
18670
18671
18672
18673
18674
18675
18676
18677
18678
18679
18680
18681
18682
18683
18684
18685
18686
18687
18688
18689
18690
18691
18692
18693
18694
18695
18696
18697
18698
18699
18700
18701
18702
18703
18704
18705
18706
18707
18708
18709
18710
18711
18712
18713
18714
18715
18716
18717
18718
18719
18720
18721
18722
18723
18724
18725
18726
18727
18728
18729
18730
18731
18732
18733
18734
18735
18736
18737
18738
18739
18740
18741
18742
18743
18744
18745
18746
18747
18748
18749
18750
18751
18752
18753
18754
18755
18756
18757
18758
18759
18760
18761
18762
18763
18764
18765
18766
18767
18768
18769
18770
18771
18772
18773
18774
18775
18776
18777
18778
18779
18780
18781
18782
18783
18784
18785
18786
18787
18788
18789
18790
18791
18792
18793
18794
18795
18796
18797
18798
18799
18800
18801
18802
18803
18804
18805
18806
18807
18808
18809
18810
18811
18812
18813
18814
18815
18816
18817
18818
18819
18820
18821
18822
18823
18824
18825
18826
18827
18828
18829
18830
18831
18832
18833
18834
18835
18836
18837
18838
18839
18840
18841
18842
18843
18844
18845
18846
18847
18848
18849
18850
18851
18852
18853
18854
18855
18856
18857
18858
18859
18860
18861
18862
18863
18864
18865
18866
18867
18868
18869
18870
18871
18872
18873
18874
18875
18876
18877
18878
18879
18880
18881
18882
18883
18884
18885
18886
18887
18888
18889
18890
18891
18892
18893
18894
18895
18896
18897
18898
18899
18900
18901
18902
18903
18904
18905
18906
18907
18908
18909
18910
18911
18912
18913
18914
18915
18916
18917
18918
18919
18920
18921
18922
18923
18924
18925
18926
18927
18928
18929
18930
18931
18932
18933
18934
18935
18936
18937
18938
18939
18940
18941
18942
18943
18944
18945
18946
18947
18948
18949
18950
18951
18952
18953
18954
18955
18956
18957
18958
18959
18960
18961
18962
18963
18964
18965
18966
18967
18968
18969
18970
18971
18972
18973
18974
18975
18976
18977
18978
18979
18980
18981
18982
18983
18984
18985
18986
18987
18988
18989
18990
18991
18992
18993
18994
18995
18996
18997
18998
18999
19000
19001
19002
19003
19004
19005
19006
19007
19008
19009
19010
19011
19012
19013
19014
19015
19016
19017
19018
19019
19020
19021
19022
19023
19024
19025
19026
19027
19028
19029
19030
19031
19032
19033
19034
19035
19036
19037
19038
19039
19040
19041
19042
19043
19044
19045
19046
19047
19048
19049
19050
19051
19052
19053
19054
19055
19056
19057
19058
19059
19060
19061
19062
19063
19064
19065
19066
19067
19068
19069
19070
19071
19072
19073
19074
19075
19076
19077
19078
19079
19080
19081
19082
19083
19084
19085
19086
19087
19088
19089
19090
19091
19092
19093
19094
19095
19096
19097
19098
19099
19100
19101
19102
19103
19104
19105
19106
19107
19108
19109
19110
19111
19112
19113
19114
19115
19116
19117
19118
19119
19120
19121
19122
19123
19124
19125
19126
19127
19128
19129
19130
19131
19132
19133
19134
19135
19136
19137
19138
19139
19140
19141
19142
19143
19144
19145
19146
19147
19148
19149
19150
19151
19152
19153
19154
19155
19156
19157
19158
19159
19160
19161
19162
19163
19164
19165
19166
19167
19168
19169
19170
19171
19172
19173
19174
19175
19176
19177
19178
19179
19180
19181
19182
19183
19184
19185
19186
19187
19188
19189
19190
19191
19192
19193
19194
19195
19196
19197
19198
19199
19200
19201
19202
19203
19204
19205
19206
19207
19208
19209
19210
19211
19212
19213
19214
19215
19216
19217
19218
19219
19220
19221
19222
19223
19224
19225
19226
19227
19228
19229
19230
19231
19232
19233
19234
19235
19236
19237
19238
19239
19240
19241
19242
19243
19244
19245
19246
19247
19248
19249
19250
19251
19252
19253
19254
19255
19256
19257
19258
19259
19260
19261
19262
19263
19264
19265
19266
19267
19268
19269
19270
19271
19272
19273
19274
19275
19276
19277
19278
19279
19280
19281
19282
19283
19284
19285
19286
19287
19288
19289
19290
19291
19292
19293
19294
19295
19296
19297
19298
19299
19300
19301
19302
19303
19304
19305
19306
19307
19308
19309
19310
19311
19312
19313
19314
19315
19316
19317
19318
19319
19320
19321
19322
19323
19324
19325
19326
19327
19328
19329
19330
19331
19332
19333
19334
19335
19336
19337
19338
19339
19340
19341
19342
19343
19344
19345
19346
19347
19348
19349
19350
19351
19352
19353
19354
19355
19356
19357
19358
19359
19360
19361
19362
19363
19364
19365
19366
19367
19368
19369
19370
19371
19372
19373
19374
19375
19376
19377
19378
19379
19380
19381
19382
19383
19384
19385
19386
19387
19388
19389
19390
19391
19392
19393
19394
19395
19396
19397
19398
19399
19400
19401
19402
19403
19404
19405
19406
19407
19408
19409
19410
19411
19412
19413
19414
19415
19416
19417
19418
19419
19420
19421
19422
19423
19424
19425
19426
19427
19428
19429
19430
19431
19432
19433
19434
19435
19436
19437
19438
19439
19440
19441
19442
19443
19444
19445
19446
19447
19448
19449
19450
19451
19452
19453
19454
19455
19456
19457
19458
19459
19460
19461
19462
19463
19464
19465
19466
19467
19468
19469
19470
19471
19472
19473
19474
19475
19476
19477
19478
19479
19480
19481
19482
19483
19484
19485
19486
19487
19488
19489
19490
19491
19492
19493
19494
19495
19496
19497
19498
19499
19500
19501
19502
19503
19504
19505
19506
19507
19508
19509
19510
19511
19512
19513
19514
19515
19516
19517
19518
19519
19520
19521
19522
19523
19524
19525
19526
19527
19528
19529
19530
19531
19532
19533
19534
19535
19536
19537
19538
19539
19540
19541
19542
19543
19544
19545
19546
19547
19548
19549
19550
19551
19552
19553
19554
19555
19556
19557
19558
19559
19560
19561
19562
19563
19564
19565
19566
19567
19568
19569
19570
19571
19572
19573
19574
19575
19576
19577
19578
19579
19580
19581
19582
19583
19584
19585
19586
19587
19588
19589
19590
19591
19592
19593
19594
19595
19596
19597
19598
19599
19600
19601
19602
19603
19604
19605
19606
19607
19608
19609
19610
19611
19612
19613
19614
19615
19616
19617
19618
19619
19620
19621
19622
19623
19624
19625
19626
19627
19628
19629
19630
19631
19632
19633
19634
19635
19636
19637
19638
19639
19640
19641
19642
19643
19644
19645
19646
19647
19648
19649
19650
19651
19652
19653
19654
19655
19656
19657
19658
19659
19660
19661
19662
19663
19664
19665
19666
19667
19668
19669
19670
19671
19672
19673
19674
19675
19676
19677
19678
19679
19680
19681
19682
19683
19684
19685
19686
19687
19688
19689
19690
19691
19692
19693
19694
19695
19696
19697
19698
19699
19700
19701
19702
19703
19704
19705
19706
19707
19708
19709
19710
19711
19712
19713
19714
19715
19716
19717
19718
19719
19720
19721
19722
19723
19724
19725
19726
19727
19728
19729
19730
19731
19732
19733
19734
19735
19736
19737
19738
19739
19740
19741
19742
19743
19744
19745
19746
19747
19748
19749
19750
19751
19752
19753
19754
19755
19756
19757
19758
19759
19760
19761
19762
19763
19764
19765
19766
19767
19768
19769
19770
19771
19772
19773
19774
19775
19776
19777
19778
19779
19780
19781
19782
19783
19784
19785
19786
19787
19788
19789
19790
19791
19792
19793
19794
19795
19796
19797
19798
19799
19800
19801
19802
19803
19804
19805
19806
19807
19808
19809
19810
19811
19812
19813
19814
19815
19816
19817
19818
19819
19820
19821
19822
19823
19824
19825
19826
19827
19828
19829
19830
19831
19832
19833
19834
19835
19836
19837
19838
19839
19840
19841
19842
19843
19844
19845
19846
19847
19848
19849
19850
19851
19852
19853
19854
19855
19856
19857
19858
19859
19860
19861
19862
19863
19864
19865
19866
19867
19868
19869
19870
19871
19872
19873
19874
19875
19876
19877
19878
19879
19880
19881
19882
19883
19884
19885
19886
19887
19888
19889
19890
19891
19892
19893
19894
19895
19896
19897
19898
19899
19900
19901
19902
19903
19904
19905
19906
19907
19908
19909
19910
19911
19912
19913
19914
19915
19916
19917
19918
19919
19920
19921
19922
19923
19924
19925
19926
19927
19928
19929
19930
19931
19932
19933
19934
19935
19936
19937
19938
19939
19940
19941
19942
19943
19944
19945
19946
19947
19948
19949
19950
19951
19952
19953
19954
19955
19956
19957
19958
19959
19960
19961
19962
19963
19964
19965
19966
19967
19968
19969
19970
19971
19972
19973
19974
19975
19976
19977
19978
19979
19980
19981
19982
19983
19984
19985
19986
19987
19988
19989
19990
19991
19992
19993
19994
19995
19996
19997
19998
19999
20000
20001
20002
20003
20004
20005
20006
20007
20008
20009
20010
20011
20012
20013
20014
20015
20016
20017
20018
20019
20020
20021
20022
20023
20024
20025
20026
20027
20028
20029
20030
20031
20032
20033
20034
20035
20036
20037
20038
20039
20040
20041
20042
20043
20044
20045
20046
20047
20048
20049
20050
20051
20052
20053
20054
20055
20056
20057
20058
20059
20060
20061
20062
20063
20064
20065
20066
20067
20068
20069
20070
20071
20072
20073
20074
20075
20076
20077
20078
20079
20080
20081
20082
20083
20084
20085
20086
20087
20088
20089
20090
20091
20092
20093
20094
20095
20096
20097
20098
20099
20100
20101
20102
20103
20104
20105
20106
20107
20108
20109
20110
20111
20112
20113
20114
20115
20116
20117
20118
20119
20120
20121
20122
20123
20124
20125
20126
20127
20128
20129
20130
20131
20132
20133
20134
20135
20136
20137
20138
20139
20140
20141
20142
20143
20144
20145
20146
20147
20148
20149
20150
20151
20152
20153
20154
20155
20156
20157
20158
20159
20160
20161
20162
20163
20164
20165
20166
20167
20168
20169
20170
20171
20172
20173
20174
20175
20176
20177
20178
20179
20180
20181
20182
20183
20184
20185
20186
20187
20188
20189
20190
20191
20192
20193
20194
20195
20196
20197
20198
20199
20200
20201
20202
20203
20204
20205
20206
20207
20208
20209
20210
20211
20212
20213
20214
20215
20216
20217
20218
20219
20220
20221
20222
20223
20224
20225
20226
20227
20228
20229
20230
20231
20232
20233
20234
20235
20236
20237
20238
20239
20240
20241
20242
20243
20244
20245
20246
20247
20248
20249
20250
20251
20252
20253
20254
20255
20256
20257
20258
20259
20260
20261
20262
20263
20264
20265
20266
20267
20268
20269
20270
20271
20272
20273
20274
20275
20276
20277
20278
20279
20280
20281
20282
20283
20284
20285
20286
20287
20288
20289
20290
20291
20292
20293
20294
20295
20296
20297
20298
20299
20300
20301
20302
20303
20304
20305
20306
20307
20308
20309
20310
20311
20312
20313
20314
20315
20316
20317
20318
20319
20320
20321
20322
20323
20324
20325
20326
20327
20328
20329
20330
20331
20332
20333
20334
20335
20336
20337
20338
20339
20340
20341
20342
20343
20344
20345
20346
20347
20348
20349
20350
20351
20352
20353
20354
20355
20356
20357
20358
20359
20360
20361
20362
20363
20364
20365
20366
20367
20368
20369
20370
20371
20372
20373
20374
20375
20376
20377
20378
20379
20380
20381
20382
20383
20384
20385
20386
20387
20388
20389
20390
20391
20392
20393
20394
20395
20396
20397
20398
20399
20400
20401
20402
20403
20404
20405
20406
20407
20408
20409
20410
20411
20412
20413
20414
20415
20416
20417
20418
20419
20420
20421
20422
20423
20424
20425
20426
20427
20428
20429
20430
20431
20432
20433
20434
20435
20436
20437
20438
20439
20440
20441
20442
20443
20444
20445
20446
20447
20448
20449
20450
20451
20452
20453
20454
20455
20456
20457
20458
20459
20460
20461
20462
20463
20464
20465
20466
20467
20468
20469
20470
20471
20472
20473
20474
20475
20476
20477
20478
20479
20480
20481
20482
20483
20484
20485
20486
20487
20488
20489
20490
20491
20492
20493
20494
20495
20496
20497
20498
20499
20500
20501
20502
20503
20504
20505
20506
20507
20508
20509
20510
20511
20512
20513
20514
20515
20516
20517
20518
20519
20520
20521
20522
20523
20524
20525
20526
20527
20528
20529
20530
20531
20532
20533
20534
20535
20536
20537
20538
20539
20540
20541
20542
20543
20544
20545
20546
20547
20548
20549
20550
20551
20552
20553
20554
20555
20556
20557
20558
20559
20560
20561
20562
20563
20564
20565
20566
20567
20568
20569
20570
20571
20572
20573
20574
20575
20576
20577
20578
20579
20580
20581
20582
20583
20584
20585
20586
20587
20588
20589
20590
20591
20592
20593
20594
20595
20596
20597
20598
20599
20600
20601
20602
20603
20604
20605
20606
20607
20608
20609
20610
20611
20612
20613
20614
20615
20616
20617
20618
20619
20620
20621
20622
20623
20624
20625
20626
20627
20628
20629
20630
20631
20632
20633
20634
20635
20636
20637
20638
20639
20640
20641
20642
20643
20644
20645
20646
20647
20648
20649
20650
20651
20652
20653
20654
20655
20656
20657
20658
20659
20660
20661
20662
20663
20664
20665
20666
20667
20668
20669
20670
20671
20672
20673
20674
20675
20676
20677
20678
20679
20680
20681
20682
20683
20684
20685
20686
20687
20688
20689
20690
20691
20692
20693
20694
20695
20696
20697
20698
20699
20700
20701
20702
20703
20704
20705
20706
20707
20708
20709
20710
20711
20712
20713
20714
20715
20716
20717
20718
20719
20720
20721
20722
20723
20724
20725
20726
20727
20728
20729
20730
20731
20732
20733
20734
20735
20736
20737
20738
20739
20740
20741
20742
20743
20744
20745
20746
20747
20748
20749
20750
20751
20752
20753
20754
20755
20756
20757
20758
20759
20760
20761
20762
20763
20764
20765
20766
20767
20768
20769
20770
20771
20772
20773
20774
20775
20776
20777
20778
20779
20780
20781
20782
20783
20784
20785
20786
20787
20788
20789
20790
20791
20792
20793
20794
20795
20796
20797
20798
20799
20800
20801
20802
20803
20804
20805
20806
20807
20808
20809
20810
20811
20812
20813
20814
20815
20816
20817
20818
20819
20820
20821
20822
20823
20824
20825
20826
20827
20828
20829
20830
20831
20832
20833
20834
20835
20836
20837
20838
20839
20840
20841
20842
20843
20844
20845
20846
20847
20848
20849
20850
20851
20852
20853
20854
20855
20856
20857
20858
20859
20860
20861
20862
20863
20864
20865
20866
20867
20868
20869
20870
20871
20872
20873
20874
20875
20876
20877
20878
20879
20880
20881
20882
20883
20884
20885
20886
20887
20888
20889
20890
20891
20892
20893
20894
20895
20896
20897
20898
20899
20900
20901
20902
20903
20904
20905
20906
20907
20908
20909
20910
20911
20912
20913
20914
20915
20916
20917
20918
20919
20920
20921
20922
20923
20924
20925
20926
20927
20928
20929
20930
20931
20932
20933
20934
20935
20936
20937
20938
20939
20940
20941
20942
20943
20944
20945
20946
20947
20948
20949
20950
20951
20952
20953
20954
20955
20956
20957
20958
20959
20960
20961
20962
20963
20964
20965
20966
20967
20968
20969
20970
20971
20972
20973
20974
20975
20976
20977
20978
20979
20980
20981
20982
20983
20984
20985
20986
20987
20988
20989
20990
20991
20992
20993
20994
20995
20996
20997
20998
20999
21000
21001
21002
21003
21004
21005
21006
21007
21008
21009
21010
21011
21012
21013
21014
21015
21016
21017
21018
21019
21020
21021
21022
21023
21024
21025
21026
21027
21028
21029
21030
21031
21032
21033
21034
21035
21036
21037
21038
21039
21040
21041
21042
21043
21044
21045
21046
21047
21048
21049
21050
21051
21052
21053
21054
21055
21056
21057
21058
21059
21060
21061
21062
21063
21064
21065
21066
21067
21068
21069
21070
21071
21072
21073
21074
21075
21076
21077
21078
21079
21080
21081
21082
21083
21084
21085
21086
21087
21088
21089
21090
21091
21092
21093
21094
21095
21096
21097
21098
21099
21100
21101
21102
21103
21104
21105
21106
21107
21108
21109
21110
21111
21112
21113
21114
21115
21116
21117
21118
21119
21120
21121
21122
21123
21124
21125
21126
21127
21128
21129
21130
21131
21132
21133
21134
21135
21136
21137
21138
21139
21140
21141
21142
21143
21144
21145
21146
21147
21148
21149
21150
21151
21152
21153
21154
21155
21156
21157
21158
21159
21160
21161
21162
21163
21164
21165
21166
21167
21168
21169
21170
21171
21172
21173
21174
21175
21176
21177
21178
21179
21180
21181
21182
21183
21184
21185
21186
21187
21188
21189
21190
21191
21192
21193
21194
21195
21196
21197
21198
21199
21200
21201
21202
21203
21204
21205
21206
21207
21208
21209
21210
21211
21212
21213
21214
21215
21216
21217
21218
21219
21220
21221
21222
21223
21224
21225
21226
21227
21228
21229
21230
21231
21232
21233
21234
21235
21236
21237
21238
21239
21240
21241
21242
21243
21244
21245
21246
21247
21248
21249
21250
21251
21252
21253
21254
21255
21256
21257
21258
21259
21260
21261
21262
21263
21264
21265
21266
21267
21268
21269
21270
21271
21272
21273
21274
21275
21276
21277
21278
21279
21280
21281
21282
21283
21284
21285
21286
21287
21288
21289
21290
21291
21292
21293
21294
21295
21296
21297
21298
21299
21300
21301
21302
21303
21304
21305
21306
21307
21308
21309
21310
21311
21312
21313
21314
21315
21316
21317
21318
21319
21320
21321
21322
21323
21324
21325
21326
21327
21328
21329
21330
21331
21332
21333
21334
21335
21336
21337
21338
21339
21340
21341
21342
21343
21344
21345
21346
21347
21348
21349
21350
21351
21352
21353
21354
21355
21356
21357
21358
21359
21360
21361
21362
21363
21364
21365
21366
21367
21368
21369
21370
21371
21372
21373
21374
21375
21376
21377
21378
21379
21380
21381
21382
21383
21384
21385
21386
21387
21388
21389
21390
21391
21392
21393
21394
21395
21396
21397
21398
21399
21400
21401
21402
21403
21404
21405
21406
21407
21408
21409
21410
21411
21412
21413
21414
21415
21416
21417
21418
21419
21420
21421
21422
21423
21424
21425
21426
21427
21428
21429
21430
21431
21432
21433
21434
21435
21436
21437
21438
21439
21440
21441
21442
21443
21444
21445
21446
21447
21448
21449
21450
21451
21452
21453
21454
21455
21456
21457
21458
21459
21460
21461
21462
21463
21464
21465
21466
21467
21468
21469
21470
21471
21472
21473
21474
21475
21476
21477
21478
21479
21480
21481
21482
21483
21484
21485
21486
21487
21488
21489
21490
21491
21492
21493
21494
21495
21496
21497
21498
21499
21500
21501
21502
21503
21504
21505
21506
21507
21508
21509
21510
21511
21512
21513
21514
21515
21516
21517
21518
21519
21520
21521
21522
21523
21524
21525
21526
21527
21528
21529
21530
21531
21532
21533
21534
21535
21536
21537
21538
21539
21540
21541
21542
21543
21544
21545
21546
21547
21548
21549
21550
21551
21552
21553
21554
21555
21556
21557
21558
21559
21560
21561
21562
21563
21564
21565
21566
21567
21568
21569
21570
21571
21572
21573
21574
21575
21576
21577
21578
21579
21580
21581
21582
21583
21584
21585
21586
21587
21588
21589
21590
21591
21592
21593
21594
21595
21596
21597
21598
21599
21600
21601
21602
21603
21604
21605
21606
21607
21608
21609
21610
21611
21612
21613
21614
21615
21616
21617
21618
21619
21620
21621
21622
21623
21624
21625
21626
21627
21628
21629
21630
21631
21632
21633
21634
21635
21636
21637
21638
21639
21640
21641
21642
21643
21644
21645
21646
21647
21648
21649
21650
21651
21652
21653
21654
21655
21656
21657
21658
21659
21660
21661
21662
21663
21664
21665
21666
21667
21668
21669
21670
21671
21672
21673
21674
21675
21676
21677
21678
21679
21680
21681
21682
21683
21684
21685
21686
21687
21688
21689
21690
21691
21692
21693
21694
21695
21696
21697
21698
21699
21700
21701
21702
21703
21704
21705
21706
21707
21708
21709
21710
21711
21712
21713
21714
21715
21716
21717
21718
21719
21720
21721
21722
21723
21724
21725
21726
21727
21728
21729
21730
21731
21732
21733
21734
21735
21736
21737
21738
21739
21740
21741
21742
21743
21744
21745
21746
21747
21748
21749
21750
21751
21752
21753
21754
21755
21756
21757
21758
21759
21760
21761
21762
21763
21764
21765
21766
21767
21768
21769
21770
21771
21772
21773
21774
21775
21776
21777
21778
21779
21780
21781
21782
21783
21784
21785
21786
21787
21788
21789
21790
21791
21792
21793
21794
21795
21796
21797
21798
21799
21800
21801
21802
21803
21804
21805
21806
21807
21808
21809
21810
21811
21812
21813
21814
21815
21816
21817
21818
21819
21820
21821
21822
21823
21824
21825
21826
21827
21828
21829
21830
21831
21832
21833
21834
21835
21836
21837
21838
21839
21840
21841
21842
21843
21844
21845
21846
21847
21848
21849
21850
21851
21852
21853
21854
21855
21856
21857
21858
21859
21860
21861
21862
21863
21864
21865
21866
21867
21868
21869
21870
21871
21872
21873
21874
21875
21876
21877
21878
21879
21880
21881
21882
21883
21884
21885
21886
21887
21888
21889
21890
21891
21892
21893
21894
21895
21896
21897
21898
21899
21900
21901
21902
21903
21904
21905
21906
21907
21908
21909
21910
21911
21912
21913
21914
21915
21916
21917
21918
21919
21920
21921
21922
21923
21924
21925
21926
21927
21928
21929
21930
21931
21932
21933
21934
21935
21936
21937
21938
21939
21940
21941
21942
21943
21944
21945
21946
21947
21948
21949
21950
21951
21952
21953
21954
21955
21956
21957
21958
21959
21960
21961
21962
21963
21964
21965
21966
21967
21968
21969
21970
21971
21972
21973
21974
21975
21976
21977
21978
21979
21980
21981
21982
21983
21984
21985
21986
21987
21988
21989
21990
21991
21992
21993
21994
21995
21996
21997
21998
21999
22000
22001
22002
22003
22004
22005
22006
22007
22008
22009
22010
22011
22012
22013
22014
22015
22016
22017
22018
22019
22020
22021
22022
22023
22024
22025
22026
22027
22028
22029
22030
22031
22032
22033
22034
22035
22036
22037
22038
22039
22040
22041
22042
22043
22044
22045
22046
22047
22048
22049
22050
22051
22052
22053
22054
22055
22056
22057
22058
22059
22060
22061
22062
22063
22064
22065
22066
22067
22068
22069
22070
22071
22072
22073
22074
22075
22076
22077
22078
22079
22080
22081
22082
22083
22084
22085
22086
22087
22088
22089
22090
22091
22092
22093
22094
22095
22096
22097
22098
22099
22100
22101
22102
22103
22104
22105
22106
22107
22108
22109
22110
22111
22112
22113
22114
22115
22116
22117
22118
22119
22120
22121
22122
22123
22124
22125
22126
22127
22128
22129
22130
22131
22132
22133
22134
22135
22136
22137
22138
22139
22140
22141
22142
22143
22144
22145
22146
22147
22148
22149
22150
22151
22152
22153
22154
22155
22156
22157
22158
22159
22160
22161
22162
22163
22164
22165
22166
22167
22168
22169
22170
22171
22172
22173
22174
22175
22176
22177
22178
22179
22180
22181
22182
22183
22184
22185
22186
22187
22188
22189
22190
22191
22192
22193
22194
22195
22196
22197
22198
22199
22200
22201
22202
22203
22204
22205
22206
22207
22208
22209
22210
22211
22212
22213
22214
22215
22216
22217
22218
22219
22220
22221
22222
22223
22224
22225
22226
22227
22228
22229
22230
22231
22232
22233
22234
22235
22236
22237
22238
22239
22240
22241
22242
22243
22244
22245
22246
22247
22248
22249
22250
22251
22252
22253
22254
22255
22256
22257
22258
22259
22260
22261
22262
22263
22264
22265
22266
22267
22268
22269
22270
22271
22272
22273
22274
22275
22276
22277
22278
22279
22280
22281
22282
22283
22284
22285
22286
22287
22288
22289
22290
22291
22292
22293
22294
22295
22296
22297
22298
22299
22300
22301
22302
22303
22304
22305
22306
22307
22308
22309
22310
22311
22312
22313
22314
22315
22316
22317
22318
22319
22320
22321
22322
22323
22324
22325
22326
22327
22328
22329
22330
22331
22332
22333
22334
22335
22336
22337
22338
22339
22340
22341
22342
22343
22344
22345
22346
22347
22348
22349
22350
22351
22352
22353
22354
22355
22356
22357
22358
22359
22360
22361
22362
22363
22364
22365
22366
22367
22368
22369
22370
22371
22372
22373
22374
22375
22376
22377
22378
22379
22380
22381
22382
22383
22384
22385
22386
22387
22388
22389
22390
22391
22392
22393
22394
22395
22396
22397
22398
22399
22400
22401
22402
22403
22404
22405
22406
22407
22408
22409
22410
22411
22412
22413
22414
22415
22416
22417
22418
22419
22420
22421
22422
22423
22424
22425
22426
22427
22428
22429
22430
22431
22432
22433
22434
22435
22436
22437
22438
22439
22440
22441
22442
22443
22444
22445
22446
22447
22448
22449
22450
22451
22452
22453
22454
22455
22456
22457
22458
22459
22460
22461
22462
22463
22464
22465
22466
22467
22468
22469
22470
22471
22472
22473
22474
22475
22476
22477
22478
22479
22480
22481
22482
22483
22484
22485
22486
22487
22488
22489
22490
22491
22492
22493
22494
22495
22496
22497
22498
22499
22500
22501
22502
22503
22504
22505
22506
22507
22508
22509
22510
22511
22512
22513
22514
22515
22516
22517
22518
22519
22520
22521
22522
22523
22524
22525
22526
22527
22528
22529
22530
22531
22532
22533
22534
22535
22536
22537
22538
22539
22540
22541
22542
22543
22544
22545
22546
22547
22548
22549
22550
22551
22552
22553
22554
22555
22556
22557
22558
22559
22560
22561
22562
22563
22564
22565
22566
22567
22568
22569
22570
22571
22572
22573
22574
22575
22576
22577
22578
22579
22580
22581
22582
22583
22584
22585
22586
22587
22588
22589
22590
22591
22592
22593
22594
22595
22596
22597
22598
22599
22600
22601
22602
22603
22604
22605
22606
22607
22608
22609
22610
22611
22612
22613
22614
22615
22616
22617
22618
22619
22620
22621
22622
22623
22624
22625
22626
22627
22628
22629
22630
22631
22632
22633
22634
22635
22636
22637
22638
22639
22640
22641
22642
22643
22644
22645
22646
22647
22648
22649
22650
22651
22652
22653
22654
22655
22656
22657
22658
22659
22660
22661
22662
22663
22664
22665
22666
22667
22668
22669
22670
22671
22672
22673
22674
22675
22676
22677
22678
22679
22680
22681
22682
22683
22684
22685
22686
22687
22688
22689
22690
22691
22692
22693
22694
22695
22696
22697
22698
22699
22700
22701
22702
22703
22704
22705
22706
22707
22708
22709
22710
22711
22712
22713
22714
22715
22716
22717
22718
22719
22720
22721
22722
22723
22724
22725
22726
22727
22728
22729
22730
22731
22732
22733
22734
22735
22736
22737
22738
22739
22740
22741
22742
22743
22744
22745
22746
22747
22748
22749
22750
22751
22752
22753
22754
22755
22756
22757
22758
22759
22760
22761
22762
22763
22764
22765
22766
22767
22768
22769
22770
22771
22772
22773
22774
22775
22776
22777
22778
22779
22780
22781
22782
22783
22784
22785
22786
22787
22788
22789
22790
22791
22792
22793
22794
22795
22796
22797
22798
22799
22800
22801
22802
22803
22804
22805
22806
22807
22808
22809
22810
22811
22812
22813
22814
22815
22816
22817
22818
22819
22820
22821
22822
22823
22824
22825
22826
22827
22828
22829
22830
22831
22832
22833
22834
22835
22836
22837
22838
22839
22840
22841
22842
22843
22844
22845
22846
22847
22848
22849
22850
22851
22852
22853
22854
22855
22856
22857
22858
22859
22860
22861
22862
22863
22864
22865
22866
22867
22868
22869
22870
22871
22872
22873
22874
22875
22876
22877
22878
22879
22880
22881
22882
22883
22884
22885
22886
22887
22888
22889
22890
22891
22892
22893
22894
22895
22896
22897
22898
22899
22900
22901
22902
22903
22904
22905
22906
22907
22908
22909
22910
22911
22912
22913
22914
22915
22916
22917
22918
22919
22920
22921
22922
22923
22924
22925
22926
22927
22928
22929
22930
22931
22932
22933
22934
22935
22936
22937
22938
22939
22940
22941
22942
22943
22944
22945
22946
22947
22948
22949
22950
22951
22952
22953
22954
22955
22956
22957
22958
22959
22960
22961
22962
22963
22964
22965
22966
22967
22968
22969
22970
22971
22972
22973
22974
22975
22976
22977
22978
22979
22980
22981
22982
22983
22984
22985
22986
22987
22988
22989
22990
22991
22992
22993
22994
22995
22996
22997
22998
22999
23000
23001
23002
23003
23004
23005
23006
23007
23008
23009
23010
23011
23012
23013
23014
23015
23016
23017
23018
23019
23020
23021
23022
23023
23024
23025
23026
23027
23028
23029
23030
23031
23032
23033
23034
23035
23036
23037
23038
23039
23040
23041
23042
23043
23044
23045
23046
23047
23048
23049
23050
23051
23052
23053
23054
23055
23056
23057
23058
23059
23060
23061
23062
23063
23064
23065
23066
23067
23068
23069
23070
23071
23072
23073
23074
23075
23076
23077
23078
23079
23080
23081
23082
23083
23084
23085
23086
23087
23088
23089
23090
23091
23092
23093
23094
23095
23096
23097
23098
23099
23100
23101
23102
23103
23104
23105
23106
23107
23108
23109
23110
23111
23112
23113
23114
23115
23116
23117
23118
23119
23120
23121
23122
23123
23124
23125
23126
23127
23128
23129
23130
23131
23132
23133
23134
23135
23136
23137
23138
23139
23140
23141
23142
23143
23144
23145
23146
23147
23148
23149
23150
23151
23152
23153
23154
23155
23156
23157
23158
23159
23160
23161
23162
23163
23164
23165
23166
23167
23168
23169
23170
23171
23172
23173
23174
23175
23176
23177
23178
23179
23180
23181
23182
23183
23184
23185
23186
23187
23188
23189
23190
23191
23192
23193
23194
23195
23196
23197
23198
23199
23200
23201
23202
23203
23204
23205
23206
23207
23208
23209
23210
23211
23212
23213
23214
23215
23216
23217
23218
23219
23220
23221
23222
23223
23224
23225
23226
23227
23228
23229
23230
23231
23232
23233
23234
23235
23236
23237
23238
23239
23240
23241
23242
23243
23244
23245
23246
23247
23248
23249
23250
23251
23252
23253
23254
23255
23256
23257
23258
23259
23260
23261
23262
23263
23264
23265
23266
23267
23268
23269
23270
23271
23272
23273
23274
23275
23276
23277
23278
23279
23280
23281
23282
23283
23284
23285
23286
23287
23288
23289
23290
23291
23292
23293
23294
23295
23296
23297
23298
23299
23300
23301
23302
23303
23304
23305
23306
23307
23308
23309
23310
23311
23312
23313
23314
23315
23316
23317
23318
23319
23320
23321
23322
23323
23324
23325
23326
23327
23328
23329
23330
23331
23332
23333
23334
23335
23336
23337
23338
23339
23340
23341
23342
23343
23344
23345
23346
23347
23348
23349
23350
23351
23352
23353
23354
23355
23356
23357
23358
23359
23360
23361
23362
23363
23364
23365
23366
23367
23368
23369
23370
23371
23372
23373
23374
23375
23376
23377
23378
23379
23380
23381
23382
23383
23384
23385
23386
23387
23388
23389
23390
23391
23392
23393
23394
23395
23396
23397
23398
23399
23400
23401
23402
23403
23404
23405
23406
23407
23408
23409
23410
23411
23412
23413
23414
23415
23416
23417
23418
23419
23420
23421
23422
23423
23424
23425
23426
23427
23428
23429
23430
23431
23432
23433
23434
23435
23436
23437
23438
23439
23440
23441
23442
23443
23444
23445
23446
23447
23448
23449
23450
23451
23452
23453
23454
23455
23456
23457
23458
23459
23460
23461
23462
23463
23464
23465
23466
23467
23468
23469
23470
23471
23472
23473
23474
23475
23476
23477
23478
23479
23480
23481
23482
23483
23484
23485
23486
23487
23488
23489
23490
23491
23492
23493
23494
23495
23496
23497
23498
23499
23500
23501
23502
23503
23504
23505
23506
23507
23508
23509
23510
23511
23512
23513
23514
23515
23516
23517
23518
23519
23520
23521
23522
23523
23524
23525
23526
23527
23528
23529
23530
23531
23532
23533
23534
23535
23536
23537
23538
23539
23540
23541
23542
23543
23544
23545
23546
23547
23548
23549
23550
23551
23552
23553
23554
23555
23556
23557
23558
23559
23560
23561
23562
23563
23564
23565
23566
23567
23568
23569
23570
23571
23572
23573
23574
23575
23576
23577
23578
23579
23580
23581
23582
23583
23584
23585
23586
23587
23588
23589
23590
23591
23592
23593
23594
23595
23596
23597
23598
23599
23600
23601
23602
23603
23604
23605
23606
23607
23608
23609
23610
23611
23612
23613
23614
23615
23616
23617
23618
23619
23620
23621
23622
23623
23624
23625
23626
23627
23628
23629
23630
23631
23632
23633
23634
23635
23636
23637
23638
23639
23640
23641
23642
23643
23644
23645
23646
23647
23648
23649
23650
23651
23652
23653
23654
23655
23656
23657
23658
23659
23660
23661
23662
23663
23664
23665
23666
23667
23668
23669
23670
23671
23672
23673
23674
23675
23676
23677
23678
23679
23680
23681
23682
23683
23684
23685
23686
23687
23688
23689
23690
23691
23692
23693
23694
23695
23696
23697
23698
23699
23700
23701
23702
23703
23704
23705
23706
23707
23708
23709
23710
23711
23712
23713
23714
23715
23716
23717
23718
23719
23720
23721
23722
23723
23724
23725
23726
23727
23728
23729
23730
23731
23732
23733
23734
23735
23736
23737
23738
23739
23740
23741
23742
23743
23744
23745
23746
23747
23748
23749
23750
23751
23752
23753
23754
23755
23756
23757
23758
23759
23760
23761
23762
23763
23764
23765
23766
23767
23768
23769
23770
23771
23772
23773
23774
23775
23776
23777
23778
23779
23780
23781
23782
23783
23784
23785
23786
23787
23788
23789
23790
23791
23792
23793
23794
23795
23796
23797
23798
23799
23800
23801
23802
23803
23804
23805
23806
23807
23808
23809
23810
23811
23812
23813
23814
23815
23816
23817
23818
23819
23820
23821
23822
23823
23824
23825
23826
23827
23828
23829
23830
23831
23832
23833
23834
23835
23836
23837
23838
23839
23840
23841
23842
23843
23844
23845
23846
23847
23848
23849
23850
23851
23852
23853
23854
23855
23856
23857
23858
23859
23860
23861
23862
23863
23864
23865
23866
23867
23868
23869
23870
23871
23872
23873
23874
23875
23876
23877
23878
23879
23880
23881
23882
23883
23884
23885
23886
23887
23888
23889
23890
23891
23892
23893
23894
23895
23896
23897
23898
23899
23900
23901
23902
23903
23904
23905
23906
23907
23908
23909
23910
23911
23912
23913
23914
23915
23916
23917
23918
23919
23920
23921
23922
23923
23924
23925
23926
23927
23928
23929
23930
23931
23932
23933
23934
23935
23936
23937
23938
23939
23940
23941
23942
23943
23944
23945
23946
23947
23948
23949
23950
23951
23952
23953
23954
23955
23956
23957
23958
23959
23960
23961
23962
23963
23964
23965
23966
23967
23968
23969
23970
23971
23972
23973
23974
23975
23976
23977
23978
23979
23980
23981
23982
23983
23984
23985
23986
23987
23988
23989
23990
23991
23992
23993
23994
23995
23996
23997
23998
23999
24000
24001
24002
24003
24004
24005
24006
24007
24008
24009
24010
24011
24012
24013
24014
24015
24016
24017
24018
24019
24020
24021
24022
24023
24024
24025
24026
24027
24028
24029
24030
24031
24032
24033
24034
24035
24036
24037
24038
24039
24040
24041
24042
24043
24044
24045
24046
24047
24048
24049
24050
24051
24052
24053
24054
24055
24056
24057
24058
24059
24060
24061
24062
24063
24064
24065
24066
24067
24068
24069
24070
24071
24072
24073
24074
24075
24076
24077
24078
24079
24080
24081
24082
24083
24084
24085
24086
24087
24088
24089
24090
24091
24092
24093
24094
24095
24096
24097
24098
24099
24100
24101
24102
24103
24104
24105
24106
24107
24108
24109
24110
24111
24112
24113
24114
24115
24116
24117
24118
24119
24120
24121
24122
24123
24124
24125
24126
24127
24128
24129
24130
24131
24132
24133
24134
24135
24136
24137
24138
24139
24140
24141
24142
24143
24144
24145
24146
24147
24148
24149
24150
24151
24152
24153
24154
24155
24156
24157
24158
24159
24160
24161
24162
24163
24164
24165
24166
24167
24168
24169
24170
24171
24172
24173
24174
24175
24176
24177
24178
24179
24180
24181
24182
24183
24184
24185
24186
24187
24188
24189
24190
24191
24192
24193
24194
24195
24196
24197
24198
24199
24200
24201
24202
24203
24204
24205
24206
24207
24208
24209
24210
24211
24212
24213
24214
24215
24216
24217
24218
24219
24220
24221
24222
24223
24224
24225
24226
24227
24228
24229
24230
24231
24232
24233
24234
24235
24236
24237
24238
24239
24240
24241
24242
24243
24244
24245
24246
24247
24248
24249
24250
24251
24252
24253
24254
24255
24256
24257
24258
24259
24260
24261
24262
24263
24264
24265
24266
24267
24268
24269
24270
24271
24272
24273
24274
24275
24276
24277
24278
24279
24280
24281
24282
24283
24284
24285
24286
24287
24288
24289
24290
24291
24292
24293
24294
24295
24296
24297
24298
24299
24300
24301
24302
24303
24304
24305
24306
24307
24308
24309
24310
24311
24312
24313
24314
24315
24316
24317
24318
24319
24320
24321
24322
24323
24324
24325
24326
24327
24328
24329
24330
24331
24332
24333
24334
24335
24336
24337
24338
24339
24340
24341
24342
24343
24344
24345
24346
24347
24348
24349
24350
24351
24352
24353
24354
24355
24356
24357
24358
24359
24360
24361
24362
24363
24364
24365
24366
24367
24368
24369
24370
24371
24372
24373
24374
24375
24376
24377
24378
24379
24380
24381
24382
24383
24384
24385
24386
24387
24388
24389
24390
24391
24392
24393
24394
24395
24396
24397
24398
24399
24400
24401
24402
24403
24404
24405
24406
24407
24408
24409
24410
24411
24412
24413
24414
24415
24416
24417
24418
24419
24420
24421
24422
24423
24424
24425
24426
24427
24428
24429
24430
24431
24432
24433
24434
24435
24436
24437
24438
24439
24440
24441
24442
24443
24444
24445
24446
24447
24448
24449
24450
24451
24452
24453
24454
24455
24456
24457
24458
24459
24460
24461
24462
24463
24464
24465
24466
24467
24468
24469
24470
24471
24472
24473
24474
24475
24476
24477
24478
24479
24480
24481
24482
24483
24484
24485
24486
24487
24488
24489
24490
24491
24492
24493
24494
24495
24496
24497
24498
24499
24500
24501
24502
24503
24504
24505
24506
24507
24508
24509
24510
24511
24512
24513
24514
24515
24516
24517
24518
24519
24520
24521
24522
24523
24524
24525
24526
24527
24528
24529
24530
24531
24532
24533
24534
24535
24536
24537
24538
24539
24540
24541
24542
24543
24544
24545
24546
24547
24548
24549
24550
24551
24552
24553
24554
24555
24556
24557
24558
24559
24560
24561
24562
24563
24564
24565
24566
24567
24568
24569
24570
24571
24572
24573
24574
24575
24576
24577
24578
24579
24580
24581
24582
24583
24584
24585
24586
24587
24588
24589
24590
24591
24592
24593
24594
24595
24596
24597
24598
24599
24600
24601
24602
24603
24604
24605
24606
24607
24608
24609
24610
24611
24612
24613
24614
24615
24616
24617
24618
24619
24620
24621
24622
24623
24624
24625
24626
24627
24628
24629
24630
24631
24632
24633
24634
24635
24636
24637
24638
24639
24640
24641
24642
24643
24644
24645
24646
24647
24648
24649
24650
24651
24652
24653
24654
24655
24656
24657
24658
24659
24660
24661
24662
24663
24664
24665
24666
24667
24668
24669
24670
24671
24672
24673
24674
24675
24676
24677
24678
24679
24680
24681
24682
24683
24684
24685
24686
24687
24688
24689
24690
24691
24692
24693
24694
24695
24696
24697
24698
24699
24700
24701
24702
24703
24704
24705
24706
24707
24708
24709
24710
24711
24712
24713
24714
24715
24716
24717
24718
24719
24720
24721
24722
24723
24724
24725
24726
24727
24728
24729
24730
24731
24732
24733
24734
24735
24736
24737
24738
24739
24740
24741
24742
24743
24744
24745
24746
24747
24748
24749
24750
24751
24752
24753
24754
24755
24756
24757
24758
24759
24760
24761
24762
24763
24764
24765
24766
24767
24768
24769
24770
24771
24772
24773
24774
24775
24776
24777
24778
24779
24780
24781
24782
24783
24784
24785
24786
24787
24788
24789
24790
24791
24792
24793
24794
24795
24796
24797
24798
24799
24800
24801
24802
24803
24804
24805
24806
24807
24808
24809
24810
24811
24812
24813
24814
24815
24816
24817
24818
24819
24820
24821
24822
24823
24824
24825
24826
24827
24828
24829
24830
24831
24832
24833
24834
24835
24836
24837
24838
24839
24840
24841
24842
24843
24844
24845
24846
24847
24848
24849
24850
24851
24852
24853
24854
24855
24856
24857
24858
24859
24860
24861
24862
24863
24864
24865
24866
24867
24868
24869
24870
24871
24872
24873
24874
24875
24876
24877
24878
24879
24880
24881
24882
24883
24884
24885
24886
24887
24888
24889
24890
24891
24892
24893
24894
24895
24896
24897
24898
24899
24900
24901
24902
24903
24904
24905
24906
24907
24908
24909
24910
24911
24912
24913
24914
24915
24916
24917
24918
24919
24920
24921
24922
24923
24924
24925
24926
24927
24928
24929
24930
24931
24932
24933
24934
24935
24936
24937
24938
24939
24940
24941
24942
24943
24944
24945
24946
24947
24948
24949
24950
24951
24952
24953
24954
24955
24956
24957
24958
24959
24960
24961
24962
24963
24964
24965
24966
24967
24968
24969
24970
24971
24972
24973
24974
24975
24976
24977
24978
24979
24980
24981
24982
24983
24984
24985
24986
24987
24988
24989
24990
24991
24992
24993
24994
24995
24996
24997
24998
24999
25000
25001
25002
25003
25004
25005
25006
25007
25008
25009
25010
25011
25012
25013
25014
25015
25016
25017
25018
25019
25020
25021
25022
25023
25024
25025
25026
25027
25028
25029
25030
25031
25032
25033
25034
25035
25036
25037
25038
25039
25040
25041
25042
25043
25044
25045
25046
25047
25048
25049
25050
25051
25052
25053
25054
25055
25056
25057
25058
25059
25060
25061
25062
25063
25064
25065
25066
25067
25068
25069
25070
25071
25072
25073
25074
25075
25076
25077
25078
25079
25080
25081
25082
25083
25084
25085
25086
25087
25088
25089
25090
25091
25092
25093
25094
25095
25096
25097
25098
25099
25100
25101
25102
25103
25104
25105
25106
25107
25108
25109
25110
25111
25112
25113
25114
25115
25116
25117
25118
25119
25120
25121
25122
25123
25124
25125
25126
25127
25128
25129
25130
25131
25132
25133
25134
25135
25136
25137
25138
25139
25140
25141
25142
25143
25144
25145
25146
25147
25148
25149
25150
25151
25152
25153
25154
25155
25156
25157
25158
25159
25160
25161
25162
25163
25164
25165
25166
25167
25168
25169
25170
25171
25172
25173
25174
25175
25176
25177
25178
25179
25180
25181
25182
25183
25184
25185
25186
25187
25188
25189
25190
25191
25192
25193
25194
25195
25196
25197
25198
25199
25200
25201
25202
25203
25204
25205
25206
25207
25208
25209
25210
25211
25212
25213
25214
25215
25216
25217
25218
25219
25220
25221
25222
25223
25224
25225
25226
25227
25228
25229
25230
25231
25232
25233
25234
25235
25236
25237
25238
25239
25240
25241
25242
25243
25244
25245
25246
25247
25248
25249
25250
25251
25252
25253
25254
25255
25256
25257
25258
25259
25260
25261
25262
25263
25264
25265
25266
25267
25268
25269
25270
25271
25272
25273
25274
25275
25276
25277
25278
25279
25280
25281
25282
25283
25284
25285
25286
25287
25288
25289
25290
25291
25292
25293
25294
25295
25296
25297
25298
25299
25300
25301
25302
25303
25304
25305
25306
25307
25308
25309
25310
25311
25312
25313
25314
25315
25316
25317
25318
25319
25320
25321
25322
25323
25324
25325
25326
25327
25328
25329
25330
25331
25332
25333
25334
25335
25336
25337
25338
25339
25340
25341
25342
25343
25344
25345
25346
25347
25348
25349
25350
25351
25352
25353
25354
25355
25356
25357
25358
25359
25360
25361
25362
25363
25364
25365
25366
25367
25368
25369
25370
25371
25372
25373
25374
25375
25376
25377
25378
25379
25380
25381
25382
25383
25384
25385
25386
25387
25388
25389
25390
25391
25392
25393
25394
25395
25396
25397
25398
25399
25400
25401
25402
25403
25404
25405
25406
25407
25408
25409
25410
25411
25412
25413
25414
25415
25416
25417
25418
25419
25420
25421
25422
25423
25424
25425
25426
25427
25428
25429
25430
25431
25432
25433
25434
25435
25436
25437
25438
25439
25440
25441
25442
25443
25444
25445
25446
25447
25448
25449
25450
25451
25452
25453
25454
25455
25456
25457
25458
25459
25460
25461
25462
25463
25464
25465
25466
25467
25468
25469
25470
25471
25472
25473
25474
25475
25476
25477
25478
25479
25480
25481
25482
25483
25484
25485
25486
25487
25488
25489
25490
25491
25492
25493
25494
25495
25496
25497
25498
25499
25500
25501
25502
25503
25504
25505
25506
25507
25508
25509
25510
25511
25512
25513
25514
25515
25516
25517
25518
25519
25520
25521
25522
25523
25524
25525
25526
25527
25528
25529
25530
25531
25532
25533
25534
25535
25536
25537
25538
25539
25540
25541
25542
25543
25544
25545
25546
25547
25548
25549
25550
25551
25552
25553
25554
25555
25556
25557
25558
25559
25560
25561
25562
25563
25564
25565
25566
25567
25568
25569
25570
25571
25572
25573
25574
25575
25576
25577
25578
25579
25580
25581
25582
25583
25584
25585
25586
25587
25588
25589
25590
25591
25592
25593
25594
25595
25596
25597
25598
25599
25600
25601
25602
25603
25604
25605
25606
25607
25608
25609
25610
25611
25612
25613
25614
25615
25616
25617
25618
25619
25620
25621
25622
25623
25624
25625
25626
25627
25628
25629
25630
25631
25632
25633
25634
25635
25636
25637
25638
25639
25640
25641
25642
25643
25644
25645
25646
25647
25648
25649
25650
25651
25652
25653
25654
25655
25656
25657
25658
25659
25660
25661
25662
25663
25664
25665
25666
25667
25668
25669
25670
25671
25672
25673
25674
25675
25676
25677
25678
25679
25680
25681
25682
25683
25684
25685
25686
25687
25688
25689
25690
25691
25692
25693
25694
25695
25696
25697
25698
25699
25700
25701
25702
25703
25704
25705
25706
25707
25708
25709
25710
25711
25712
25713
25714
25715
25716
25717
25718
25719
25720
25721
25722
25723
25724
25725
25726
25727
25728
25729
25730
25731
25732
25733
25734
25735
25736
25737
25738
25739
25740
25741
25742
25743
25744
25745
25746
25747
25748
25749
25750
25751
25752
25753
25754
25755
25756
25757
25758
25759
25760
25761
25762
25763
25764
25765
25766
25767
25768
25769
25770
25771
25772
25773
25774
25775
25776
25777
25778
25779
25780
25781
25782
25783
25784
25785
25786
25787
25788
25789
25790
25791
25792
25793
25794
25795
25796
25797
25798
25799
25800
25801
25802
25803
25804
25805
25806
25807
25808
25809
25810
25811
25812
25813
25814
25815
25816
25817
25818
25819
25820
25821
25822
25823
25824
25825
25826
25827
25828
25829
25830
25831
25832
25833
25834
25835
25836
25837
25838
25839
25840
25841
25842
25843
25844
25845
25846
25847
25848
25849
25850
25851
25852
25853
25854
25855
25856
25857
25858
25859
25860
25861
25862
25863
25864
25865
25866
25867
25868
25869
25870
25871
25872
25873
25874
25875
25876
25877
25878
25879
25880
25881
25882
25883
25884
25885
25886
25887
25888
25889
25890
25891
25892
25893
25894
25895
25896
25897
25898
25899
25900
25901
25902
25903
25904
25905
25906
25907
25908
25909
25910
25911
25912
25913
25914
25915
25916
25917
25918
25919
25920
25921
25922
25923
25924
25925
25926
25927
25928
25929
25930
25931
25932
25933
25934
25935
25936
25937
25938
25939
25940
25941
25942
25943
25944
25945
25946
25947
25948
25949
25950
25951
25952
25953
25954
25955
25956
25957
25958
25959
25960
25961
25962
25963
25964
25965
25966
25967
25968
25969
25970
25971
25972
25973
25974
25975
25976
25977
25978
25979
25980
25981
25982
25983
25984
25985
25986
25987
25988
25989
25990
25991
25992
25993
25994
25995
25996
25997
25998
25999
26000
26001
26002
26003
26004
26005
26006
26007
26008
26009
26010
26011
26012
26013
26014
26015
26016
26017
26018
26019
26020
26021
26022
26023
26024
26025
26026
26027
26028
26029
26030
26031
26032
26033
26034
26035
26036
26037
26038
26039
26040
26041
26042
26043
26044
26045
26046
26047
26048
26049
26050
26051
26052
26053
26054
26055
26056
26057
26058
26059
26060
26061
26062
26063
26064
26065
26066
26067
26068
26069
26070
26071
26072
26073
26074
26075
26076
26077
26078
26079
26080
26081
26082
26083
26084
26085
26086
26087
26088
26089
26090
26091
26092
26093
26094
26095
26096
26097
26098
26099
26100
26101
26102
26103
26104
26105
26106
26107
26108
26109
26110
26111
26112
26113
26114
26115
26116
26117
26118
26119
26120
26121
26122
26123
26124
26125
26126
26127
26128
26129
26130
26131
26132
26133
26134
26135
26136
26137
26138
26139
26140
26141
26142
26143
26144
26145
26146
26147
26148
26149
26150
26151
26152
26153
26154
26155
26156
26157
26158
26159
26160
26161
26162
26163
26164
26165
26166
26167
26168
26169
26170
26171
26172
26173
26174
26175
26176
26177
26178
26179
26180
26181
26182
26183
26184
26185
26186
26187
26188
26189
26190
26191
26192
26193
26194
26195
26196
26197
26198
26199
26200
26201
26202
26203
26204
26205
26206
26207
26208
26209
26210
26211
26212
26213
26214
26215
26216
26217
26218
26219
26220
26221
26222
26223
26224
26225
26226
26227
26228
26229
26230
26231
26232
26233
26234
26235
26236
26237
26238
26239
26240
26241
26242
26243
26244
26245
26246
26247
26248
26249
26250
26251
26252
26253
26254
26255
26256
26257
26258
26259
26260
26261
26262
26263
26264
26265
26266
26267
26268
26269
26270
26271
26272
26273
26274
26275
26276
26277
26278
26279
26280
26281
26282
26283
26284
26285
26286
26287
26288
26289
26290
26291
26292
26293
26294
26295
26296
26297
26298
26299
26300
26301
26302
26303
26304
26305
26306
26307
26308
26309
26310
26311
26312
26313
26314
26315
26316
26317
26318
26319
26320
26321
26322
26323
26324
26325
26326
26327
26328
26329
26330
26331
26332
26333
26334
26335
26336
26337
26338
26339
26340
26341
26342
26343
26344
26345
26346
26347
26348
26349
26350
26351
26352
26353
26354
26355
26356
26357
26358
26359
26360
26361
26362
26363
26364
26365
26366
26367
26368
26369
26370
26371
26372
26373
26374
26375
26376
26377
26378
26379
26380
26381
26382
26383
26384
26385
26386
26387
26388
26389
26390
26391
26392
26393
26394
26395
26396
26397
26398
26399
26400
26401
26402
26403
26404
26405
26406
26407
26408
26409
26410
26411
26412
26413
26414
26415
26416
26417
26418
26419
26420
26421
26422
26423
26424
26425
26426
26427
26428
26429
26430
26431
26432
26433
26434
26435
26436
26437
26438
26439
26440
26441
26442
26443
26444
26445
26446
26447
26448
26449
26450
26451
26452
26453
26454
26455
26456
26457
26458
26459
26460
26461
26462
26463
26464
26465
26466
26467
26468
26469
26470
26471
26472
26473
26474
26475
26476
26477
26478
26479
26480
26481
26482
26483
26484
26485
26486
26487
26488
26489
26490
26491
26492
26493
26494
26495
26496
26497
26498
26499
26500
26501
26502
26503
26504
26505
26506
26507
26508
26509
26510
26511
26512
26513
26514
26515
26516
26517
26518
26519
26520
26521
26522
26523
26524
26525
26526
26527
26528
26529
26530
26531
26532
26533
26534
26535
26536
26537
26538
26539
26540
26541
26542
26543
26544
26545
26546
26547
26548
26549
26550
26551
26552
26553
26554
26555
26556
26557
26558
26559
26560
26561
26562
26563
26564
26565
26566
26567
26568
26569
26570
26571
26572
26573
26574
26575
26576
26577
26578
26579
26580
26581
26582
26583
26584
26585
26586
26587
26588
26589
26590
26591
26592
26593
26594
26595
26596
26597
26598
26599
26600
26601
26602
26603
26604
26605
26606
26607
26608
26609
26610
26611
26612
26613
26614
26615
26616
26617
26618
26619
26620
26621
26622
26623
26624
26625
26626
26627
26628
26629
26630
26631
26632
26633
26634
26635
26636
26637
26638
26639
26640
26641
26642
26643
26644
26645
26646
26647
26648
26649
26650
26651
26652
26653
26654
26655
26656
26657
26658
26659
26660
26661
26662
26663
26664
26665
26666
26667
26668
26669
26670
26671
26672
26673
26674
26675
26676
26677
26678
26679
26680
26681
26682
26683
26684
26685
26686
26687
26688
26689
26690
26691
26692
26693
26694
26695
26696
26697
26698
26699
26700
26701
26702
26703
26704
26705
26706
26707
26708
26709
26710
26711
26712
26713
26714
26715
26716
26717
26718
26719
26720
26721
26722
26723
26724
26725
26726
26727
26728
26729
26730
26731
26732
26733
26734
26735
26736
26737
26738
26739
26740
26741
26742
26743
26744
26745
26746
26747
26748
26749
26750
26751
26752
26753
26754
26755
26756
26757
26758
26759
26760
26761
26762
26763
26764
26765
26766
26767
26768
26769
26770
26771
26772
26773
26774
26775
26776
26777
26778
26779
26780
26781
26782
26783
26784
26785
26786
26787
26788
26789
26790
26791
26792
26793
26794
26795
26796
26797
26798
26799
26800
26801
26802
26803
26804
26805
26806
26807
26808
26809
26810
26811
26812
26813
26814
26815
26816
26817
26818
26819
26820
26821
26822
26823
26824
26825
26826
26827
26828
26829
26830
26831
26832
26833
26834
26835
26836
26837
26838
26839
26840
26841
26842
26843
26844
26845
26846
26847
26848
26849
26850
26851
26852
26853
26854
26855
26856
26857
26858
26859
26860
26861
26862
26863
26864
26865
26866
26867
26868
26869
26870
26871
26872
26873
26874
26875
26876
26877
26878
26879
26880
26881
26882
26883
26884
26885
26886
26887
26888
26889
26890
26891
26892
26893
26894
26895
26896
26897
26898
26899
26900
26901
26902
26903
26904
26905
26906
26907
26908
26909
26910
26911
26912
26913
26914
26915
26916
26917
26918
26919
26920
26921
26922
26923
26924
26925
26926
26927
26928
26929
26930
26931
26932
26933
26934
26935
26936
26937
26938
26939
26940
26941
26942
26943
26944
26945
26946
26947
26948
26949
26950
26951
26952
26953
26954
26955
26956
26957
26958
26959
26960
26961
26962
26963
26964
26965
26966
26967
26968
26969
26970
26971
26972
26973
26974
26975
26976
26977
26978
26979
26980
26981
26982
26983
26984
26985
26986
26987
26988
26989
26990
26991
26992
26993
26994
26995
26996
26997
26998
26999
27000
27001
27002
27003
27004
27005
27006
27007
27008
27009
27010
27011
27012
27013
27014
27015
27016
27017
27018
27019
27020
27021
27022
27023
27024
27025
27026
27027
27028
27029
27030
27031
27032
27033
27034
27035
27036
27037
27038
27039
27040
27041
27042
27043
27044
27045
27046
27047
27048
27049
27050
27051
27052
27053
27054
27055
27056
27057
27058
27059
27060
27061
27062
27063
27064
27065
27066
27067
27068
27069
27070
27071
27072
27073
27074
27075
27076
27077
27078
27079
27080
27081
27082
27083
27084
27085
27086
27087
27088
27089
27090
27091
27092
27093
27094
27095
27096
27097
27098
27099
27100
27101
27102
27103
27104
27105
27106
27107
27108
27109
27110
27111
27112
27113
27114
27115
27116
27117
27118
27119
27120
27121
27122
27123
27124
27125
27126
27127
27128
27129
27130
27131
27132
27133
27134
27135
27136
27137
27138
27139
27140
27141
27142
27143
27144
27145
27146
27147
27148
27149
27150
27151
27152
27153
27154
27155
27156
27157
27158
27159
27160
27161
27162
27163
27164
27165
27166
27167
27168
27169
27170
27171
27172
27173
27174
27175
27176
27177
27178
27179
27180
27181
27182
27183
27184
27185
27186
27187
27188
27189
27190
27191
27192
27193
27194
27195
27196
27197
27198
27199
27200
27201
27202
27203
27204
27205
27206
27207
27208
27209
27210
27211
27212
27213
27214
27215
27216
27217
27218
27219
27220
27221
27222
27223
27224
27225
27226
27227
27228
27229
27230
27231
27232
27233
27234
27235
27236
27237
27238
27239
27240
27241
27242
27243
27244
27245
27246
27247
27248
27249
27250
27251
27252
27253
27254
27255
27256
27257
27258
27259
27260
27261
27262
27263
27264
27265
27266
27267
27268
27269
27270
27271
27272
27273
27274
27275
27276
27277
27278
27279
27280
27281
27282
27283
27284
27285
27286
27287
27288
27289
27290
27291
27292
27293
27294
27295
27296
27297
27298
27299
27300
27301
27302
27303
27304
27305
27306
27307
27308
27309
27310
27311
27312
27313
27314
27315
27316
27317
27318
27319
27320
27321
27322
27323
27324
27325
27326
27327
27328
27329
27330
27331
27332
27333
27334
27335
27336
27337
27338
27339
27340
27341
27342
27343
27344
27345
27346
27347
27348
27349
27350
27351
27352
27353
27354
27355
27356
27357
27358
27359
27360
27361
27362
27363
27364
27365
27366
27367
27368
27369
27370
27371
27372
27373
27374
27375
27376
27377
27378
27379
27380
27381
27382
27383
27384
27385
27386
27387
27388
27389
27390
27391
27392
27393
27394
27395
27396
27397
27398
27399
27400
27401
27402
27403
27404
27405
27406
27407
27408
27409
27410
27411
27412
27413
27414
27415
27416
27417
27418
27419
27420
27421
27422
27423
27424
27425
27426
27427
27428
27429
27430
27431
27432
27433
27434
27435
27436
27437
27438
27439
27440
27441
27442
27443
27444
27445
27446
27447
27448
27449
27450
27451
27452
27453
27454
27455
27456
27457
27458
27459
27460
27461
27462
27463
27464
27465
27466
27467
27468
27469
27470
27471
27472
27473
27474
27475
27476
27477
27478
27479
27480
27481
27482
27483
27484
27485
27486
27487
27488
27489
27490
27491
27492
27493
27494
27495
27496
27497
27498
27499
27500
27501
27502
27503
27504
27505
27506
27507
27508
27509
27510
27511
27512
27513
27514
27515
27516
27517
27518
27519
27520
27521
27522
27523
27524
27525
27526
27527
27528
27529
27530
27531
27532
27533
27534
27535
27536
27537
27538
27539
27540
27541
27542
27543
27544
27545
27546
27547
27548
27549
27550
27551
27552
27553
27554
27555
27556
27557
27558
27559
27560
27561
27562
27563
27564
27565
27566
27567
27568
27569
27570
27571
27572
27573
27574
27575
27576
27577
27578
27579
27580
27581
27582
27583
27584
27585
27586
27587
27588
27589
27590
27591
27592
27593
27594
27595
27596
27597
27598
27599
27600
27601
27602
27603
27604
27605
27606
27607
27608
27609
27610
27611
27612
27613
27614
27615
27616
27617
27618
27619
27620
27621
27622
27623
27624
27625
27626
27627
27628
27629
27630
27631
27632
27633
27634
27635
27636
27637
27638
27639
27640
27641
27642
27643
27644
27645
27646
27647
27648
27649
27650
27651
27652
27653
27654
27655
27656
27657
27658
27659
27660
27661
27662
27663
27664
27665
27666
27667
27668
27669
27670
27671
27672
27673
27674
27675
27676
27677
27678
27679
27680
27681
27682
27683
27684
27685
27686
27687
27688
27689
27690
27691
27692
27693
27694
27695
27696
27697
27698
27699
27700
27701
27702
27703
27704
27705
27706
27707
27708
27709
27710
27711
27712
27713
27714
27715
27716
27717
27718
27719
27720
27721
27722
27723
27724
27725
27726
27727
27728
27729
27730
27731
27732
27733
27734
27735
27736
27737
27738
27739
27740
27741
27742
27743
27744
27745
27746
27747
27748
27749
27750
27751
27752
27753
27754
27755
27756
27757
27758
27759
27760
27761
27762
27763
27764
27765
27766
27767
27768
27769
27770
27771
27772
27773
27774
27775
27776
27777
27778
27779
27780
27781
27782
27783
27784
27785
27786
27787
27788
27789
27790
27791
27792
27793
27794
27795
27796
27797
27798
27799
27800
27801
27802
27803
27804
27805
27806
27807
27808
27809
27810
27811
27812
27813
27814
27815
27816
27817
27818
27819
27820
27821
27822
27823
27824
27825
27826
27827
27828
27829
27830
27831
27832
27833
27834
27835
27836
27837
27838
27839
27840
27841
27842
27843
27844
27845
27846
27847
27848
27849
27850
27851
27852
27853
27854
27855
27856
27857
27858
27859
27860
27861
27862
27863
27864
27865
27866
27867
27868
27869
27870
27871
27872
27873
27874
27875
27876
27877
27878
27879
27880
27881
27882
27883
27884
27885
27886
27887
27888
27889
27890
27891
27892
27893
27894
27895
27896
27897
27898
27899
27900
27901
27902
27903
27904
27905
27906
27907
27908
27909
27910
27911
27912
27913
27914
27915
27916
27917
27918
27919
27920
27921
27922
27923
27924
27925
27926
27927
27928
27929
27930
27931
27932
27933
27934
27935
27936
27937
27938
27939
27940
27941
27942
27943
27944
27945
27946
27947
27948
27949
27950
27951
27952
27953
27954
27955
27956
27957
27958
27959
27960
27961
27962
27963
27964
27965
27966
27967
27968
27969
27970
27971
27972
27973
27974
27975
27976
27977
27978
27979
27980
27981
27982
27983
27984
27985
27986
27987
27988
27989
27990
27991
27992
27993
27994
27995
27996
27997
27998
27999
28000
28001
28002
28003
28004
28005
28006
28007
28008
28009
28010
28011
28012
28013
28014
28015
28016
28017
28018
28019
28020
28021
28022
28023
28024
28025
28026
28027
28028
28029
28030
28031
28032
28033
28034
28035
28036
28037
28038
28039
28040
28041
28042
28043
28044
28045
28046
28047
28048
28049
28050
28051
28052
28053
28054
28055
28056
28057
28058
28059
28060
28061
28062
28063
28064
28065
28066
28067
28068
28069
28070
28071
28072
28073
28074
28075
28076
28077
28078
28079
28080
28081
28082
28083
28084
28085
28086
28087
28088
28089
28090
28091
28092
28093
28094
28095
28096
28097
28098
28099
28100
28101
28102
28103
28104
28105
28106
28107
28108
28109
28110
28111
28112
28113
28114
28115
28116
28117
28118
28119
28120
28121
28122
28123
28124
28125
28126
28127
28128
28129
28130
28131
28132
28133
28134
28135
28136
28137
28138
28139
28140
28141
28142
28143
28144
28145
28146
28147
28148
28149
28150
28151
28152
28153
28154
28155
28156
28157
28158
28159
28160
28161
28162
28163
28164
28165
28166
28167
28168
28169
28170
28171
28172
28173
28174
28175
28176
28177
28178
28179
28180
28181
28182
28183
28184
28185
28186
28187
28188
28189
28190
28191
28192
28193
28194
28195
28196
28197
28198
28199
28200
28201
28202
28203
28204
28205
28206
28207
28208
28209
28210
28211
28212
28213
28214
28215
28216
28217
28218
28219
28220
28221
28222
28223
28224
28225
28226
28227
28228
28229
28230
28231
28232
28233
28234
28235
28236
28237
28238
28239
28240
28241
28242
28243
28244
28245
28246
28247
28248
28249
28250
28251
28252
28253
28254
28255
28256
28257
28258
28259
28260
28261
28262
28263
28264
28265
28266
28267
28268
28269
28270
28271
28272
28273
28274
28275
28276
28277
28278
28279
28280
28281
28282
28283
28284
28285
28286
28287
28288
28289
28290
28291
28292
28293
28294
28295
28296
28297
28298
28299
28300
28301
28302
28303
28304
28305
28306
28307
28308
28309
28310
28311
28312
28313
28314
28315
28316
28317
28318
28319
28320
28321
28322
28323
28324
28325
28326
28327
28328
28329
28330
28331
28332
28333
28334
28335
28336
28337
28338
28339
28340
28341
28342
28343
28344
28345
28346
28347
28348
28349
28350
28351
28352
28353
28354
28355
28356
28357
28358
28359
28360
28361
28362
28363
28364
28365
28366
28367
28368
28369
28370
28371
28372
28373
28374
28375
28376
28377
28378
28379
28380
28381
28382
28383
28384
28385
28386
28387
28388
28389
28390
28391
28392
28393
28394
28395
28396
28397
28398
28399
28400
28401
28402
28403
28404
28405
28406
28407
28408
28409
28410
28411
28412
28413
28414
28415
28416
28417
28418
28419
28420
28421
28422
28423
28424
28425
28426
28427
28428
28429
28430
28431
28432
28433
28434
28435
28436
28437
28438
28439
28440
28441
28442
28443
28444
28445
28446
28447
28448
28449
28450
28451
28452
28453
28454
28455
28456
28457
28458
28459
28460
28461
28462
28463
28464
28465
28466
28467
28468
28469
28470
28471
28472
28473
28474
28475
28476
28477
28478
28479
28480
28481
28482
28483
28484
28485
28486
28487
28488
28489
28490
28491
28492
28493
28494
28495
28496
28497
28498
28499
28500
28501
28502
28503
28504
28505
28506
28507
28508
28509
28510
28511
28512
28513
28514
28515
28516
28517
28518
28519
28520
28521
28522
28523
28524
28525
28526
28527
28528
28529
28530
28531
28532
28533
28534
28535
28536
28537
28538
28539
28540
28541
28542
28543
28544
28545
28546
28547
28548
28549
28550
28551
28552
28553
28554
28555
28556
28557
28558
28559
28560
28561
28562
28563
28564
28565
28566
28567
28568
28569
28570
28571
28572
28573
28574
28575
28576
28577
28578
28579
28580
28581
28582
28583
28584
28585
28586
28587
28588
28589
28590
28591
28592
28593
28594
28595
28596
28597
28598
28599
28600
28601
28602
28603
28604
28605
28606
28607
28608
28609
28610
28611
28612
28613
28614
28615
28616
28617
28618
28619
28620
28621
28622
28623
28624
28625
28626
28627
28628
28629
28630
28631
28632
28633
28634
28635
28636
28637
28638
28639
28640
28641
28642
28643
28644
28645
28646
28647
28648
28649
28650
28651
28652
28653
28654
28655
28656
28657
28658
28659
28660
28661
28662
28663
28664
28665
28666
28667
28668
28669
28670
28671
28672
28673
28674
28675
28676
28677
28678
28679
28680
28681
28682
28683
28684
28685
28686
28687
28688
28689
28690
28691
28692
28693
28694
28695
28696
28697
28698
28699
28700
28701
28702
28703
28704
28705
28706
28707
28708
28709
28710
28711
28712
28713
28714
28715
28716
28717
28718
28719
28720
28721
28722
28723
28724
28725
28726
28727
28728
28729
28730
28731
28732
28733
28734
28735
28736
28737
28738
28739
28740
28741
28742
28743
28744
28745
28746
28747
28748
28749
28750
28751
28752
28753
28754
28755
28756
28757
28758
28759
28760
28761
28762
28763
28764
28765
28766
28767
28768
28769
28770
28771
28772
28773
28774
28775
28776
28777
28778
28779
28780
28781
28782
28783
28784
28785
28786
28787
28788
28789
28790
28791
28792
28793
28794
28795
28796
28797
28798
28799
28800
28801
28802
28803
28804
28805
28806
28807
28808
28809
28810
28811
28812
28813
28814
28815
28816
28817
28818
28819
28820
28821
28822
28823
28824
28825
28826
28827
28828
28829
28830
28831
28832
28833
28834
28835
28836
28837
28838
28839
28840
28841
28842
28843
28844
28845
28846
28847
28848
28849
28850
28851
28852
28853
28854
28855
28856
28857
28858
28859
28860
28861
28862
28863
28864
28865
28866
28867
28868
28869
28870
28871
28872
28873
28874
28875
28876
28877
28878
28879
28880
28881
28882
28883
28884
28885
28886
28887
28888
28889
28890
28891
28892
28893
28894
28895
28896
28897
28898
28899
28900
28901
28902
28903
28904
28905
28906
28907
28908
28909
28910
28911
28912
28913
28914
28915
28916
28917
28918
28919
28920
28921
28922
28923
28924
28925
28926
28927
28928
28929
28930
28931
28932
28933
28934
28935
28936
28937
28938
28939
28940
28941
28942
28943
28944
28945
28946
28947
28948
28949
28950
28951
28952
28953
28954
28955
28956
28957
28958
28959
28960
28961
28962
28963
28964
28965
28966
28967
28968
28969
28970
28971
28972
28973
28974
28975
28976
28977
28978
28979
28980
28981
28982
28983
28984
28985
28986
28987
28988
28989
28990
28991
28992
28993
28994
28995
28996
28997
28998
28999
29000
29001
29002
29003
29004
29005
29006
29007
29008
29009
29010
29011
29012
29013
29014
29015
29016
29017
29018
29019
29020
29021
29022
29023
29024
29025
29026
29027
29028
29029
29030
29031
29032
29033
29034
29035
29036
29037
29038
29039
29040
29041
29042
29043
29044
29045
29046
29047
29048
29049
29050
29051
29052
29053
29054
29055
29056
29057
29058
29059
29060
29061
29062
29063
29064
29065
29066
29067
29068
29069
29070
29071
29072
29073
29074
29075
29076
29077
29078
29079
29080
29081
29082
29083
29084
29085
29086
29087
29088
29089
29090
29091
29092
29093
29094
29095
29096
29097
29098
29099
29100
29101
29102
29103
29104
29105
29106
29107
29108
29109
29110
29111
29112
29113
29114
29115
29116
29117
29118
29119
29120
29121
29122
29123
29124
29125
29126
29127
29128
29129
29130
29131
29132
29133
29134
29135
29136
29137
29138
29139
29140
29141
29142
29143
29144
29145
29146
29147
29148
29149
29150
29151
29152
29153
29154
29155
29156
29157
29158
29159
29160
29161
29162
29163
29164
29165
29166
29167
29168
29169
29170
29171
29172
29173
29174
29175
29176
29177
29178
29179
29180
29181
29182
29183
29184
29185
29186
29187
29188
29189
29190
29191
29192
29193
29194
29195
29196
29197
29198
29199
29200
29201
29202
29203
29204
29205
29206
29207
29208
29209
29210
29211
29212
29213
29214
29215
29216
29217
29218
29219
29220
29221
29222
29223
29224
29225
29226
29227
29228
29229
29230
29231
29232
29233
29234
29235
29236
29237
29238
29239
29240
29241
29242
29243
29244
29245
29246
29247
29248
29249
29250
29251
29252
29253
29254
29255
29256
29257
29258
29259
29260
29261
29262
29263
29264
29265
29266
29267
29268
29269
29270
29271
29272
29273
29274
29275
29276
29277
29278
29279
29280
29281
29282
29283
29284
29285
29286
29287
29288
29289
29290
29291
29292
29293
29294
29295
29296
29297
29298
29299
29300
29301
29302
29303
29304
29305
29306
29307
29308
29309
29310
29311
29312
29313
29314
29315
29316
29317
29318
29319
29320
29321
29322
29323
29324
29325
29326
29327
29328
29329
29330
29331
29332
29333
29334
29335
29336
29337
29338
29339
29340
29341
29342
29343
29344
29345
29346
29347
29348
29349
29350
29351
29352
29353
29354
29355
29356
29357
29358
29359
29360
29361
29362
29363
29364
29365
29366
29367
29368
29369
29370
29371
29372
29373
29374
29375
29376
29377
29378
29379
29380
29381
29382
29383
29384
29385
29386
29387
29388
29389
29390
29391
29392
29393
29394
29395
29396
29397
29398
29399
29400
29401
29402
29403
29404
29405
29406
29407
29408
29409
29410
29411
29412
29413
29414
29415
29416
29417
29418
29419
29420
29421
29422
29423
29424
29425
29426
29427
29428
29429
29430
29431
29432
29433
29434
29435
29436
29437
29438
29439
29440
29441
29442
29443
29444
29445
29446
29447
29448
29449
29450
29451
29452
29453
29454
29455
29456
29457
29458
29459
29460
29461
29462
29463
29464
29465
29466
29467
29468
29469
29470
29471
29472
29473
29474
29475
29476
29477
29478
29479
29480
29481
29482
29483
29484
29485
29486
29487
29488
29489
29490
29491
29492
29493
29494
29495
29496
29497
29498
29499
29500
29501
29502
29503
29504
29505
29506
29507
29508
29509
29510
29511
29512
29513
29514
29515
29516
29517
29518
29519
29520
29521
29522
29523
29524
29525
29526
29527
29528
29529
29530
29531
29532
29533
29534
29535
29536
29537
29538
29539
29540
29541
29542
29543
29544
29545
29546
29547
29548
29549
29550
29551
29552
29553
29554
29555
29556
29557
29558
29559
29560
29561
29562
29563
29564
29565
29566
29567
29568
29569
29570
29571
29572
29573
29574
29575
29576
29577
29578
29579
29580
29581
29582
29583
29584
29585
29586
29587
29588
29589
29590
29591
29592
29593
29594
29595
29596
29597
29598
29599
29600
29601
29602
29603
29604
29605
29606
29607
29608
29609
29610
29611
29612
29613
29614
29615
29616
29617
29618
29619
29620
29621
29622
29623
29624
29625
29626
29627
29628
29629
29630
29631
29632
29633
29634
29635
29636
29637
29638
29639
29640
29641
29642
29643
29644
29645
29646
29647
29648
29649
29650
29651
29652
29653
29654
29655
29656
29657
29658
29659
29660
29661
29662
29663
29664
29665
29666
29667
29668
29669
29670
29671
29672
29673
29674
29675
29676
29677
29678
29679
29680
29681
29682
29683
29684
29685
29686
29687
29688
29689
29690
29691
29692
29693
29694
29695
29696
29697
29698
29699
29700
29701
29702
29703
29704
29705
29706
29707
29708
29709
29710
29711
29712
29713
29714
29715
29716
29717
29718
29719
29720
29721
29722
29723
29724
29725
29726
29727
29728
29729
29730
29731
29732
29733
29734
29735
29736
29737
29738
29739
29740
29741
29742
29743
29744
29745
29746
29747
29748
29749
29750
29751
29752
29753
29754
29755
29756
29757
29758
29759
29760
29761
29762
29763
29764
29765
29766
29767
29768
29769
29770
29771
29772
29773
29774
29775
29776
29777
29778
29779
29780
29781
29782
29783
29784
29785
29786
29787
29788
29789
29790
29791
29792
29793
29794
29795
29796
29797
29798
29799
29800
29801
29802
29803
29804
29805
29806
29807
29808
29809
29810
29811
29812
29813
29814
29815
29816
29817
29818
29819
29820
29821
29822
29823
29824
29825
29826
29827
29828
29829
29830
29831
29832
29833
29834
29835
29836
29837
29838
29839
29840
29841
29842
29843
29844
29845
29846
29847
29848
29849
29850
29851
29852
29853
29854
29855
29856
29857
29858
29859
29860
29861
29862
29863
29864
29865
29866
29867
29868
29869
29870
29871
29872
29873
29874
29875
29876
29877
29878
29879
29880
29881
29882
29883
29884
29885
29886
29887
29888
29889
29890
29891
29892
29893
29894
29895
29896
29897
29898
29899
29900
29901
29902
29903
29904
29905
29906
29907
29908
29909
29910
29911
29912
29913
29914
29915
29916
29917
29918
29919
29920
29921
29922
29923
29924
29925
29926
29927
29928
29929
29930
29931
29932
29933
29934
29935
29936
29937
29938
29939
29940
29941
29942
29943
29944
29945
29946
29947
29948
29949
29950
29951
29952
29953
29954
29955
29956
29957
29958
29959
29960
29961
29962
29963
29964
29965
29966
29967
29968
29969
29970
29971
29972
29973
29974
29975
29976
29977
29978
29979
29980
29981
29982
29983
29984
29985
29986
29987
29988
29989
29990
29991
29992
29993
29994
29995
29996
29997
29998
29999
30000
30001
30004
30007
30009
30011
30013
30014
30016
30019
30022
30024
30027
30029
30030
30031
30032
30035
30036
30037
30038
30040
30042
30046
30048
30052
30056
30059
30060
30063
30064
30066
30070
30071
30079
30081
30084
30086
30087
30088
30089
30090
30094
30096
30100
30101
30103
30104
30105
30107
30108
30109
30111
30114
30115
30119
30123
30124
30125
30126
30128
30129
30132
30133
30134
30135
30136
30137
30138
30145
30146
30148
30149
30151
30152
30153
30155
30158
30160
30162
30165
30167
30169
30170
30173
30177
30178
30179
30180
30183
30184
30188
30190
30192
30193
30195
30196
30198
30200
30203
30204
30206
30209
30213
30215
30216
30219
30220
30221
30223
30226
30227
30228
30233
30234
30236
30237
30241
30242
30243
30245
30246
30250
30251
30252
30255
30259
30260
30262
30265
30267
30269
30271
30274
30275
30276
30279
30281
30283
30285
30286
30287
30288
30289
30291
30295
30296
30297
30298
30299
30301
30302
30303
30304
30305
30308
30309
30317
30318
30320
30321
30323
30324
30328
30330
30332
30333
30334
30335
30336
30341
30343
30345
30347
30349
30353
30354
30355
30356
30358
30359
30361
30362
30363
30364
30366
30369
30371
30372
30374
30378
30381
30385
30388
30389
30390
30391
30392
30393
30394
30397
30398
30401
30402
30407
30411
30417
30425
30426
30427
30430
30431
30434
30436
30440
30441
30442
30444
30446
30449
30450
30451
30452
30453
30454
30455
30459
30460
30462
30463
30464
30465
30467
30468
30472
30473
30474
30480
30485
30488
30489
30490
30493
30495
30500
30501
30502
30503
30504
30505
30506
30507
30508
30511
30512
30513
30515
30517
30521
30523
30524
30528
30529
30531
30533
30534
30537
30538
30542
30543
30545
30546
30547
30548
30555
30556
30557
30558
30559
30561
30562
30563
30564
30565
30566
30567
30568
30570
30572
30574
30575
30578
30579
30580
30582
30583
30584
30587
30588
30589
30590
30591
30592
30593
30594
30596
30599
30603
30605
30606
30607
30608
30610
30613
30614
30616
30617
30621
30624
30625
30626
30627
30628
30630
30631
30632
30635
30636
30637
30638
30639
30643
30649
30651
30652
30653
30656
30658
30659
30660
30661
30662
30663
30664
30665
30669
30670
30671
30676
30678
30683
30685
30686
30688
30690
30692
30694
30695
30696
30699
30700
30704
30707
30708
30712
30715
30716
30717
30718
30721
30724
30726
30727
30728
30732
30733
30734
30735
30736
30738
30739
30741
30742
30743
30747
30748
30750
30751
30755
30756
30757
30758
30759
30760
30762
30763
30764
30766
30767
30768
30770
30773
30775
30776
30780
30782
30784
30791
30792
30793
30795
30797
30800
30802
30806
30807
30808
30809
30811
30813
30816
30817
30819
30826
30828
30830
30832
30833
30835
30836
30837
30839
30840
30843
30845
30847
30853
30854
30855
30857
30858
30859
30862
30863
30864
30866
30867
30868
30869
30870
30872
30873
30875
30876
30880
30883
30884
30885
30890
30893
30896
30899
30902
30903
30904
30905
30907
30909
30911
30912
30913
30914
30916
30921
30924
30925
30926
30928
30930
30939
30941
30945
30946
30950
30952
30957
30958
30959
30960
30962
30964
30969
30970
30971
30972
30973
30974
30975
30976
30977
30978
30979
30980
30981
30982
30985
30986
30987
30988
30990
30992
30993
30995
30998
31006
31009
31012
31013
31015
31016
31017
31018
31019
31021
31023
31026
31027
31030
31031
31033
31035
31037
31038
31042
31044
31048
31050
31052
31053
31054
31055
31056
31059
31061
31063
31064
31068
31070
31071
31072
31073
31074
31075
31076
31078
31079
31081
31085
31087
31088
31093
31095
31098
31100
31101
31102
31103
31105
31106
31107
31108
31109
31114
31117
31121
31122
31123
31125
31127
31128
31129
31137
31138
31139
31141
31142
31144
31145
31146
31150
31151
31152
31153
31157
31158
31159
31162
31164
31166
31168
31169
31170
31172
31173
31175
31176
31177
31178
31180
31181
31184
31185
31188
31189
31192
31193
31194
31195
31197
31200
31201
31202
31203
31204
31206
31209
31213
31214
31215
31217
31218
31220
31222
31224
31226
31228
31229
31230
31231
31233
31234
31237
31239
31241
31242
31243
31244
31245
31248
31251
31252
31253
31255
31261
31262
31266
31269
31272
31274
31275
31277
31278
31281
31282
31284
31288
31291
31294
31295
31296
31298
31303
31305
31307
31308
31310
31312
31315
31316
31319
31321
31323
31324
31328
31329
31331
31332
31334
31337
31338
31340
31345
31346
31349
31350
31351
31354
31355
31356
31359
31361
31362
31363
31367
31371
31372
31374
31376
31377
31380
31382
31383
31385
31386
31389
31391
31392
31394
31396
31397
31398
31399
31401
31402
31403
31404
31405
31410
31411
31412
31414
31416
31417
31419
31421
31422
31426
31428
31431
31433
31436
31438
31440
31443
31445
31446
31447
31449
31452
31453
31454
31456
31457
31458
31460
31461
31464
31466
31467
31468
31469
31471
31472
31473
31474
31475
31476
31478
31479
31480
31481
31483
31484
31485
31487
31489
31494
31495
31498
31501
31502
31503
31504
31511
31512
31514
31515
31516
31519
31520
31521
31523
31524
31527
31529
31530
31531
31534
31535
31536
31537
31538
31539
31540
31541
31543
31548
31549
31551
31552
31554
31557
31559
31562
31564
31565
31566
31568
31569
31571
31572
31576
31586
31587
31591
31596
31597
31598
31599
31601
31602
31603
31606
31607
31608
31611
31612
31613
31617
31618
31620
31621
31623
31626
31627
31628
31631
31632
31633
31634
31636
31638
31640
31643
31644
31646
31648
31649
31650
31651
31652
31654
31656
31657
31658
31659
31660
31662
31663
31668
31672
31674
31675
31676
31677
31678
31681
31685
31694
31695
31697
31700
31701
31706
31707
31710
31712
31713
31714
31716
31717
31721
31722
31723
31728
31729
31731
31736
31738
31739
31747
31748
31749
31750
31751
31753
31756
31757
31758
31759
31760
31761
31764
31765
31767
31768
31769
31773
31779
31781
31782
31783
31784
31786
31787
31788
31789
31790
31791
31795
31797
31798
31799
31801
31803
31804
31807
31809
31810
31814
31815
31816
31820
31822
31823
31824
31825
31826
31830
31832
31833
31835
31837
31839
31841
31844
31846
31847
31851
31853
31857
31858
31860
31863
31865
31866
31867
31868
31870
31871
31873
31874
31875
31876
31877
31878
31879
31880
31881
31882
31883
31884
31885
31886
31889
31894
31900
31902
31903
31905
31906
31908
31910
31911
31912
31913
31915
31916
31917
31919
31922
31925
31926
31928
31929
31930
31933
31935
31936
31938
31941
31942
31943
31945
31946
31949
31951
31954
31955
31956
31958
31961
31964
31966
31967
31968
31969
31971
31972
31974
31975
31976
31978
31979
31980
31981
31988
31990
31991
31993
31994
31996
31997
31998
32000
32002
32004
32005
32006
32008
32009
32012
32013
32014
32015
32016
32018
32019
32021
32023
32024
32025
32028
32033
32034
32036
32037
32039
32040
32042
32043
32047
32048
32051
32052
32054
32055
32056
32057
32058
32061
32063
32066
32071
32072
32073
32074
32076
32078
32079
32081
32082
32083
32084
32088
32089
32090
32094
32095
32096
32101
32102
32103
32106
32107
32109
32111
32118
32119
32121
32127
32129
32131
32132
32134
32136
32137
32146
32147
32149
32150
32153
32158
32164
32167
32170
32171
32173
32175
32176
32178
32179
32182
32184
32186
32188
32190
32192
32196
32199
32200
32202
32204
32207
32208
32209
32210
32213
32214
32217
32218
32220
32221
32223
32226
32228
32233
32235
32236
32237
32239
32240
32244
32245
32246
32251
32252
32255
32259
32260
32261
32264
32269
32277
32280
32283
32284
32285
32287
32293
32298
32300
32303
32305
32307
32309
32310
32313
32314
32317
32318
32320
32321
32323
32325
32328
32329
32330
32331
32335
32336
32337
32340
32341
32343
32344
32345
32346
32348
32349
32351
32352
32354
32356
32359
32360
32361
32362
32364
32365
32370
32375
32376
32378
32380
32381
32384
32386
32388
32389
32390
32391
32392
32397
32401
32402
32403
32404
32405
32406
32411
32413
32414
32416
32418
32420
32424
32425
32426
32428
32429
32430
32435
32436
32437
32438
32440
32442
32443
32445
32446
32447
32449
32450
32453
32455
32456
32457
32458
32459
32460
32465
32467
32468
32469
32470
32474
32477
32478
32479
32480
32482
32483
32486
32489
32490
32492
32493
32494
32495
32496
32497
32498
32499
32500
32501
32502
32505
32506
32509
32510
32512
32515
32516
32519
32524
32527
32528
32530
32531
32532
32536
32538
32541
32542
32544
32546
32547
32548
32551
32554
32557
32558
32559
32560
32561
32563
32564
32565
32566
32567
32568
32569
32570
32571
32575
32577
32578
32580
32582
32583
32589
32590
32592
32595
32597
32598
32600
32601
32602
32603
32604
32608
32609
32610
32611
32612
32613
32615
32616
32618
32625
32630
32633
32634
32635
32636
32637
32640
32641
32643
32648
32649
32651
32653
32656
32660
32664
32666
32669
32671
32672
32673
32674
32676
32677
32678
32680
32682
32684
32689
32696
32697
32698
32700
32702
32703
32704
32707
32708
32709
32710
32712
32714
32715
32716
32718
32723
32724
32725
32726
32727
32730
32732
32735
32738
32739
32740
32742
32743
32744
32745
32748
32749
32751
32752
32754
32755
32757
32758
32759
32760
32761
32765
32767
32769
32771
32777
32778
32779
32780
32783
32786
32787
32788
32790
32791
32793
32794
32799
32800
32801
32802
32803
32814
32817
32821
32822
32824
32827
32828
32832
32833
32836
32837
32842
32845
32847
32849
32850
32851
32855
32856
32857
32859
32862
32864
32866
32867
32868
32871
32872
32873
32874
32875
32876
32882
32884
32885
32886
32887
32889
32891
32893
32898
32903
32904
32905
32906
32907
32908
32912
32917
32918
32919
32921
32922
32923
32924
32926
32928
32929
32932
32934
32936
32937
32938
32940
32941
32942
32943
32944
32945
32951
32952
32954
32960
32962
32963
32964
32965
32966
32967
32969
32973
32974
32977
32978
32980
32983
32985
32986
32987
32989
32990
32991
32996
32997
32998
32999
33000
33001
33002
33004
33006
33007
33010
33012
33013
33014
33015
33017
33019
33020
33021
33022
33024
33025
33026
33028
33029
33030
33032
33033
33035
33037
33038
33039
33044
33050
33051
33052
33053
33054
33055
33056
33057
33063
33065
33067
33069
33070
33073
33074
33075
33076
33077
33081
33084
33088
33089
33091
33092
33093
33096
33099
33102
33103
33104
33107
33108
33111
33112
33113
33115
33116
33117
33119
33120
33121
33122
33123
33126
33128
33130
33131
33133
33135
33144
33145
33148
33150
33155
33156
33157
33159
33160
33166
33168
33170
33172
33173
33174
33177
33179
33180
33181
33182
33185
33186
33189
33194
33195
33196
33199
33201
33202
33204
33207
33208
33211
33212
33214
33215
33217
33218
33220
33222
33224
33229
33231
33234
33235
33237
33238
33242
33243
33244
33246
33248
33249
33252
33254
33255
33256
33257
33260
33266
33267
33269
33270
33274
33276
33277
33278
33279
33280
33281
33282
33284
33285
33292
33296
33297
33298
33299
33300
33301
33304
33305
33306
33308
33309
33312
33313
33314
33317
33319
33320
33325
33327
33328
33332
33333
33334
33336
33338
33339
33340
33342
33347
33348
33349
33350
33351
33354
33357
33359
33360
33361
33362
33372
33373
33374
33379
33380
33381
33382
33383
33386
33389
33390
33391
33393
33396
33403
33405
33406
33410
33411
33412
33413
33415
33420
33422
33423
33424
33425
33429
33433
33434
33437
33438
33439
33440
33442
33443
33447
33450
33455
33456
33460
33462
33465
33467
33468
33469
33471
33472
33476
33478
33479
33480
33487
33488
33489
33491
33494
33495
33498
33500
33503
33504
33505
33510
33512
33514
33517
33518
33520
33522
33524
33527
33529
33532
33534
33536
33538
33539
33540
33541
33542
33545
33550
33552
33554
33555
33557
33561
33562
33563
33565
33567
33570
33571
33573
33575
33578
33579
33583
33584
33585
33588
33589
33592
33593
33595
33597
33600
33601
33604
33606
33607
33610
33611
33614
33616
33617
33618
33619
33620
33621
33622
33625
33629
33632
33634
33639
33648
33651
33652
33653
33654
33655
33656
33659
33660
33664
33668
33670
33671
33674
33675
33678
33680
33684
33685
33686
33687
33688
33693
33695
33697
33699
33700
33702
33703
33707
33709
33710
33711
33712
33713
33714
33717
33718
33719
33721
33722
33724
33730
33731
33733
33734
33735
33737
33738
33739
33742
33746
33747
33748
33749
33750
33752
33753
33756
33757
33758
33759
33762
33763
33766
33767
33774
33775
33777
33779
33780
33782
33784
33787
33789
33790
33791
33792
33793
33794
33796
33797
33800
33801
33805
33806
33808
33809
33810
33811
33813
33814
33819
33820
33824
33826
33830
33832
33833
33834
33835
33836
33837
33842
33844
33845
33848
33849
33851
33854
33857
33859
33860
33863
33865
33869
33871
33874
33876
33877
33878
33879
33880
33882
33884
33887
33888
33889
33890
33891
33892
33894
33895
33896
33898
33902
33903
33905
33906
33907
33909
33912
33916
33918
33919
33920
33924
33929
33931
33934
33936
33937
33941
33942
33943
33945
33947
33948
33949
33950
33951
33954
33955
33956
33962
33966
33969
33970
33975
33976
33977
33978
33979
33980
33981
33983
33986
33987
33990
33993
33995
34002
34003
34004
34006
34007
34009
34011
34013
34014
34015
34026
34027
34029
34031
34036
34038
34039
34042
34045
34046
34047
34048
34049
34050
34051
34052
34053
34055
34057
34058
34061
34064
34065
34068
34071
34075
34077
34079
34080
34081
34082
34083
34084
34085
34088
34089
34090
34092
34093
34096
34097
34100
34106
34108
34114
34115
34117
34119
34123
34124
34126
34128
34130
34131
34133
34138
34139
34140
34142
34143
34144
34146
34147
34148
34149
34150
34152
34153
34154
34155
34157
34163
34165
34166
34170
34171
34172
34174
34175
34177
34179
34180
34182
34183
34184
34185
34186
34189
34190
34191
34192
34195
34197
34199
34200
34202
34204
34206
34207
34208
34209
34210
34212
34215
34217
34218
34221
34223
34224
34225
34226
34229
34230
34231
34232
34237
34242
34243
34244
34245
34248
34250
34252
34259
34260
34261
34263
34266
34273
34280
34282
34286
34287
34288
34291
34292
34294
34297
34298
34300
34305
34307
34311
34315
34318
34320
34321
34322
34323
34326
34328
34330
34335
34341
34342
34344
34349
34351
34352
34353
34354
34356
34359
34361
34362
34363
34364
34369
34370
34371
34374
34377
34378
34379
34380
34381
34382
34383
34385
34387
34390
34392
34394
34395
34397
34398
34402
34407
34410
34411
34412
34413
34414
34415
34422
34426
34427
34428
34429
34431
34433
34438
34439
34441
34442
34445
34447
34449
34452
34454
34456
34457
34458
34459
34461
34464
34466
34467
34469
34470
34472
34474
34475
34477
34478
34483
34484
34485
34486
34488
34489
34491
34492
34493
34494
34495
34496
34497
34498
34502
34507
34508
34511
34514
34516
34520
34521
34524
34525
34526
34528
34531
34535
34537
34538
34539
34541
34542
34543
34544
34547
34548
34552
34554
34556
34559
34560
34561
34563
34564
34567
34569
34570
34571
34572
34574
34579
34580
34582
34583
34585
34586
34587
34589
34590
34593
34594
34595
34596
34597
34599
34601
34602
34603
34604
34605
34606
34609
34611
34613
34616
34617
34619
34627
34629
34634
34635
34636
34639
34644
34645
34648
34651
34653
34654
34655
34658
34661
34662
34665
34666
34667
34669
34671
34676
34677
34681
34686
34688
34689
34690
34692
34693
34694
34695
34696
34697
34699
34701
34702
34703
34704
34705
34708
34710
34711
34712
34717
34719
34721
34722
34725
34730
34733
34735
34738
34740
34742
34746
34748
34750
34754
34755
34757
34758
34759
34761
34763
34765
34768
34769
34774
34776
34777
34783
34785
34786
34789
34790
34794
34796
34801
34803
34804
34805
34806
34807
34809
34811
34812
34813
34818
34819
34821
34823
34824
34826
34827
34828
34831
34833
34838
34842
34844
34848
34849
34851
34854
34855
34856
34857
34858
34861
34862
34863
34864
34867
34868
34870
34871
34872
34873
34879
34881
34884
34885
34886
34889
34891
34892
34893
34896
34898
34902
34905
34910
34914
34917
34918
34921
34922
34923
34925
34926
34927
34928
34929
34936
34937
34938
34940
34944
34945
34946
34951
34954
34955
34961
34965
34966
34967
34969
34971
34975
34976
34979
34980
34981
34983
34985
34987
34989
34990
34991
34992
34993
34994
34996
34997
34999
35003
35004
35005
35009
35011
35013
35017
35018
35019
35020
35023
35025
35026
35027
35030
35033
35034
35037
35039
35040
35042
35044
35047
35052
35054
35058
35059
35061
35062
35063
35066
35073
35074
35075
35078
35079
35081
35083
35085
35086
35088
35090
35092
35093
35095
35097
35102
35103
35104
35106
35107
35108
35110
35111
35113
35115
35116
35117
35120
35121
35122
35124
35127
35128
35131
35134
35137
35138
35139
35141
35147
35148
35149
35150
35151
35154
35155
35156
35158
35160
35162
35163
35164
35168
35169
35170
35173
35174
35175
35178
35179
35180
35181
35182
35185
35186
35187
35190
35191
35194
35195
35196
35197
35198
35199
35201
35203
35204
35206
35211
35212
35213
35214
35215
35217
35218
35219
35220
35221
35223
35225
35226
35227
35230
35231
35232
35233
35236
35238
35239
35243
35244
35246
35248
35251
35257
35258
35259
35262
35263
35264
35265
35266
35267
35268
35269
35270
35272
35275
35281
35283
35285
35287
35291
35292
35293
35295
35296
35297
35298
35300
35301
35304
35305
35307
35308
35309
35314
35315
35318
35320
35321
35322
35326
35329
35330
35333
35336
35340
35341
35342
35343
35344
35348
35349
35350
35352
35353
35356
35359
35361
35364
35371
35372
35374
35376
35379
35380
35382
35384
35385
35386
35387
35390
35391
35393
35394
35395
35397
35398
35400
35401
35403
35407
35409
35411
35412
35414
35415
35417
35423
35424
35429
35431
35432
35434
35435
35436
35439
35440
35446
35447
35448
35449
35454
35455
35456
35457
35459
35462
35465
35467
35469
35470
35472
35475
35480
35481
35482
35487
35489
35491
35493
35494
35495
35497
35498
35503
35504
35508
35510
35511
35513
35514
35515
35517
35518
35519
35520
35527
35529
35533
35534
35535
35541
35542
35543
35544
35546
35547
35548
35549
35551
35552
35555
35556
35558
35560
35561
35566
35567
35569
35573
35574
35575
35580
35581
35584
35589
35592
35594
35596
35597
35598
35602
35605
35606
35607
35609
35619
35622
35623
35624
35625
35626
35627
35632
35635
35636
35637
35638
35641
35642
35643
35645
35646
35647
35650
35651
35653
35656
35657
35658
35661
35662
35663
35664
35665
35666
35667
35668
35670
35671
35674
35676
35677
35678
35680
35681
35682
35684
35685
35686
35688
35689
35690
35693
35694
35695
35696
35703
35704
35707
35709
35712
35713
35714
35715
35716
35718
35719
35720
35721
35722
35723
35724
35725
35726
35727
35729
35731
35734
35735
35737
35738
35739
35741
35745
35750
35751
35755
35757
35758
35761
35762
35766
35767
35769
35773
35776
35778
35784
35785
35787
35789
35790
35794
35798
35799
35800
35802
35804
35805
35807
35808
35811
35813
35815
35817
35818
35821
35822
35825
35826
35831
35832
35833
35838
35839
35846
35847
35848
35849
35850
35852
35853
35855
35856
35858
35859
35861
35864
35867
35869
35872
35875
35876
35881
35882
35884
35888
35889
35891
35894
35897
35903
35904
35907
35908
35910
35911
35913
35914
35915
35918
35919
35923
35924
35926
35930
35931
35933
35934
35935
35940
35945
35947
35949
35950
35956
35960
35961
35962
35963
35965
35966
35967
35968
35969
35971
35973
35975
35976
35978
35979
35981
35982
35989
35991
35992
35994
35996
35998
35999
36000
36002
36003
36006
36007
36008
36011
36017
36018
36020
36022
36023
36026
36027
36028
36031
36034
36035
36036
36037
36038
36039
36040
36044
36047
36057
36058
36059
36060
36062
36064
36066
36068
36069
36071
36072
36074
36077
36079
36082
36083
36092
36094
36095
36098
36099
36101
36103
36105
36107
36110
36111
36112
36117
36119
36121
36125
36127
36128
36131
36133
36135
36136
36138
36142
36144
36147
36149
36152
36154
36155
36157
36163
36164
36165
36167
36169
36170
36171
36172
36173
36174
36176
36177
36179
36180
36181
36182
36185
36188
36190
36193
36194
36196
36201
36202
36204
36207
36208
36211
36216
36219
36220
36221
36223
36224
36227
36230
36231
36233
36235
36238
36239
36241
36244
36246
36247
36250
36252
36254
36255
36256
36258
36259
36268
36269
36271
36273
36274
36276
36277
36278
36279
36280
36281
36283
36284
36285
36286
36287
36294
36295
36299
36302
36303
36306
36309
36311
36313
36314
36316
36317
36323
36324
36325
36328
36332
36334
36337
36339
36341
36343
36344
36345
36346
36349
36352
36354
36358
36361
36363
36364
36366
36367
36370
36371
36373
36376
36378
36380
36381
36390
36393
36399
36400
36401
36404
36406
36407
36409
36412
36413
36414
36415
36416
36417
36418
36420
36421
36422
36424
36427
36430
36434
36436
36438
36439
36440
36443
36444
36445
36446
36448
36450
36451
36452
36453
36454
36457
36458
36460
36463
36467
36469
36470
36473
36476
36478
36479
36480
36488
36490
36492
36493
36497
36498
36500
36501
36514
36517
36518
36519
36520
36521
36526
36527
36531
36532
36533
36537
36539
36540
36541
36542
36543
36544
36546
36549
36551
36554
36557
36561
36563
36564
36565
36568
36572
36573
36577
36584
36587
36588
36590
36593
36594
36595
36596
36604
36605
36608
36609
36613
36614
36615
36616
36617
36620
36621
36623
36624
36625
36626
36627
36630
36631
36633
36634
36635
36636
36641
36644
36645
36647
36648
36651
36653
36654
36655
36658
36660
36661
36662
36663
36664
36668
36670
36673
36674
36675
36679
36680
36684
36689
36690
36692
36695
36696
36698
36704
36706
36708
36709
36710
36713
36722
36724
36726
36731
36735
36739
36740
36741
36742
36746
36747
36748
36749
36750
36751
36754
36757
36761
36762
36765
36766
36767
36769
36771
36772
36775
36777
36778
36779
36780
36781
36783
36784
36785
36786
36787
36788
36789
36793
36798
36800
36802
36803
36805
36806
36807
36808
36811
36812
36813
36815
36821
36823
36824
36827
36831
36834
36836
36840
36845
36847
36848
36850
36851
36856
36857
36858
36859
36865
36868
36869
36870
36871
36875
36876
36880
36882
36886
36888
36890
36891
36892
36893
36895
36896
36900
36901
36903
36907
36908
36909
36910
36911
36912
36918
36920
36922
36924
36925
36930
36931
36934
36936
36937
36940
36944
36945
36947
36949
36950
36952
36954
36958
36959
36962
36963
36964
36967
36968
36969
36970
36972
36975
36978
36981
36983
36984
36989
36992
36993
36995
36996
36997
36998
36999
37002
37003
37007
37009
37012
37013
37014
37015
37016
37017
37019
37021
37022
37023
37026
37027
37028
37029
37031
37033
37034
37037
37038
37041
37043
37046
37051
37053
37056
37057
37062
37063
37066
37068
37069
37072
37073
37075
37078
37079
37080
37081
37082
37083
37085
37087
37089
37091
37093
37101
37102
37103
37105
37108
37109
37110
37111
37116
37119
37120
37123
37128
37131
37132
37135
37138
37139
37141
37142
37143
37145
37146
37148
37155
37158
37159
37161
37164
37165
37168
37171
37172
37173
37174
37179
37180
37181
37182
37183
37185
37189
37190
37192
37194
37195
37196
37197
37200
37201
37202
37203
37204
37207
37208
37209
37211
37215
37220
37221
37222
37223
37224
37225
37227
37228
37229
37230
37232
37234
37235
37236
37239
37240
37242
37243
37245
37246
37251
37253
37254
37255
37257
37263
37264
37266
37267
37268
37271
37273
37274
37277
37280
37284
37285
37286
37291
37292
37294
37295
37297
37300
37303
37310
37311
37314
37321
37323
37326
37330
37332
37333
37334
37337
37339
37340
37341
37343
37345
37346
37349
37350
37352
37353
37354
37355
37357
37361
37366
37371
37373
37374
37375
37379
37380
37381
37384
37386
37390
37391
37392
37393
37398
37400
37403
37404
37405
37406
37407
37408
37409
37412
37420
37426
37427
37428
37430
37431
37432
37435
37438
37440
37443
37444
37445
37450
37451
37453
37456
37457
37458
37461
37462
37466
37470
37474
37476
37478
37482
37483
37484
37485
37488
37489
37490
37491
37494
37496
37501
37502
37505
37507
37509
37511
37512
37513
37514
37515
37518
37524
37526
37528
37529
37533
37538
37541
37542
37543
37544
37548
37550
37554
37555
37558
37559
37564
37565
37566
37568
37569
37576
37578
37581
37582
37585
37587
37589
37593
37594
37597
37599
37601
37604
37605
37606
37607
37608
37612
37615
37617
37618
37619
37622
37623
37624
37626
37627
37628
37630
37632
37633
37635
37638
37640
37641
37642
37644
37645
37646
37647
37650
37656
37659
37662
37664
37665
37666
37668
37669
37670
37671
37674
37683
37686
37689
37690
37692
37697
37700
37703
37704
37705
37706
37707
37709
37712
37714
37716
37717
37718
37722
37725
37726
37728
37729
37730
37731
37733
37734
37735
37737
37738
37741
37744
37745
37746
37747
37748
37749
37751
37755
37759
37765
37766
37767
37768
37769
37770
37772
37773
37774
37776
37777
37778
37779
37781
37782
37787
37790
37792
37793
37794
37795
37802
37803
37806
37807
37808
37811
37812
37815
37818
37822
37823
37824
37825
37828
37829
37830
37831
37832
37833
37835
37837
37838
37840
37841
37845
37848
37850
37851
37854
37855
37857
37863
37864
37865
37866
37872
37876
37877
37886
37887
37889
37890
37893
37895
37901
37902
37903
37904
37906
37907
37908
37909
37910
37912
37916
37919
37920
37921
37922
37927
37929
37930
37933
37934
37936
37939
37940
37941
37942
37943
37946
37947
37950
37954
37955
37957
37958
37959
37961
37963
37964
37966
37970
37971
37974
37975
37977
37983
37984
37985
37986
37987
37990
37991
37994
37996
37997
38000
38001
38002
38003
38008
38009
38011
38013
38014
38019
38021
38022
38023
38024
38026
38029
38030
38031
38032
38034
38036
38040
38041
38042
38043
38047
38049
38050
38051
38052
38053
38056
38057
38059
38060
38062
38064
38065
38067
38068
38071
38075
38077
38078
38080
38081
38083
38086
38087
38091
38093
38094
38095
38096
38098
38099
38103
38107
38109
38114
38118
38120
38121
38122
38124
38129
38130
38133
38135
38136
38137
38139
38140
38144
38147
38149
38151
38154
38155
38156
38160
38161
38164
38166
38168
38169
38170
38172
38173
38174
38175
38177
38181
38182
38187
38188
38195
38196
38198
38200
38201
38203
38204
38206
38208
38213
38214
38215
38216
38218
38219
38220
38221
38222
38223
38224
38225
38227
38234
38237
38238
38240
38241
38243
38246
38248
38250
38252
38253
38254
38255
38256
38257
38258
38260
38262
38264
38265
38266
38269
38270
38272
38273
38275
38276
38279
38280
38281
38286
38289
38294
38295
38296
38298
38299
38300
38302
38305
38306
38308
38310
38311
38313
38314
38315
38317
38320
38321
38325
38328
38329
38334
38341
38342
38343
38344
38345
38346
38350
38353
38356
38357
38359
38361
38363
38366
38367
38368
38370
38373
38377
38379
38380
38381
38383
38384
38385
38387
38389
38390
38394
38403
38404
38406
38409
38410
38411
38413
38414
38415
38420
38421
38423
38425
38426
38428
38430
38431
38432
38434
38435
38437
38438
38441
38443
38444
38446
38447
38448
38460
38461
38467
38468
38469
38470
38473
38474
38475
38476
38478
38479
38481
38483
38485
38486
38487
38488
38491
38493
38496
38500
38501
38502
38503
38505
38506
38513
38514
38517
38519
38520
38521
38522
38523
38524
38526
38527
38529
38530
38535
38537
38538
38539
38540
38541
38544
38546
38547
38551
38552
38558
38561
38562
38566
38567
38571
38572
38573
38574
38576
38577
38585
38586
38587
38589
38592
38594
38595
38597
38599
38600
38601
38602
38603
38605
38611
38612
38613
38614
38615
38618
38619
38620
38621
38622
38624
38627
38629
38633
38635
38638
38639
38640
38641
38642
38644
38647
38649
38651
38655
38656
38657
38658
38661
38664
38665
38668
38669
38670
38671
38672
38673
38674
38675
38676
38677
38678
38682
38686
38688
38689
38690
38691
38692
38694
38696
38698
38699
38700
38702
38707
38708
38710
38714
38716
38717
38719
38722
38723
38724
38725
38727
38728
38729
38732
38733
38734
38736
38740
38744
38745
38747
38750
38752
38756
38757
38759
38760
38761
38762
38766
38767
38768
38771
38774
38777
38778
38779
38783
38784
38785
38788
38790
38794
38796
38798
38799
38800
38805
38807
38808
38809
38810
38812
38815
38816
38817
38821
38822
38824
38827
38828
38829
38831
38834
38838
38841
38842
38844
38850
38852
38855
38856
38859
38862
38863
38865
38866
38868
38869
38870
38872
38873
38876
38878
38879
38880
38886
38887
38888
38889
38891
38893
38894
38895
38897
38900
38901
38904
38905
38906
38910
38912
38914
38915
38916
38920
38921
38927
38929
38930
38932
38940
38942
38943
38944
38945
38946
38947
38952
38954
38955
38959
38964
38965
38966
38969
38970
38971
38972
38973
38975
38977
38981
38984
38985
38986
38987
38988
38989
38990
38991
38992
38995
38997
38998
39002
39005
39006
39007
39008
39013
39014
39015
39017
39023
39027
39031
39035
39036
39037
39039
39042
39044
39046
39048
39049
39051
39052
39053
39060
39061
39068
39069
39073
39074
39079
39083
39084
39087
39091
39092
39095
39097
39098
39099
39100
39103
39104
39107
39113
39114
39115
39118
39119
39120
39121
39122
39124
39125
39126
39127
39129
39130
39131
39133
39134
39135
39137
39138
39141
39142
39143
39144
39149
39150
39152
39153
39154
39155
39157
39158
39159
39160
39162
39164
39166
39167
39168
39171
39172
39174
39175
39177
39179
39180
39183
39186
39188
39190
39191
39192
39193
39200
39202
39203
39204
39206
39209
39211
39212
39213
39216
39217
39218
39224
39225
39227
39229
39230
39231
39232
39233
39235
39237
39243
39245
39246
39247
39248
39250
39251
39252
39253
39254
39255
39257
39260
39261
39263
39264
39265
39272
39274
39276
39277
39280
39281
39285
39286
39291
39293
39294
39298
39300
39302
39304
39305
39306
39307
39309
39310
39312
39315
39316
39319
39320
39322
39330
39331
39332
39333
39336
39337
39340
39342
39348
39350
39351
39352
39354
39357
39361
39364
39367
39368
39370
39372
39373
39374
39378
39379
39381
39382
39386
39388
39389
39391
39393
39395
39397
39402
39404
39407
39411
39412
39419
39421
39422
39423
39424
39428
39429
39431
39432
39434
39435
39437
39438
39440
39441
39442
39447
39450
39457
39460
39461
39462
39464
39465
39469
39473
39475
39476
39478
39479
39483
39485
39487
39489
39490
39493
39496
39501
39505
39509
39512
39515
39516
39517
39518
39519
39520
39521
39523
39524
39525
39533
39536
39537
39539
39542
39543
39544
39545
39546
39548
39551
39553
39555
39562
39563
39564
39566
39567
39569
39570
39571
39574
39576
39580
39581
39584
39585
39586
39593
39594
39595
39596
39600
39601
39602
39603
39604
39605
39607
39608
39610
39611
39614
39615
39616
39619
39622
39623
39624
39625
39627
39630
39634
39640
39642
39645
39652
39654
39656
39661
39669
39672
39674
39676
39679
39680
39682
39685
39686
39687
39689
39690
39693
39694
39695
39696
39697
39699
39700
39702
39707
39708
39709
39710
39716
39717
39718
39719
39723
39724
39726
39727
39729
39730
39732
39735
39736
39739
39741
39743
39746
39747
39748
39749
39750
39751
39753
39754
39760
39762
39764
39767
39773
39775
39776
39780
39781
39782
39783
39785
39786
39787
39792
39794
39798
39799
39803
39804
39806
39810
39813
39814
39815
39817
39818
39820
39821
39823
39824
39825
39831
39833
39834
39837
39838
39839
39841
39843
39847
39850
39851
39853
39855
39857
39858
39863
39864
39865
39867
39868
39869
39872
39874
39879
39880
39882
39883
39884
39887
39890
39891
39892
39894
39895
39896
39897
39898
39900
39901
39903
39905
39907
39909
39911
39915
39916
39922
39923
39924
39926
39927
39930
39932
39934
39935
39936
39939
39941
39948
39949
39950
39951
39952
39956
39959
39960
39963
39964
39965
39966
39968
39971
39972
39973
39975
39976
39979
39982
39988
39991
39995
39996
39997
39998
40003
40004
40005
40007
40011
40016
40018
40021
40023
40026
40027
40029
40034
40035
40040
40043
40049
40051
40052
40053
40054
40055
40057
40060
40062
40067
40070
40072
40073
40079
40081
40085
40086
40089
40090
40091
40094
40095
40096
40097
40099
40100
40101
40102
40104
40106
40112
40113
40114
40117
40118
40121
40122
40125
40126
40129
40132
40134
40135
40136
40139
40140
40141
40143
40147
40149
40151
40152
40153
40155
40156
40160
40161
40162
40163
40164
40167
40171
40173
40175
40181
40182
40183
40185
40187
40189
40191
40195
40197
40198
40200
40201
40202
40203
40204
40205
40208
40211
40213
40214
40215
40216
40220
40224
40227
40229
40231
40232
40233
40234
40241
40243
40244
40245
40249
40251
40253
40259
40260
40261
40265
40267
40269
40271
40273
40274
40275
40277
40280
40282
40292
40296
40297
40301
40304
40305
40307
40308
40310
40312
40314
40315
40316
40317
40318
40320
40321
40322
40323
40324
40328
40329
40330
40333
40334
40335
40337
40340
40344
40345
40349
40351
40352
40353
40354
40356
40357
40358
40360
40361
40364
40365
40366
40367
40368
40371
40372
40373
40374
40377
40388
40391
40392
40394
40395
40399
40400
40401
40409
40410
40411
40413
40416
40417
40420
40421
40422
40423
40424
40425
40426
40428
40429
40430
40432
40435
40437
40439
40440
40443
40444
40445
40450
40452
40455
40456
40457
40458
40461
40462
40467
40468
40469
40474
40476
40478
40479
40481
40484
40486
40487
40488
40490
40491
40492
40493
40494
40495
40496
40498
40500
40502
40503
40505
40506
40509
40512
40514
40516
40519
40521
40523
40524
40526
40527
40530
40534
40536
40538
40540
40541
40544
40545
40549
40550
40551
40554
40555
40559
40566
40567
40570
40574
40575
40577
40580
40589
40590
40592
40593
40596
40600
40602
40607
40608
40610
40611
40612
40613
40614
40615
40616
40617
40618
40619
40620
40622
40623
40624
40625
40629
40631
40633
40637
40638
40640
40642
40648
40657
40658
40660
40663
40665
40666
40667
40668
40672
40676
40677
40682
40685
40686
40687
40688
40691
40692
40696
40701
40702
40704
40706
40708
40709
40710
40712
40713
40714
40715
40720
40727
40731
40732
40739
40741
40742
40744
40745
40746
40750
40753
40755
40756
40757
40759
40760
40762
40769
40770
40773
40774
40775
40777
40782
40784
40788
40789
40792
40795
40796
40797
40799
40800
40801
40805
40807
40808
40811
40812
40814
40816
40818
40820
40822
40826
40827
40828
40829
40832
40835
40841
40842
40843
40845
40846
40852
40855
40856
40857
40860
40862
40863
40866
40868
40869
40870
40871
40879
40882
40884
40886
40888
40889
40890
40891
40893
40895
40898
40900
40902
40903
40904
40906
40907
40909
40914
40915
40917
40921
40923
40924
40925
40927
40928
40929
40931
40932
40933
40934
40935
40936
40937
40938
40943
40948
40952
40955
40956
40957
40961
40964
40965
40967
40971
40973
40975
40977
40979
40980
40984
40985
40986
40989
40991
40992
40996
40997
41003
41004
41006
41007
41008
41009
41010
41014
41021
41025
41032
41033
41036
41038
41041
41042
41044
41046
41047
41053
41054
41055
41056
41058
41059
41060
41061
41063
41064
41069
41070
41071
41076
41078
41084
41091
41092
41093
41097
41098
41100
41101
41104
41109
41114
41115
41116
41118
41122
41124
41125
41126
41129
41133
41134
41135
41137
41143
41145
41146
41147
41153
41154
41156
41158
41159
41160
41163
41167
41168
41169
41171
41177
41178
41180
41184
41185
41188
41189
41190
41192
41194
41196
41198
41199
41200
41201
41202
41203
41205
41208
41210
41211
41214
41216
41217
41218
41219
41221
41222
41226
41227
41234
41235
41236
41237
41238
41239
41240
41242
41246
41248
41250
41251
41253
41257
41262
41263
41264
41271
41274
41275
41276
41279
41282
41283
41284
41287
41288
41289
41293
41294
41297
41298
41301
41304
41305
41306
41308
41309
41310
41311
41312
41314
41315
41318
41320
41321
41325
41326
41329
41331
41333
41334
41336
41338
41339
41342
41343
41344
41345
41348
41352
41353
41354
41355
41356
41358
41360
41362
41363
41368
41370
41376
41378
41380
41381
41383
41384
41387
41389
41390
41392
41393
41395
41396
41401
41402
41406
41407
41408
41409
41410
41411
41416
41418
41419
41422
41424
41425
41427
41429
41432
41433
41434
41435
41436
41438
41439
41441
41444
41445
41449
41452
41453
41462
41465
41467
41469
41470
41471
41472
41474
41476
41477
41478
41483
41484
41488
41489
41491
41493
41495
41496
41497
41499
41500
41502
41503
41504
41505
41507
41518
41522
41525
41528
41529
41534
41536
41537
41538
41543
41545
41546
41548
41549
41551
41552
41554
41555
41556
41557
41558
41559
41560
41562
41563
41565
41570
41572
41573
41574
41576
41578
41580
41581
41582
41583
41591
41593
41598
41599
41600
41605
41608
41611
41614
41619
41620
41622
41623
41625
41627
41628
41631
41632
41633
41634
41636
41637
41638
41642
41644
41645
41648
41651
41652
41653
41657
41659
41660
41661
41663
41664
41665
41666
41667
41670
41672
41674
41676
41677
41678
41679
41680
41682
41683
41685
41686
41689
41691
41696
41697
41703
41705
41707
41709
41711
41712
41715
41723
41724
41727
41729
41731
41732
41737
41738
41739
41740
41744
41745
41750
41752
41755
41756
41757
41758
41760
41762
41763
41766
41769
41776
41778
41780
41784
41785
41786
41788
41794
41795
41796
41797
41798
41803
41804
41806
41809
41810
41811
41813
41816
41817
41820
41821
41823
41824
41827
41830
41832
41841
41842
41843
41845
41847
41848
41849
41851
41856
41858
41861
41862
41866
41869
41871
41873
41874
41875
41876
41881
41884
41885
41886
41887
41888
41889
41895
41896
41897
41901
41903
41906
41910
41913
41914
41919
41920
41923
41925
41926
41928
41930
41932
41933
41936
41937
41938
41941
41942
41945
41947
41948
41949
41951
41952
41953
41954
41958
41960
41962
41964
41965
41967
41969
41973
41978
41979
41980
41982
41984
41985
41986
41990
41991
41992
41993
41994
41996
41999
42000
42007
42009
42013
42014
42016
42017
42018
42021
42023
42029
42030
42031
42033
42034
42036
42037
42038
42041
42042
42043
42045
42048
42050
42051
42052
42055
42057
42059
42060
42067
42068
42069
42070
42076
42079
42080
42081
42084
42087
42089
42090
42094
42095
42097
42098
42099
42102
42107
42108
42109
42110
42111
42116
42117
42118
42120
42122
42125
42127
42133
42135
42136
42138
42141
42142
42144
42145
42148
42150
42158
42159
42161
42162
42164
42170
42172
42174
42177
42182
42183
42187
42191
42195
42196
42197
42198
42201
42202
42204
42206
42208
42209
42212
42214
42215
42216
42219
42220
42221
42224
42229
42233
42234
42235
42237
42239
42240
42245
42246
42248
42249
42250
42251
42253
42254
42255
42256
42258
42262
42264
42265
42269
42272
42273
42275
42277
42278
42279
42280
42281
42283
42285
42287
42290
42293
42294
42298
42304
42305
42308
42309
42311
42313
42314
42315
42317
42319
42320
42321
42322
42324
42327
42334
42335
42336
42337
42339
42341
42342
42350
42353
42354
42355
42357
42358
42359
42360
42361
42365
42366
42368
42371
42374
42378
42379
42385
42387
42390
42391
42392
42395
42398
42399
42402
42407
42408
42409
42410
42416
42417
42419
42420
42426
42427
42433
42437
42439
42441
42442
42446
42448
42449
42450
42451
42452
42454
42465
42466
42470
42472
42475
42476
42479
42480
42481
42482
42488
42493
42494
42497
42499
42503
42505
42506
42509
42511
42512
42515
42519
42520
42521
42522
42523
42524
42528
42529
42530
42537
42541
42555
42556
42557
42560
42561
42562
42563
42568
42569
42570
42571
42573
42574
42575
42579
42581
42583
42584
42585
42587
42588
42589
42592
42594
42597
42600
42601
42602
42605
42606
42608
42609
42612
42616
42618
42619
42621
42625
42626
42629
42630
42631
42634
42638
42640
42641
42644
42647
42648
42649
42655
42657
42660
42662
42663
42664
42667
42669
42673
42674
42677
42679
42682
42684
42688
42690
42691
42693
42695
42698
42699
42700
42701
42704
42706
42707
42708
42714
42716
42718
42723
42725
42726
42727
42728
42732
42733
42735
42737
42738
42739
42743
42744
42747
42748
42749
42750
42751
42754
42755
42758
42759
42760
42761
42763
42764
42767
42768
42769
42770
42771
42774
42775
42778
42780
42782
42783
42785
42790
42792
42794
42800
42802
42806
42810
42811
42814
42818
42819
42820
42821
42822
42823
42824
42825
42826
42827
42828
42831
42836
42838
42844
42845
42846
42848
42855
42857
42859
42861
42862
42865
42866
42869
42871
42872
42876
42877
42878
42879
42883
42884
42885
42888
42890
42891
42893
42894
42896
42901
42902
42903
42904
42906
42907
42908
42909
42910
42914
42916
42917
42918
42920
42922
42925
42926
42929
42930
42931
42935
42936
42937
42938
42939
42940
42947
42954
42956
42957
42958
42959
42960
42961
42966
42969
42970
42972
42973
42980
42982
42983
42985
42986
42987
42991
43002
43004
43008
43011
43012
43014
43016
43017
43018
43021
43022
43023
43025
43026
43027
43028
43029
43030
43031
43032
43033
43035
43043
43044
43046
43048
43049
43050
43054
43055
43056
43057
43059
43060
43061
43062
43063
43066
43067
43069
43076
43078
43084
43085
43087
43088
43089
43093
43096
43098
43101
43104
43105
43106
43108
43115
43117
43119
43120
43122
43123
43124
43130
43132
43136
43137
43138
43139
43140
43142
43143
43144
43145
43146
43150
43152
43153
43157
43159
43160
43162
43163
43164
43167
43168
43170
43173
43174
43175
43178
43179
43181
43183
43185
43189
43192
43194
43200
43203
43204
43205
43208
43210
43219
43222
43223
43224
43225
43227
43234
43236
43237
43240
43241
43242
43244
43245
43246
43252
43253
43254
43256
43257
43259
43261
43264
43269
43270
43272
43277
43278
43280
43282
43283
43286
43287
43288
43289
43292
43296
43300
43302
43311
43312
43313
43314
43315
43316
43317
43320
43321
43322
43323
43327
43329
43330
43334
43336
43337
43338
43339
43340
43341
43342
43343
43346
43350
43352
43354
43356
43358
43359
43361
43363
43366
43371
43375
43376
43378
43379
43384
43386
43389
43391
43396
43400
43401
43405
43406
43416
43418
43419
43420
43422
43423
43424
43427
43430
43432
43433
43438
43439
43440
43441
43442
43443
43444
43447
43448
43449
43452
43453
43454
43455
43456
43460
43464
43471
43473
43474
43477
43478
43480
43486
43489
43491
43492
43493
43494
43495
43501
43502
43505
43508
43509
43511
43514
43515
43516
43517
43518
43519
43520
43521
43524
43526
43531
43532
43537
43541
43543
43549
43550
43551
43553
43554
43559
43560
43563
43564
43566
43568
43569
43573
43574
43575
43577
43579
43582
43584
43588
43589
43590
43591
43592
43598
43601
43602
43604
43608
43609
43610
43613
43614
43616
43617
43618
43624
43625
43627
43628
43629
43631
43632
43636
43638
43639
43640
43643
43646
43647
43648
43652
43655
43657
43659
43661
43662
43665
43667
43668
43670
43672
43674
43675
43678
43680
43681
43682
43684
43685
43686
43688
43692
43693
43698
43699
43701
43702
43703
43704
43707
43711
43712
43716
43719
43721
43723
43724
43727
43737
43738
43741
43745
43746
43747
43748
43750
43752
43753
43754
43757
43758
43761
43765
43768
43771
43773
43774
43777
43778
43780
43783
43786
43787
43789
43791
43798
43800
43801
43802
43805
43807
43809
43810
43812
43813
43818
43819
43820
43821
43822
43824
43833
43837
43840
43843
43845
43847
43851
43855
43856
43858
43859
43860
43864
43867
43869
43870
43872
43873
43876
43881
43883
43886
43888
43889
43893
43895
43896
43897
43899
43900
43905
43906
43907
43911
43912
43914
43917
43918
43922
43927
43928
43934
43940
43943
43945
43949
43950
43951
43953
43954
43955
43956
43957
43961
43964
43966
43970
43974
43976
43978
43981
43982
43987
43988
43989
43993
43994
43996
43997
43998
44005
44007
44010
44012
44014
44015
44016
44019
44020
44023
44024
44026
44027
44031
44032
44035
44037
44039
44041
44042
44044
44047
44049
44050
44054
44055
44056
44058
44059
44061
44063
44064
44065
44067
44068
44069
44070
44071
44073
44074
44075
44079
44082
44083
44084
44088
44089
44090
44093
44094
44099
44100
44102
44104
44106
44107
44109
44111
44120
44125
44126
44129
44131
44136
44139
44142
44144
44146
44150
44153
44155
44156
44158
44159
44162
44163
44164
44168
44172
44174
44177
44180
44181
44183
44185
44186
44187
44188
44190
44191
44193
44195
44196
44197
44198
44201
44203
44205
44206
44210
44211
44213
44215
44217
44220
44221
44222
44223
44226
44229
44233
44234
44235
44236
44237
44239
44240
44245
44247
44249
44250
44256
44257
44259
44261
44262
44265
44267
44272
44273
44276
44277
44279
44280
44281
44283
44291
44297
44299
44301
44302
44304
44305
44308
44309
44312
44313
44316
44317
44321
44322
44324
44327
44328
44329
44338
44340
44342
44348
44349
44353
44355
44357
44359
44361
44365
44366
44368
44372
44374
44375
44379
44380
44382
44383
44385
44386
44387
44391
44392
44393
44394
44396
44397
44398
44399
44400
44401
44402
44404
44405
44406
44409
44410
44416
44417
44420
44421
44424
44425
44426
44427
44428
44429
44430
44433
44434
44435
44437
44440
44444
44445
44448
44451
44453
44454
44458
44459
44462
44464
44465
44466
44468
44469
44472
44474
44476
44477
44481
44485
44486
44490
44491
44496
44498
44499
44501
44503
44508
44509
44510
44511
44513
44514
44515
44516
44518
44519
44521
44522
44525
44526
44527
44528
44529
44536
44538
44539
44540
44541
44543
44547
44550
44552
44555
44559
44560
44561
44563
44564
44565
44566
44570
44574
44575
44576
44579
44581
44584
44585
44587
44594
44595
44596
44597
44602
44604
44606
44608
44609
44610
44612
44613
44615
44616
44617
44618
44620
44627
44630
44631
44632
44634
44635
44636
44637
44638
44639
44641
44646
44647
44651
44652
44653
44656
44658
44659
44661
44662
44665
44668
44669
44670
44671
44673
44675
44677
44680
44681
44683
44685
44687
44688
44689
44690
44692
44695
44700
44701
44702
44704
44705
44707
44709
44710
44711
44713
44714
44715
44716
44717
44721
44723
44724
44726
44728
44730
44732
44735
44736
44741
44742
44744
44747
44749
44750
44752
44754
44756
44758
44766
44774
44778
44779
44780
44783
44786
44787
44788
44793
44796
44798
44800
44801
44803
44804
44805
44807
44808
44810
44811
44812
44816
44818
44823
44825
44830
44835
44838
44842
44844
44845
44847
44848
44851
44852
44857
44858
44860
44862
44867
44868
44872
44874
44875
44879
44881
44882
44883
44885
44886
44887
44889
44891
44892
44893
44894
44896
44897
44901
44903
44906
44910
44912
44916
44919
44920
44921
44924
44925
44931
44932
44933
44936
44938
44943
44944
44946
44949
44953
44954
44955
44956
44957
44958
44960
44961
44962
44963
44964
44966
44970
44971
44975
44978
44979
44985
44988
44993
44994
45003
45004
45008
45010
45011
45012
45013
45015
45016
45020
45021
45023
45024
45028
45029
45030
45032
45034
45035
45036
45037
45038
45039
45040
45043
45046
45048
45051
45052
45053
45055
45056
45057
45059
45060
45061
45062
45064
45067
45072
45073
45078
45079
45080
45081
45082
45083
45084
45085
45090
45091
45092
45093
45096
45097
45099
45103
45104
45109
45114
45120
45122
45125
45127
45128
45129
45130
45136
45144
45147
45148
45151
45154
45162
45163
45164
45165
45166
45168
45169
45170
45171
45172
45175
45176
45178
45184
45190
45193
45197
45200
45201
45204
45206
45208
45209
45214
45216
45220
45221
45228
45231
45234
45236
45240
45241
45245
45246
45248
45258
45259
45260
45261
45262
45263
45265
45268
45269
45271
45273
45279
45280
45283
45284
45287
45288
45290
45292
45293
45295
45297
45300
45302
45304
45307
45312
45314
45315
45316
45317
45318
45319
45320
45322
45323
45324
45325
45326
45332
45335
45336
45337
45338
45339
45340
45341
45344
45345
45347
45348
45350
45352
45354
45355
45356
45357
45358
45363
45364
45368
45369
45373
45375
45377
45378
45383
45390
45391
45393
45396
45397
45399
45406
45407
45412
45419
45422
45423
45426
45430
45431
45434
45435
45436
45437
45440
45441
45442
45443
45444
45445
45446
45447
45449
45456
45457
45458
45459
45460
45464
45467
45468
45470
45471
45476
45477
45478
45479
45480
45482
45483
45489
45490
45491
45494
45498
45500
45501
45502
45503
45506
45508
45509
45513
45523
45526
45528
45532
45533
45534
45539
45543
45544
45546
45548
45549
45551
45555
45557
45560
45562
45563
45565
45568
45569
45572
45576
45577
45581
45582
45584
45586
45587
45589
45592
45595
45596
45599
45603
45604
45605
45606
45608
45610
45614
45615
45616
45618
45619
45620
45621
45623
45624
45626
45628
45629
45631
45632
45633
45634
45635
45637
45638
45640
45642
45644
45645
45650
45651
45656
45658
45659
45661
45670
45672
45673
45676
45677
45678
45680
45689
45692
45695
45702
45705
45707
45710
45712
45714
45716
45721
45723
45727
45736
45739
45741
45744
45746
45752
45755
45758
45759
45760
45762
45766
45767
45770
45771
45772
45773
45774
45775
45776
45778
45779
45780
45787
45792
45793
45800
45803
45804
45805
45806
45807
45808
45813
45815
45817
45819
45823
45826
45827
45829
45830
45832
45833
45836
45838
45839
45840
45841
45842
45844
45845
45846
45850
45852
45856
45859
45860
45861
45863
45864
45870
45871
45872
45873
45874
45876
45878
45883
45887
45888
45889
45890
45893
45894
45895
45897
45899
45901
45903
45905
45906
45907
45910
45912
45915
45916
45918
45919
45920
45921
45923
45926
45928
45929
45932
45938
45942
45947
45949
45950
45951
45956
45957
45958
45961
45965
45966
45967
45968
45970
45971
45973
45974
45975
45979
45982
45983
45989
45992
45995
45999
46000
46002
46003
46004
46011
46013
46015
46023
46025
46027
46028
46032
46033
46034
46038
46043
46046
46047
46048
46051
46053
46054
46056
46058
46059
46060
46065
46066
46067
46069
46071
46073
46077
46078
46079
46082
46083
46085
46087
46089
46091
46092
46093
46097
46099
46101
46102
46103
46104
46106
46107
46108
46109
46110
46111
46112
46119
46121
46122
46124
46125
46128
46129
46130
46131
46134
46137
46138
46139
46140
46142
46147
46152
46153
46161
46164
46167
46168
46172
46175
46179
46181
46185
46186
46188
46190
46196
46197
46199
46201
46204
46206
46207
46210
46211
46212
46215
46216
46219
46220
46224
46225
46226
46229
46230
46231
46232
46236
46239
46240
46245
46246
46247
46249
46250
46251
46254
46256
46257
46258
46262
46267
46268
46270
46272
46273
46277
46278
46279
46280
46282
46285
46291
46292
46295
46296
46298
46300
46302
46306
46307
46309
46313
46314
46315
46323
46324
46326
46327
46331
46332
46334
46339
46342
46346
46348
46349
46350
46351
46352
46353
46355
46357
46358
46359
46360
46362
46364
46366
46372
46374
46375
46377
46378
46382
46383
46385
46388
46389
46392
46396
46398
46405
46406
46407
46408
46410
46411
46412
46413
46416
46427
46429
46433
46434
46438
46439
46442
46447
46451
46452
46456
46459
46461
46462
46466
46468
46470
46474
46475
46481
46482
46484
46487
46488
46489
46492
46493
46496
46500
46501
46503
46506
46507
46508
46510
46511
46514
46517
46521
46522
46523
46524
46527
46539
46542
46543
46544
46545
46546
46551
46552
46553
46555
46558
46560
46562
46564
46565
46568
46573
46580
46581
46586
46588
46590
46591
46592
46594
46598
46601
46602
46604
46605
46606
46608
46612
46613
46615
46620
46622
46623
46626
46627
46630
46631
46632
46637
46639
46640
46643
46646
46648
46651
46654
46656
46658
46660
46661
46663
46665
46668
46670
46674
46676
46677
46678
46680
46683
46689
46691
46692
46693
46695
46697
46701
46702
46704
46706
46707
46708
46710
46713
46714
46716
46729
46731
46734
46741
46742
46743
46744
46748
46753
46754
46755
46756
46757
46761
46770
46771
46774
46776
46777
46778
46780
46784
46785
46790
46792
46795
46796
46798
46799
46800
46802
46810
46811
46816
46817
46819
46823
46824
46828
46829
46830
46834
46837
46838
46840
46844
46845
46849
46853
46854
46858
46861
46863
46864
46865
46867
46870
46871
46873
46874
46879
46881
46882
46889
46894
46896
46898
46899
46900
46902
46904
46909
46910
46912
46913
46916
46926
46928
46931
46932
46933
46938
46940
46945
46947
46952
46955
46957
46958
46960
46961
46962
46965
46966
46968
46969
46970
46972
46975
46977
46980
46985
46991
46993
46994
46995
47000
47002
47003
47010
47013
47014
47015
47018
47020
47024
47025
47026
47029
47033
47034
47038
47041
47042
47043
47044
47045
47047
47048
47051
47052
47055
47056
47063
47064
47067
47071
47075
47077
47078
47079
47080
47083
47085
47091
47094
47095
47096
47100
47102
47103
47106
47109
47110
47114
47116
47118
47119
47120
47121
47124
47125
47132
47135
47137
47142
47144
47147
47149
47151
47152
47154
47155
47160
47161
47162
47163
47169
47170
47171
47172
47175
47176
47177
47182
47189
47190
47196
47197
47198
47199
47203
47204
47207
47209
47211
47213
47215
47218
47224
47225
47228
47234
47235
47238
47239
47240
47241
47242
47247
47260
47262
47264
47268
47270
47272
47273
47274
47275
47276
47279
47280
47283
47284
47285
47286
47287
47289
47292
47297
47299
47304
47306
47307
47308
47309
47312
47313
47314
47315
47316
47317
47318
47325
47329
47330
47332
47335
47339
47342
47345
47350
47357
47358
47360
47362
47363
47364
47365
47366
47368
47371
47373
47375
47380
47382
47383
47384
47387
47388
47389
47391
47393
47394
47396
47398
47400
47403
47404
47406
47407
47409
47410
47413
47414
47416
47419
47422
47423
47424
47425
47427
47428
47430
47431
47432
47435
47437
47438
47439
47440
47449
47453
47454
47459
47463
47464
47465
47466
47467
47468
47469
47470
47474
47476
47477
47479
47484
47489
47492
47493
47494
47499
47502
47503
47504
47507
47510
47511
47512
47514
47516
47517
47520
47523
47524
47525
47527
47530
47535
47537
47544
47547
47548
47549
47551
47553
47555
47559
47561
47562
47563
47569
47571
47572
47585
47586
47587
47588
47589
47590
47591
47595
47601
47602
47613
47617
47618
47620
47624
47628
47633
47634
47636
47639
47642
47643
47647
47649
47651
47652
47653
47659
47660
47661
47662
47664
47665
47669
47673
47677
47680
47681
47682
47683
47685
47686
47687
47688
47689
47690
47692
47695
47696
47698
47702
47704
47705
47707
47710
47711
47713
47714
47715
47716
47717
47721
47723
47724
47727
47731
47732
47733
47736
47737
47738
47741
47745
47746
47750
47754
47755
47759
47763
47764
47765
47773
47774
47775
47780
47782
47783
47784
47786
47789
47790
47793
47796
47797
47798
47799
47800
47802
47804
47805
47806
47809
47810
47814
47815
47816
47819
47820
47825
47829
47831
47837
47838
47841
47842
47843
47844
47845
47847
47849
47850
47855
47856
47859
47861
47863
47866
47873
47876
47877
47879
47884
47886
47888
47890
47892
47893
47894
47896
47898
47899
47900
47905
47908
47909
47910
47912
47913
47914
47916
47918
47927
47928
47929
47930
47931
47932
47934
47935
47936
47940
47941
47949
47950
47957
47963
47965
47966
47974
47976
47978
47980
47983
47986
47987
47988
47991
47996
47997
48000
48005
48006
48009
48014
48016
48023
48027
48029
48035
48037
48042
48043
48045
48049
48051
48059
48061
48062
48063
48067
48069
48070
48072
48074
48075
48076
48078
48079
48081
48083
48085
48086
48090
48094
48095
48099
48107
48108
48109
48111
48115
48116
48117
48120
48121
48125
48127
48130
48132
48137
48138
48139
48144
48145
48148
48149
48150
48153
48154
48155
48161
48162
48164
48167
48169
48171
48172
48174
48175
48180
48181
48182
48183
48185
48186
48189
48190
48194
48196
48197
48198
48199
48202
48204
48205
48208
48213
48217
48218
48219
48220
48221
48224
48225
48226
48228
48229
48230
48232
48233
48235
48241
48249
48253
48254
48258
48260
48262
48268
48270
48272
48273
48275
48276
48278
48283
48290
48292
48293
48294
48297
48299
48302
48303
48305
48307
48311
48312
48317
48318
48320
48326
48327
48328
48331
48332
48334
48338
48341
48343
48345
48346
48349
48351
48353
48354
48355
48359
48361
48362
48364
48365
48366
48368
48372
48379
48380
48381
48388
48390
48393
48394
48395
48399
48401
48402
48403
48405
48406
48411
48412
48413
48414
48415
48418
48419
48421
48422
48424
48426
48428
48432
48437
48439
48443
48445
48447
48448
48449
48450
48452
48453
48454
48455
48456
48460
48462
48464
48465
48468
48469
48471
48473
48475
48478
48479
48480
48484
48485
48487
48489
48490
48491
48492
48498
48502
48506
48507
48510
48511
48515
48521
48522
48525
48527
48528
48529
48534
48535
48536
48538
48540
48541
48544
48548
48549
48550
48552
48555
48558
48561
48562
48564
48566
48567
48568
48570
48571
48573
48574
48576
48578
48579
48580
48584
48586
48588
48589
48590
48594
48595
48596
48597
48598
48599
48602
48604
48605
48606
48608
48609
48610
48612
48613
48614
48616
48620
48621
48622
48624
48627
48628
48629
48630
48631
48633
48634
48635
48641
48642
48644
48646
48647
48648
48650
48651
48653
48654
48658
48659
48660
48664
48668
48670
48672
48675
48676
48677
48678
48680
48683
48686
48688
48689
48691
48692
48693
48694
48695
48696
48698
48701
48704
48706
48710
48711
48712
48713
48714
48719
48720
48723
48724
48725
48726
48730
48731
48732
48734
48735
48739
48740
48741
48745
48746
48748
48749
48754
48756
48759
48762
48765
48769
48770
48771
48778
48779
48781
48782
48784
48786
48788
48789
48790
48792
48793
48795
48797
48799
48802
48804
48807
48808
48812
48816
48817
48818
48822
48823
48831
48833
48835
48836
48838
48840
48841
48842
48844
48847
48848
48850
48851
48854
48856
48860
48861
48864
48865
48868
48869
48872
48875
48876
48877
48878
48880
48885
48886
48888
48889
48891
48893
48894
48895
48896
48899
48900
48901
48903
48904
48907
48908
48909
48913
48915
48916
48917
48918
48920
48921
48922
48923
48927
48929
48931
48932
48933
48934
48936
48937
48939
48940
48942
48949
48950
48952
48955
48957
48958
48961
48965
48967
48968
48978
48980
48981
48983
48986
48989
48990
48991
48992
48994
48998
48999
49010
49011
49013
49014
49019
49023
49025
49028
49031
49032
49033
49038
49039
49044
49045
49047
49051
49052
49053
49056
49057
49062
49064
49067
49069
49070
49072
49073
49074
49075
49078
49080
49085
49086
49090
49091
49100
49102
49105
49107
49109
49112
49113
49115
49116
49118
49120
49121
49122
49124
49126
49128
49129
49130
49131
49136
49137
49143
49145
49147
49149
49151
49152
49159
49160
49161
49162
49163
49165
49169
49174
49175
49177
49179
49182
49184
49187
49190
49191
49193
49195
49197
49201
49203
49205
49208
49213
49216
49220
49221
49224
49227
49233
49236
49238
49239
49242
49243
49248
49251
49256
49257
49258
49259
49268
49271
49272
49273
49275
49279
49281
49282
49284
49291
49295
49298
49300
49301
49302
49307
49312
49316
49317
49318
49319
49325
49328
49329
49330
49332
49333
49334
49335
49339
49340
49341
49343
49345
49352
49353
49357
49358
49361
49362
49363
49364
49367
49368
49369
49370
49372
49374
49380
49383
49384
49385
49386
49389
49391
49392
49397
49399
49400
49401
49404
49406
49407
49408
49409
49412
49413
49417
49419
49422
49423
49426
49427
49428
49431
49433
49435
49436
49438
49441
49443
49446
49450
49451
49454
49455
49456
49459
49461
49463
49464
49466
49467
49468
49470
49473
49475
49480
49481
49484
49488
49490
49492
49493
49495
49496
49498
49499
49505
49507
49508
49509
49517
49518
49520
49522
49526
49527
49528
49530
49531
49532
49533
49535
49537
49538
49541
49543
49544
49546
49549
49551
49552
49554
49555
49558
49565
49569
49571
49575
49577
49580
49581
49582
49583
49588
49590
49595
49596
49602
49605
49606
49609
49610
49617
49619
49621
49623
49624
49625
49631
49639
49642
49647
49648
49654
49660
49662
49664
49665
49667
49669
49670
49673
49681
49686
49687
49691
49693
49696
49697
49705
49706
49709
49710
49711
49712
49714
49715
49720
49721
49724
49733
49734
49741
49742
49743
49746
49748
49755
49757
49763
49769
49772
49773
49782
49786
49787
49792
49793
49796
49800
49801
49807
49809
49812
49817
49818
49819
49823
49827
49828
49829
49831
49832
49833
49834
49838
49840
49843
49844
49845
49849
49852
49854
49859
49860
49862
49865
49871
49872
49873
49874
49875
49876
49877
49880
49885
49889
49893
49894
49896
49899
49900
49903
49904
49906
49907
49912
49913
49918
49921
49922
49924
49927
49930
49932
49935
49938
49940
49944
49946
49949
49952
49953
49957
49958
49962
49964
49966
49967
49969
49971
49972
49973
49974
49975
49978
49981
49986
49987
49988
49990
49993
49996
49999
50001
50002
50003
50010
50012
50015
50017
50020
50021
50031
50034
50039
50040
50041
50046
50047
50050
50053
50054
50061
50063
50067
50068
50071
50074
50076
50078
50083
50085
50086
50087
50088
50090
50091
50093
50095
50099
50100
50106
50110
50112
50113
50117
50119
50120
50121
50126
50129
50133
50135
50137
50139
50140
50141
50143
50151
50152
50153
50155
50156
50159
50163
50164
50166
50171
50172
50175
50176
50177
50180
50181
50182
50185
50192
50196
50197
50198
50199
50205
50207
50209
50211
50219
50220
50222
50223
50225
50226
50227
50228
50230
50234
50238
50242
50245
50249
50252
50253
50257
50260
50261
50262
50264
50265
50266
50268
50273
50275
50276
50279
50280
50281
50284
50285
50287
50289
50291
50292
50296
50297
50298
50301
50302
50306
50307
50308
50309
50311
50312
50313
50315
50318
50328
50329
50332
50334
50335
50336
50338
50341
50342
50346
50348
50349
50353
50354
50355
50356
50357
50359
50360
50366
50369
50370
50372
50379
50385
50389
50391
50393
50399
50400
50403
50405
50406
50409
50411
50414
50416
50417
50420
50421
50422
50424
50427
50428
50432
50435
50436
50438
50442
50447
50461
50463
50464
50465
50466
50467
50468
50471
50474
50475
50479
50481
50482
50488
50489
50491
50492
50495
50498
50501
50505
50506
50509
50510
50512
50514
50515
50517
50520
50521
50522
50526
50527
50531
50532
50533
50534
50536
50539
50540
50541
50544
50550
50554
50556
50557
50559
50561
50563
50565
50566
50568
50569
50570
50571
50577
50579
50580
50581
50586
50587
50588
50593
50595
50596
50598
50599
50601
50606
50607
50610
50612
50613
50615
50616
50618
50620
50621
50628
50633
50635
50637
50638
50639
50640
50641
50642
50643
50653
50655
50657
50660
50661
50664
50667
50668
50678
50681
50683
50686
50693
50695
50701
50702
50703
50706
50707
50708
50710
50713
50714
50715
50717
50722
50723
50725
50727
50728
50730
50732
50733
50734
50736
50742
50747
50749
50751
50753
50755
50756
50758
50759
50761
50764
50766
50767
50769
50773
50775
50781
50782
50783
50785
50789
50793
50795
50796
50803
50804
50806
50807
50809
50810
50813
50816
50817
50823
50825
50826
50828
50829
50830
50831
50834
50837
50839
50841
50843
50846
50847
50848
50852
50853
50855
50856
50858
50859
50862
50864
50865
50869
50872
50873
50876
50884
50887
50889
50890
50892
50893
50895
50899
50900
50901
50902
50905
50910
50913
50915
50921
50922
50923
50924
50926
50928
50929
50930
50931
50935
50938
50939
50940
50942
50945
50947
50948
50955
50957
50958
50961
50962
50963
50964
50965
50966
50969
50971
50976
50981
50982
50986
50987
50988
50989
50990
50991
50996
51001
51002
51003
51008
51010
51011
51014
51015
51016
51022
51025
51026
51028
51033
51038
51040
51042
51043
51052
51054
51058
51059
51065
51067
51071
51072
51075
51076
51079
51080
51081
51084
51088
51089
51090
51093
51094
51097
51098
51100
51102
51103
51104
51105
51107
51108
51109
51111
51113
51117
51119
51121
51122
51124
51127
51134
51135
51137
51139
51141
51150
51151
51154
51158
51159
51162
51166
51169
51171
51172
51174
51177
51178
51180
51182
51183
51185
51186
51188
51194
51195
51196
51197
51198
51201
51203
51205
51206
51207
51209
51213
51214
51216
51217
51220
51223
51224
51226
51229
51230
51236
51238
51239
51240
51248
51254
51256
51258
51259
51264
51267
51268
51269
51270
51271
51273
51275
51279
51282
51283
51285
51286
51289
51290
51291
51295
51296
51300
51302
51307
51308
51309
51310
51313
51316
51318
51319
51321
51323
51325
51326
51327
51329
51330
51334
51336
51339
51341
51342
51343
51348
51349
51353
51354
51356
51359
51362
51363
51365
51367
51369
51374
51375
51377
51378
51380
51383
51385
51389
51392
51394
51395
51396
51402
51410
51412
51417
51418
51419
51422
51424
51425
51427
51428
51431
51435
51437
51438
51439
51440
51444
51445
51447
51450
51453
51454
51455
51456
51458
51460
51462
51464
51466
51467
51472
51473
51476
51478
51479
51480
51481
51484
51485
51488
51489
51491
51492
51497
51499
51500
51502
51503
51506
51507
51514
51515
51516
51518
51520
51521
51530
51537
51538
51541
51542
51543
51547
51548
51549
51554
51557
51558
51560
51561
51562
51564
51565
51567
51568
51570
51572
51576
51579
51581
51585
51588
51590
51591
51593
51599
51602
51604
51605
51608
51609
51611
51612
51614
51616
51618
51622
51623
51626
51627
51628
51629
51630
51633
51635
51640
51644
51648
51649
51652
51655
51657
51658
51659
51660
51665
51667
51668
51670
51671
51678
51679
51680
51683
51684
51691
51692
51695
51697
51701
51706
51710
51715
51721
51722
51725
51727
51729
51730
51731
51734
51736
51737
51743
51745
51753
51755
51756
51758
51759
51761
51762
51764
51766
51768
51769
51770
51774
51775
51777
51778
51782
51783
51784
51785
51786
51787
51788
51795
51796
51797
51799
51803
51804
51805
51812
51813
51815
51816
51823
51824
51825
51826
51830
51833
51835
51838
51839
51841
51843
51844
51847
51848
51849
51850
51851
51853
51854
51856
51859
51864
51868
51869
51871
51872
51873
51877
51883
51887
51892
51897
51898
51900
51901
51905
51906
51907
51914
51915
51916
51917
51918
51922
51923
51924
51930
51932
51933
51935
51939
51943
51946
51947
51951
51954
51955
51956
51957
51958
51959
51961
51962
51965
51968
51970
51972
51977
51979
51980
51982
51983
51984
51987
51990
51991
51995
51998
52000
52002
52004
52005
52009
52010
52014
52016
52017
52022
52025
52028
52029
52030
52031
52034
52037
52042
52043
52044
52047
52048
52050
52052
52053
52054
52055
52058
52059
52061
52068
52072
52077
52079
52082
52084
52087
52088
52089
52090
52096
52097
52098
52101
52105
52116
52117
52118
52119
52120
52127
52131
52132
52136
52137
52141
52145
52147
52148
52150
52152
52157
52162
52165
52166
52167
52170
52171
52174
52177
52178
52179
52181
52182
52186
52187
52189
52190
52192
52194
52196
52197
52198
52199
52201
52202
52206
52210
52212
52214
52215
52219
52220
52223
52225
52226
52229
52231
52235
52236
52239
52243
52245
52248
52249
52252
52253
52255
52256
52257
52262
52264
52265
52266
52267
52270
52271
52274
52276
52279
52286
52288
52290
52291
52292
52294
52298
52302
52303
52305
52310
52313
52314
52316
52319
52320
52321
52326
52331
52332
52336
52337
52339
52344
52347
52348
52350
52353
52355
52356
52357
52359
52360
52361
52363
52364
52367
52369
52370
52371
52372
52374
52375
52377
52379
52380
52384
52385
52388
52389
52392
52396
52398
52399
52402
52405
52409
52410
52412
52414
52417
52419
52422
52423
52425
52426
52429
52430
52433
52439
52441
52443
52446
52450
52456
52459
52460
52461
52462
52466
52475
52479
52482
52483
52484
52486
52488
52491
52495
52498
52499
52502
52503
52507
52512
52513
52514
52522
52525
52526
52531
52532
52536
52537
52540
52541
52543
52548
52549
52551
52552
52556
52558
52560
52561
52563
52564
52565
52566
52567
52569
52575
52577
52579
52586
52587
52590
52591
52592
52597
52608
52609
52610
52612
52619
52622
52624
52625
52627
52629
52632
52633
52635
52636
52638
52639
52645
52647
52648
52649
52650
52652
52664
52665
52666
52668
52674
52675
52676
52677
52681
52683
52686
52687
52688
52689
52691
52692
52698
52699
52701
52703
52707
52708
52709
52715
52718
52719
52720
52723
52724
52726
52729
52733
52741
52742
52743
52744
52745
52749
52750
52755
52756
52757
52759
52760
52763
52765
52766
52767
52770
52771
52773
52775
52776
52778
52780
52782
52784
52785
52789
52790
52791
52798
52801
52806
52807
52809
52812
52813
52815
52817
52818
52821
52822
52827
52830
52831
52832
52833
52835
52836
52837
52840
52843
52845
52849
52850
52861
52862
52864
52865
52870
52871
52877
52878
52882
52883
52884
52887
52889
52893
52898
52902
52905
52908
52910
52911
52912
52917
52919
52921
52924
52926
52927
52931
52935
52936
52939
52940
52941
52946
52947
52949
52950
52951
52952
52960
52961
52964
52966
52971
52976
52977
52982
52983
52985
52993
52994
52996
52998
52999
53003
53006
53009
53010
53014
53016
53017
53026
53027
53029
53030
53031
53033
53034
53035
53036
53037
53038
53039
53040
53041
53042
53044
53047
53049
53050
53051
53053
53060
53061
53062
53064
53070
53071
53072
53076
53077
53082
53083
53085
53086
53088
53089
53093
53095
53098
53099
53100
53101
53102
53103
53106
53111
53115
53121
53125
53128
53130
53133
53134
53146
53148
53149
53155
53160
53165
53167
53172
53173
53176
53179
53180
53182
53186
53188
53191
53192
53193
53196
53203
53204
53207
53210
53215
53217
53218
53220
53221
53222
53224
53226
53227
53229
53230
53232
53233
53240
53243
53244
53248
53250
53251
53254
53257
53259
53267
53269
53273
53274
53276
53283
53285
53286
53289
53290
53293
53295
53296
53300
53301
53303
53304
53305
53306
53307
53313
53317
53320
53321
53322
53325
53330
53336
53338
53339
53352
53353
53356
53358
53360
53363
53364
53368
53369
53374
53375
53377
53379
53383
53384
53387
53389
53391
53392
53393
53394
53397
53400
53401
53402
53403
53404
53406
53408
53409
53410
53411
53413
53415
53416
53417
53419
53420
53425
53426
53427
53429
53430
53431
53434
53435
53436
53437
53439
53440
53443
53444
53447
53450
53453
53455
53456
53461
53463
53468
53469
53470
53471
53474
53477
53478
53483
53485
53495
53498
53500
53501
53505
53508
53509
53510
53512
53517
53518
53520
53521
53522
53524
53525
53526
53527
53529
53530
53531
53532
53533
53534
53535
53542
53544
53545
53548
53554
53555
53556
53557
53558
53560
53563
53566
53568
53569
53570
53574
53576
53581
53584
53586
53587
53588
53591
53593
53594
53595
53596
53602
53603
53604
53606
53610
53613
53614
53616
53617
53618
53619
53624
53625
53627
53637
53638
53639
53640
53643
53646
53649
53650
53651
53654
53656
53657
53659
53662
53666
53667
53670
53671
53674
53677
53682
53684
53685
53686
53687
53688
53689
53691
53692
53694
53698
53703
53704
53705
53708
53709
53711
53716
53718
53720
53721
53725
53727
53733
53739
53741
53742
53743
53748
53749
53751
53754
53755
53757
53762
53763
53766
53767
53770
53773
53774
53776
53783
53784
53787
53792
53793
53794
53795
53801
53804
53805
53811
53813
53814
53819
53821
53823
53826
53829
53831
53832
53834
53835
53842
53845
53848
53852
53856
53857
53858
53860
53863
53864
53865
53867
53871
53876
53879
53880
53883
53886
53889
53890
53893
53896
53898
53900
53901
53904
53907
53909
53911
53913
53915
53919
53920
53921
53926
53929
53931
53934
53936
53937
53940
53944
53945
53948
53951
53953
53954
53955
53956
53959
53961
53963
53965
53967
53968
53971
53975
53976
53977
53979
53980
53981
53982
53985
53987
53988
53995
53999
54001
54005
54006
54007
54008
54013
54015
54016
54018
54020
54023
54026
54032
54033
54035
54036
54038
54040
54041
54042
54044
54047
54049
54053
54056
54057
54059
54061
54062
54064
54067
54069
54070
54071
54072
54080
54082
54083
54084
54086
54088
54090
54091
54097
54098
54100
54103
54108
54120
54122
54123
54125
54127
54132
54133
54134
54140
54141
54143
54146
54149
54153
54160
54161
54162
54163
54164
54165
54169
54172
54174
54176
54183
54184
54189
54190
54192
54203
54209
54210
54213
54217
54222
54225
54227
54230
54231
54233
54235
54237
54238
54239
54242
54243
54246
54248
54250
54251
54252
54253
54265
54266
54268
54275
54276
54279
54281
54284
54287
54289
54290
54297
54300
54302
54303
54304
54306
54308
54310
54312
54315
54321
54322
54324
54328
54333
54337
54338
54339
54342
54343
54344
54345
54346
54347
54349
54352
54354
54357
54358
54360
54370
54371
54372
54374
54375
54376
54377
54384
54385
54386
54388
54389
54392
54395
54397
54402
54403
54409
54412
54417
54423
54424
54430
54431
54432
54437
54439
54444
54448
54450
54451
54454
54455
54459
54460
54462
54463
54464
54465
54467
54468
54472
54473
54481
54483
54485
54490
54491
54493
54496
54501
54502
54504
54506
54510
54511
54515
54521
54525
54528
54532
54533
54535
54537
54542
54546
54547
54548
54550
54551
54553
54554
54556
54560
54562
54566
54567
54576
54579
54583
54585
54586
54587
54588
54592
54596
54597
54600
54606
54608
54610
54611
54613
54617
54624
54629
54631
54634
54635
54636
54637
54639
54641
54642
54644
54651
54652
54655
54656
54658
54659
54660
54661
54671
54672
54673
54675
54679
54681
54682
54683
54691
54694
54695
54699
54700
54707
54710
54717
54718
54720
54721
54722
54726
54727
54737
54738
54740
54741
54743
54745
54747
54750
54751
54752
54753
54754
54755
54756
54761
54763
54765
54767
54768
54770
54772
54774
54775
54777
54778
54780
54783
54786
54787
54789
54791
54793
54794
54795
54796
54801
54802
54803
54804
54810
54812
54814
54820
54821
54824
54825
54830
54834
54835
54837
54838
54839
54840
54841
54844
54846
54849
54850
54854
54856
54859
54863
54865
54871
54872
54874
54876
54877
54878
54882
54883
54885
54887
54890
54894
54895
54896
54899
54907
54910
54911
54913
54915
54919
54920
54921
54924
54925
54926
54927
54928
54932
54933
54934
54937
54939
54941
54942
54943
54944
54948
54949
54950
54953
54954
54955
54961
54963
54964
54967
54968
54971
54973
54974
54978
54986
54987
54988
54989
54990
54992
54994
54996
54998
54999
55000
55004
55007
55008
55016
55017
55019
55023
55024
55025
55026
55029
55030
55031
55032
55034
55036
55038
55039
55041
55046
55047
55048
55050
55051
55055
55057
55058
55061
55062
55063
55065
55066
55067
55069
55074
55077
55085
55088
55089
55091
55092
55094
55096
55097
55099
55101
55103
55107
55108
55110
55112
55122
55125
55128
55129
55131
55132
55133
55134
55135
55137
55139
55140
55141
55143
55148
55149
55150
55151
55152
55153
55155
55158
55159
55161
55162
55166
55169
55170
55172
55174
55177
55180
55182
55183
55187
55189
55192
55194
55202
55203
55205
55206
55208
55209
55212
55213
55216
55217
55218
55222
55225
55227
55228
55229
55233
55234
55237
55241
55243
55245
55246
55247
55249
55252
55256
55258
55263
55267
55269
55273
55280
55282
55286
55290
55293
55300
55301
55305
55311
55313
55314
55316
55317
55318
55319
55323
55324
55329
55330
55333
55334
55335
55336
55339
55340
55342
55345
55347
55348
55353
55357
55361
55365
55369
55370
55371
55372
55376
55377
55379
55381
55383
55386
55389
55391
55392
55394
55395
55396
55397
55398
55402
55405
55407
55409
55411
55416
55417
55421
55422
55424
55426
55427
55430
55432
55435
55437
55439
55442
55445
55446
55448
55455
55458
55466
55467
55470
55471
55475
55477
55479
55481
55483
55485
55487
55488
55490
55491
55492
55493
55494
55500
55502
55504
55506
55507
55509
55512
55513
55514
55515
55517
55518
55523
55526
55527
55528
55529
55534
55537
55541
55548
55550
55551
55555
55556
55561
55565
55567
55568
55570
55571
55576
55580
55585
55588
55589
55593
55594
55596
55597
55599
55600
55601
55603
55607
55608
55611
55612
55614
55615
55616
55617
55624
55625
55626
55628
55631
55633
55636
55638
55641
55643
55646
55652
55654
55655
55656
55660
55662
55663
55664
55668
55672
55675
55676
55678
55679
55680
55681
55692
55693
55694
55695
55699
55704
55706
55708
55720
55723
55724
55726
55730
55738
55742
55744
55746
55747
55748
55749
55751
55752
55753
55754
55755
55757
55758
55760
55761
55763
55764
55765
55766
55767
55769
55770
55771
55772
55773
55774
55777
55784
55785
55789
55790
55791
55792
55793
55795
55798
55800
55801
55803
55804
55806
55807
55808
55820
55827
55833
55835
55836
55838
55839
55843
55844
55848
55849
55853
55857
55858
55867
55868
55870
55871
55876
55877
55880
55882
55887
55889
55892
55895
55900
55901
55902
55905
55907
55908
55909
55910
55911
55912
55913
55914
55920
55924
55925
55929
55930
55934
55938
55940
55943
55947
55949
55951
55954
55955
55957
55964
55965
55966
55971
55976
55982
55983
55984
55994
55995
55997
55999
56004
56009
56010
56012
56013
56014
56015
56017
56018
56024
56026
56027
56029
56031
56032
56034
56036
56037
56039
56040
56042
56045
56047
56048
56050
56051
56053
56054
56055
56056
56057
56060
56061
56063
56064
56065
56069
56070
56075
56076
56079
56086
56087
56088
56090
56094
56095
56096
56099
56102
56104
56107
56111
56115
56118
56119
56120
56121
56123
56124
56125
56127
56129
56136
56137
56138
56141
56142
56143
56147
56154
56155
56156
56157
56158
56159
56163
56164
56165
56167
56172
56176
56178
56180
56182
56185
56188
56191
56194
56198
56201
56204
56207
56208
56209
56215
56219
56221
56230
56232
56235
56239
56240
56245
56247
56249
56250
56251
56254
56255
56256
56257
56258
56261
56266
56267
56268
56269
56273
56276
56280
56281
56284
56287
56290
56293
56294
56296
56297
56301
56304
56307
56310
56312
56313
56314
56316
56317
56319
56321
56324
56326
56336
56340
56343
56347
56348
56349
56350
56351
56354
56355
56357
56362
56366
56370
56371
56372
56375
56379
56380
56385
56389
56391
56394
56396
56399
56401
56404
56405
56406
56409
56411
56413
56414
56418
56419
56420
56423
56426
56429
56432
56433
56434
56438
56439
56441
56447
56453
56455
56456
56459
56463
56464
56468
56470
56476
56477
56478
56479
56485
56486
56491
56492
56493
56494
56496
56497
56498
56499
56500
56503
56509
56510
56514
56515
56516
56517
56518
56520
56522
56523
56525
56528
56531
56534
56538
56540
56541
56544
56546
56548
56551
56552
56555
56557
56564
56567
56568
56571
56572
56573
56577
56578
56583
56584
56586
56587
56589
56592
56593
56599
56601
56602
56606
56609
56615
56619
56620
56625
56629
56630
56635
56637
56638
56643
56644
56647
56649
56652
56654
56658
56662
56664
56665
56670
56674
56676
56678
56679
56682
56684
56685
56690
56691
56692
56697
56699
56700
56706
56709
56711
56714
56721
56725
56728
56732
56736
56738
56739
56741
56743
56744
56745
56747
56748
56749
56750
56752
56753
56754
56758
56760
56761
56762
56764
56769
56771
56773
56774
56775
56780
56781
56791
56792
56797
56802
56804
56806
56809
56812
56813
56815
56816
56819
56824
56828
56829
56830
56834
56840
56841
56846
56847
56848
56851
56854
56855
56857
56859
56860
56863
56867
56870
56871
56872
56875
56876
56878
56884
56885
56886
56892
56893
56895
56897
56900
56902
56905
56906
56910
56914
56915
56916
56917
56923
56925
56927
56928
56932
56935
56936
56938
56939
56942
56944
56946
56948
56949
56952
56954
56955
56956
56957
56958
56965
56966
56967
56970
56972
56974
56975
56977
56979
56980
56982
56983
56984
56988
56989
56991
56992
56993
56994
56996
56998
56999
57000
57002
57003
57005
57009
57014
57020
57021
57022
57023
57024
57027
57028
57031
57038
57039
57040
57041
57045
57049
57051
57054
57055
57060
57063
57064
57069
57070
57071
57072
57073
57074
57075
57077
57081
57086
57090
57091
57092
57093
57094
57097
57099
57104
57105
57106
57107
57108
57111
57116
57117
57118
57119
57121
57123
57126
57127
57135
57139
57140
57141
57147
57148
57149
57152
57153
57156
57158
57161
57162
57165
57171
57175
57183
57185
57186
57188
57195
57199
57200
57201
57202
57204
57205
57206
57207
57208
57210
57211
57212
57214
57219
57221
57224
57225
57227
57229
57232
57233
57234
57235
57236
57237
57245
57246
57256
57257
57263
57264
57267
57272
57273
57275
57276
57278
57281
57284
57285
57286
57288
57291
57297
57298
57299
57300
57301
57304
57312
57313
57316
57318
57319
57320
57321
57326
57328
57329
57330
57331
57332
57333
57341
57343
57345
57350
57352
57353
57355
57357
57364
57365
57367
57370
57372
57374
57375
57377
57378
57381
57390
57392
57393
57401
57405
57410
57415
57423
57424
57426
57427
57432
57434
57437
57438
57440
57441
57446
57448
57452
57453
57454
57455
57457
57461
57466
57468
57469
57470
57475
57477
57479
57483
57485
57488
57489
57493
57494
57496
57498
57501
57504
57505
57506
57509
57512
57514
57516
57517
57519
57521
57522
57529
57532
57545
57546
57549
57550
57551
57552
57555
57561
57564
57565
57568
57570
57572
57575
57576
57578
57581
57589
57590
57591
57592
57594
57597
57600
57601
57602
57606
57608
57610
57613
57617
57622
57624
57625
57627
57628
57633
57634
57636
57638
57639
57640
57643
57647
57650
57654
57658
57659
57661
57663
57664
57665
57668
57669
57670
57671
57672
57673
57674
57675
57676
57680
57686
57693
57699
57702
57703
57704
57707
57708
57709
57711
57712
57713
57717
57726
57728
57729
57732
57733
57735
57736
57740
57743
57744
57745
57751
57752
57753
57754
57755
57760
57764
57767
57770
57772
57773
57774
57778
57782
57784
57785
57786
57789
57795
57798
57800
57805
57807
57808
57809
57810
57811
57813
57815
57818
57820
57821
57822
57825
57827
57828
57829
57831
57832
57835
57839
57840
57845
57850
57851
57852
57853
57855
57856
57857
57858
57863
57869
57870
57873
57874
57875
57878
57882
57883
57885
57886
57888
57892
57893
57894
57895
57901
57902
57903
57906
57908
57915
57920
57921
57922
57923
57927
57932
57933
57936
57939
57942
57944
57946
57956
57957
57960
57962
57963
57965
57967
57969
57971
57972
57974
57979
57980
57986
57987
57988
57989
57990
57991
57992
57993
57994
57995
57996
57997
57998
58012
58014
58016
58018
58020
58021
58026
58030
58031
58033
58035
58038
58040
58042
58050
58059
58060
58061
58064
58067
58069
58070
58071
58072
58073
58075
58079
58080
58081
58082
58083
58084
58087
58088
58089
58090
58091
58094
58095
58098
58099
58101
58108
58109
58113
58117
58121
58123
58124
58125
58126
58127
58131
58132
58135
58138
58139
58140
58142
58144
58146
58147
58152
58153
58154
58156
58157
58159
58162
58163
58164
58166
58167
58169
58171
58173
58175
58180
58182
58186
58189
58193
58196
58197
58200
58201
58204
58207
58209
58210
58222
58223
58232
58233
58234
58236
58237
58240
58242
58246
58248
58249
58250
58251
58253
58254
58255
58258
58260
58261
58264
58266
58268
58270
58272
58274
58280
58284
58285
58290
58291
58292
58293
58294
58298
58301
58305
58309
58311
58314
58317
58318
58320
58322
58325
58328
58329
58330
58331
58333
58334
58336
58337
58338
58341
58351
58355
58361
58363
58364
58368
58369
58371
58372
58374
58376
58378
58380
58385
58386
58397
58400
58401
58402
58403
58404
58406
58416
58418
58419
58420
58421
58426
58427
58428
58429
58430
58436
58438
58440
58441
58442
58443
58444
58447
58453
58458
58459
58460
58462
58463
58466
58468
58473
58477
58482
58483
58484
58486
58490
58493
58496
58497
58500
58501
58503
58504
58506
58510
58513
58515
58519
58521
58524
58529
58530
58531
58532
58533
58536
58543
58545
58547
58548
58552
58554
58560
58564
58565
58566
58568
58569
58573
58577
58579
58584
58586
58588
58591
58596
58597
58598
58600
58601
58608
58610
58612
58613
58614
58616
58617
58618
58619
58625
58626
58627
58628
58629
58636
58639
58641
58644
58645
58647
58648
58650
58654
58655
58656
58662
58665
58666
58667
58669
58673
58679
58680
58687
58688
58689
58696
58697
58698
58699
58700
58703
58706
58708
58709
58710
58713
58716
58719
58721
58724
58725
58726
58734
58736
58739
58744
58747
58751
58752
58757
58759
58761
58763
58767
58768
58769
58770
58771
58774
58777
58779
58780
58781
58782
58783
58797
58798
58799
58801
58805
58809
58810
58811
58814
58815
58818
58819
58820
58822
58824
58832
58834
58837
58838
58839
58843
58846
58848
58849
58850
58851
58858
58860
58863
58864
58870
58875
58877
58880
58882
58888
58891
58893
58894
58895
58898
58901
58902
58903
58904
58906
58907
58909
58911
58916
58917
58918
58921
58922
58925
58933
58935
58936
58937
58941
58942
58945
58951
58952
58953
58958
58959
58962
58966
58967
58968
58969
58970
58974
58980
58984
58988
58989
58993
58994
58998
59004
59009
59012
59013
59015
59016
59019
59020
59026
59027
59029
59030
59032
59033
59037
59041
59042
59048
59051
59055
59057
59060
59063
59064
59074
59076
59079
59081
59082
59083
59086
59087
59088
59090
59091
59093
59094
59095
59102
59103
59109
59114
59120
59121
59122
59123
59124
59125
59126
59127
59128
59129
59130
59132
59134
59139
59140
59141
59142
59143
59144
59147
59150
59152
59153
59155
59156
59157
59162
59169
59174
59179
59180
59181
59182
59183
59185
59189
59190
59192
59194
59195
59196
59197
59198
59199
59200
59203
59204
59205
59208
59211
59214
59215
59216
59223
59226
59234
59243
59246
59247
59248
59250
59253
59254
59261
59269
59270
59274
59276
59280
59282
59293
59294
59298
59306
59307
59308
59311
59316
59317
59318
59321
59326
59327
59330
59332
59333
59336
59338
59339
59340
59342
59344
59345
59348
59351
59355
59357
59360
59362
59363
59364
59367
59373
59374
59377
59378
59383
59386
59387
59389
59390
59393
59396
59399
59401
59403
59405
59406
59408
59409
59411
59413
59414
59418
59422
59425
59429
59431
59435
59436
59440
59447
59449
59450
59454
59457
59459
59462
59464
59467
59469
59478
59482
59487
59488
59495
59497
59500
59504
59507
59509
59511
59512
59517
59520
59522
59531
59535
59536
59537
59540
59541
59544
59548
59549
59552
59553
59559
59561
59563
59564
59565
59569
59570
59572
59576
59578
59580
59587
59588
59598
59601
59602
59603
59606
59608
59609
59610
59611
59612
59614
59616
59617
59622
59626
59631
59632
59634
59642
59643
59646
59648
59652
59654
59655
59657
59660
59663
59670
59677
59683
59685
59689
59694
59697
59699
59703
59706
59707
59711
59712
59714
59716
59717
59720
59724
59728
59729
59732
59734
59738
59739
59742
59744
59745
59747
59755
59756
59757
59763
59766
59770
59775
59776
59777
59779
59781
59783
59784
59787
59788
59789
59792
59794
59795
59796
59798
59800
59801
59803
59805
59809
59810
59811
59812
59813
59814
59815
59817
59819
59822
59825
59828
59829
59831
59833
59834
59837
59838
59842
59845
59850
59855
59856
59858
59861
59862
59863
59866
59877
59878
59880
59881
59883
59887
59891
59895
59900
59904
59907
59909
59918
59919
59921
59923
59925
59927
59929
59931
59933
59935
59945
59946
59948
59952
59958
59960
59961
59962
59964
59966
59978
59979
59983
59984
59989
59994
59997
59999
60002
60003
60005
60006
60009
60010
60013
60014
60017
60018
60021
60022
60025
60026
60029
60038
60039
60046
60047
60048
60053
60054
60056
60063
60070
60073
60075
60079
60086
60087
60091
60094
60101
60109
60113
60114
60116
60119
60120
60122
60127
60134
60137
60139
60145
60146
60148
60151
60153
60154
60158
60159
60161
60163
60166
60170
60171
60172
60174
60183
60185
60189
60197
60199
60200
60202
60203
60207
60208
60214
60217
60218
60219
60221
60223
60224
60225
60229
60233
60235
60237
60239
60241
60244
60246
60247
60248
60249
60252
60253
60255
60258
60259
60261
60265
60270
60272
60274
60278
60280
60285
60287
60288
60290
60295
60300
60302
60303
60304
60306
60314
60315
60316
60317
60318
60319
60320
60324
60326
60328
60329
60332
60333
60337
60338
60341
60342
60347
60349
60350
60353
60357
60358
60360
60363
60364
60365
60369
60372
60373
60376
60382
60387
60388
60393
60400
60402
60404
60408
60410
60411
60412
60413
60418
60419
60420
60424
60425
60426
60428
60429
60430
60432
60435
60443
60449
60455
60457
60459
60463
60466
60468
60472
60474
60475
60477
60478
60480
60481
60483
60488
60491
60495
60496
60497
60505
60512
60521
60522
60523
60525
60530
60532
60533
60537
60538
60539
60544
60545
60546
60550
60554
60555
60558
60559
60560
60561
60562
60563
60564
60565
60566
60568
60573
60574
60575
60577
60578
60582
60584
60590
60591
60592
60593
60595
60596
60597
60598
60607
60608
60610
60614
60620
60624
60626
60627
60628
60629
60630
60632
60633
60634
60635
60637
60638
60642
60643
60645
60646
60648
60650
60660
60661
60664
60666
60667
60671
60672
60674
60676
60680
60686
60687
60688
60696
60699
60700
60701
60704
60706
60709
60713
60715
60719
60720
60724
60732
60734
60737
60738
60739
60740
60741
60742
60744
60745
60750
60753
60759
60762
60763
60764
60765
60767
60768
60770
60771
60773
60775
60776
60777
60780
60784
60787
60793
60794
60795
60797
60798
60800
60803
60805
60806
60807
60808
60816
60822
60823
60825
60827
60829
60831
60839
60841
60842
60843
60848
60851
60855
60860
60861
60865
60867
60868
60882
60885
60886
60887
60890
60893
60896
60898
60902
60904
60908
60914
60916
60917
60920
60921
60924
60925
60929
60933
60937
60939
60940
60942
60954
60955
60958
60960
60965
60969
60978
60979
60980
60981
60984
60985
60989
60990
60992
60994
60996
60997
61002
61005
61008
61011
61016
61017
61021
61023
61025
61026
61027
61031
61032
61034
61039
61041
61043
61047
61055
61056
61062
61063
61067
61069
61070
61071
61073
61075
61078
61087
61088
61091
61094
61096
61097
61101
61102
61103
61112
61114
61115
61116
61118
61121
61122
61124
61125
61130
61133
61134
61136
61137
61139
61140
61148
61151
61153
61154
61157
61159
61161
61164
61165
61166
61167
61170
61171
61174
61175
61176
61182
61183
61185
61186
61189
61193
61194
61196
61197
61198
61205
61209
61214
61215
61220
61224
61227
61235
61236
61240
61244
61245
61250
61254
61255
61256
61261
61263
61268
61269
61270
61273
61275
61276
61279
61282
61283
61285
61286
61287
61289
61292
61295
61296
61297
61301
61304
61306
61312
61315
61316
61317
61318
61322
61323
61324
61325
61328
61329
61330
61334
61335
61337
61338
61341
61343
61345
61346
61349
61352
61353
61354
61356
61357
61358
61361
61363
61369
61373
61376
61377
61378
61379
61380
61385
61386
61387
61389
61390
61394
61396
61398
61399
61409
61410
61412
61413
61415
61416
61419
61422
61423
61424
61428
61430
61432
61434
61435
61439
61441
61442
61443
61444
61446
61448
61452
61453
61454
61455
61461
61464
61465
61477
61478
61479
61480
61482
61488
61492
61497
61498
61500
61503
61504
61507
61510
61515
61516
61517
61519
61521
61523
61536
61537
61544
61546
61549
61550
61560
61561
61562
61563
61564
61565
61566
61569
61570
61572
61573
61576
61577
61579
61581
61582
61586
61589
61593
61594
61595
61596
61597
61599
61600
61601
61607
61612
61613
61620
61621
61622
61624
61625
61626
61628
61633
61641
61642
61643
61647
61651
61652
61656
61657
61658
61660
61661
61665
61673
61674
61675
61677
61678
61683
61685
61686
61689
61692
61693
61694
61696
61697
61702
61703
61706
61707
61709
61711
61716
61719
61720
61722
61726
61727
61731
61734
61740
61741
61748
61750
61752
61753
61755
61756
61759
61760
61761
61766
61769
61771
61774
61775
61777
61780
61781
61782
61785
61786
61789
61790
61791
61793
61794
61798
61799
61801
61804
61805
61806
61811
61814
61816
61820
61822
61823
61825
61826
61827
61828
61830
61831
61834
61840
61841
61844
61850
61852
61855
61856
61857
61860
61861
61863
61865
61868
61874
61875
61877
61878
61881
61882
61886
61887
61891
61892
61893
61894
61895
61903
61908
61909
61922
61926
61927
61930
61938
61941
61942
61943
61944
61945
61946
61947
61948
61950
61952
61956
61962
61964
61965
61969
61972
61973
61976
61977
61980
61988
61990
61992
61994
61996
62000
62001
62002
62004
62005
62006
62009
62010
62011
62012
62017
62020
62022
62023
62028
62029
62031
62032
62033
62035
62036
62038
62039
62041
62042
62045
62046
62050
62051
62053
62057
62059
62060
62064
62066
62070
62071
62073
62077
62078
62080
62082
62083
62085
62088
62093
62095
62096
62098
62099
62101
62103
62106
62109
62111
62114
62115
62117
62119
62123
62128
62130
62131
62135
62138
62140
62142
62143
62144
62145
62151
62152
62153
62156
62158
62166
62167
62172
62173
62175
62183
62185
62187
62188
62189
62190
62195
62197
62199
62205
62207
62209
62210
62213
62215
62216
62220
62221
62222
62224
62226
62228
62238
62239
62243
62245
62247
62248
62251
62253
62255
62257
62259
62260
62261
62262
62264
62272
62273
62275
62284
62289
62290
62291
62293
62294
62295
62297
62301
62302
62306
62314
62316
62318
62321
62323
62327
62328
62329
62331
62332
62334
62339
62340
62342
62343
62347
62349
62354
62358
62363
62366
62368
62372
62378
62380
62381
62382
62383
62386
62387
62388
62390
62394
62395
62398
62399
62400
62401
62403
62406
62410
62412
62413
62415
62416
62419
62421
62423
62424
62426
62434
62436
62439
62441
62442
62443
62444
62445
62447
62450
62452
62458
62461
62463
62467
62469
62471
62472
62474
62478
62479
62481
62483
62484
62487
62488
62491
62492
62495
62496
62497
62499
62503
62511
62513
62515
62520
62528
62531
62533
62534
62537
62543
62545
62549
62550
62552
62554
62557
62559
62561
62569
62573
62574
62579
62585
62593
62595
62598
62601
62602
62607
62612
62615
62617
62618
62626
62629
62630
62631
62643
62644
62647
62651
62654
62655
62658
62664
62666
62668
62669
62672
62676
62677
62678
62684
62685
62690
62692
62694
62695
62696
62698
62701
62712
62714
62716
62717
62721
62722
62723
62725
62727
62732
62734
62735
62739
62743
62744
62751
62756
62759
62763
62766
62770
62772
62773
62780
62786
62787
62788
62791
62794
62796
62797
62798
62799
62800
62803
62804
62808
62809
62812
62813
62816
62817
62818
62819
62822
62826
62828
62830
62831
62841
62854
62856
62857
62859
62860
62867
62868
62875
62876
62878
62879
62880
62881
62886
62894
62897
62898
62903
62906
62909
62911
62912
62919
62924
62926
62927
62929
62930
62934
62937
62938
62939
62940
62941
62943
62946
62953
62959
62965
62966
62969
62970
62971
62982
62984
62985
62993
62996
62997
62998
63001
63003
63004
63010
63012
63016
63021
63030
63031
63033
63034
63039
63040
63042
63048
63050
63052
63053
63056
63059
63060
63062
63063
63064
63067
63071
63072
63073
63077
63078
63079
63085
63086
63089
63091
63096
63099
63103
63105
63107
63110
63114
63118
63120
63123
63124
63125
63127
63134
63135
63136
63137
63140
63141
63142
63148
63149
63152
63153
63155
63156
63157
63162
63169
63171
63175
63178
63186
63187
63190
63193
63199
63206
63207
63208
63210
63211
63212
63218
63219
63221
63226
63230
63233
63238
63240
63242
63243
63244
63247
63248
63250
63252
63255
63258
63260
63262
63263
63264
63268
63271
63276
63281
63285
63293
63294
63300
63304
63305
63306
63308
63309
63316
63320
63321
63325
63326
63327
63328
63332
63333
63338
63341
63347
63348
63349
63353
63364
63365
63366
63370
63373
63374
63375
63378
63379
63380
63382
63385
63386
63387
63388
63396
63398
63401
63403
63410
63412
63414
63415
63416
63422
63423
63426
63427
63429
63439
63440
63443
63444
63446
63456
63457
63459
63462
63465
63476
63479
63481
63485
63486
63492
63497
63500
63501
63502
63504
63506
63507
63508
63510
63516
63517
63519
63520
63524
63525
63529
63531
63537
63539
63543
63548
63550
63552
63556
63564
63566
63567
63569
63574
63575
63577
63578
63581
63584
63590
63592
63599
63601
63602
63606
63611
63612
63618
63623
63630
63636
63638
63640
63641
63643
63644
63649
63650
63651
63654
63658
63665
63666
63670
63671
63679
63681
63688
63691
63694
63697
63698
63702
63704
63705
63706
63711
63715
63718
63720
63721
63724
63734
63736
63737
63739
63742
63747
63753
63755
63758
63759
63760
63765
63769
63774
63775
63780
63782
63787
63790
63793
63794
63798
63799
63804
63807
63808
63811
63813
63821
63823
63824
63826
63827
63828
63830
63833
63835
63837
63840
63842
63847
63848
63849
63851
63854
63857
63858
63860
63862
63868
63870
63873
63877
63879
63880
63883
63884
63885
63890
63892
63893
63894
63897
63899
63907
63908
63911
63912
63913
63914
63915
63916
63918
63919
63922
63923
63927
63929
63934
63935
63939
63940
63941
63944
63949
63950
63951
63954
63959
63961
63965
63966
63968
63975
63981
63990
63993
63999
64000
64002
64003
64004
64008
64012
64016
64019
64020
64022
64023
64025
64026
64027
64028
64032
64034
64036
64037
64038
64040
64041
64043
64044
64046
64047
64048
64051
64053
64054
64055
64056
64063
64067
64068
64069
64075
64076
64079
64080
64082
64084
64087
64090
64092
64093
64095
64097
64104
64105
64108
64109
64110
64117
64120
64121
64123
64129
64132
64133
64134
64137
64141
64145
64146
64150
64151
64153
64156
64157
64158
64160
64161
64164
64166
64178
64182
64185
64186
64189
64191
64193
64194
64196
64197
64199
64202
64203
64205
64206
64209
64210
64211
64218
64220
64224
64225
64227
64231
64234
64235
64239
64245
64248
64250
64254
64257
64261
64262
64264
64265
64271
64272
64274
64276
64283
64286
64292
64294
64295
64296
64299
64304
64305
64310
64311
64312
64314
64318
64319
64321
64325
64327
64328
64330
64331
64332
64333
64336
64337
64340
64344
64345
64347
64348
64352
64356
64362
64368
64370
64373
64374
64375
64377
64379
64380
64381
64383
64384
64385
64386
64387
64389
64394
64417
64419
64430
64431
64432
64435
64438
64441
64452
64457
64460
64461
64462
64463
64464
64465
64466
64467
64469
64472
64474
64475
64476
64477
64479
64480
64482
64484
64487
64489
64491
64495
64496
64499
64500
64501
64503
64505
64515
64517
64518
64519
64527
64528
64529
64530
64531
64539
64540
64541
64542
64544
64546
64551
64554
64560
64561
64568
64569
64570
64571
64572
64573
64574
64576
64579
64582
64584
64588
64589
64591
64592
64595
64597
64602
64607
64608
64609
64620
64622
64623
64628
64630
64631
64632
64636
64639
64640
64641
64643
64647
64648
64651
64659
64661
64663
64668
64673
64674
64677
64678
64680
64681
64682
64683
64684
64689
64690
64691
64692
64693
64695
64697
64704
64705
64706
64710
64711
64712
64713
64716
64721
64722
64726
64730
64744
64745
64749
64752
64755
64758
64763
64767
64771
64773
64774
64778
64780
64782
64787
64790
64791
64794
64795
64797
64801
64803
64807
64810
64812
64813
64816
64817
64818
64823
64825
64831
64832
64835
64838
64845
64850
64853
64857
64858
64860
64861
64862
64864
64866
64867
64871
64873
64874
64879
64880
64886
64887
64888
64889
64894
64898
64907
64913
64915
64916
64934
64936
64938
64943
64947
64948
64949
64952
64959
64961
64965
64966
64968
64973
64974
64976
64977
64984
64988
64990
65006
65007
65009
65013
65014
65015
65023
65025
65026
65030
65033
65035
65036
65042
65043
65045
65048
65049
65050
65051
65056
65057
65058
65059
65065
65068
65071
65082
65083
65084
65089
65090
65092
65097
65102
65103
65104
65109
65112
65113
65116
65119
65120
65122
65126
65129
65130
65132
65142
65143
65146
65156
65157
65162
65163
65167
65170
65175
65180
65182
65183
65187
65188
65189
65194
65197
65200
65206
65211
65212
65215
65216
65217
65218
65219
65220
65221
65229
65231
65237
65241
65243
65247
65249
65251
65254
65256
65264
65268
65272
65276
65277
65287
65288
65292
65294
65298
65299
65303
65305
65307
65308
65312
65315
65316
65320
65321
65324
65325
65330
65331
65332
65335
65336
65337
65339
65344
65349
65350
65351
65352
65354
65356
65358
65359
65363
65367
65368
65374
65379
65381
65383
65384
65385
65390
65396
65398
65401
65403
65406
65408
65411
65412
65415
65421
65430
65432
65438
65439
65441
65443
65444
65449
65450
65452
65454
65455
65456
65457
65459
65462
65465
65466
65467
65471
65473
65479
65487
65488
65489
65490
65492
65497
65499
65500
65503
65504
65514
65515
65518
65519
65520
65522
65525
65527
65535
65536
65537
65544
65546
65547
65551
65552
65555
65556
65560
65562
65566
65569
65570
65572
65573
65575
65577
65580
65581
65582
65587
65594
65598
65599
65600
65602
65605
65606
65607
65613
65615
65617
65618
65620
65621
65624
65627
65632
65635
65636
65638
65639
65640
65641
65644
65646
65652
65656
65658
65659
65660
65661
65670
65673
65674
65676
65677
65687
65688
65689
65690
65691
65695
65697
65698
65702
65703
65704
65706
65710
65715
65716
65717
65725
65726
65727
65728
65729
65733
65734
65736
65737
65738
65741
65742
65743
65744
65747
65748
65749
65752
65753
65755
65758
65767
65770
65772
65776
65781
65782
65784
65786
65789
65795
65800
65801
65802
65804
65805
65806
65808
65809
65811
65812
65813
65814
65815
65816
65818
65819
65820
65821
65825
65826
65827
65832
65838
65840
65841
65845
65847
65848
65850
65854
65859
65863
65873
65874
65877
65880
65885
65886
65889
65895
65899
65900
65905
65906
65907
65910
65911
65914
65915
65916
65917
65919
65921
65925
65930
65932
65935
65941
65945
65948
65950
65952
65953
65957
65963
65964
65965
65966
65968
65970
65971
65973
65974
65977
65982
65984
65987
65991
65992
65993
65994
66000
66001
66005
66011
66012
66014
66017
66018
66020
66024
66027
66028
66036
66037
66038
66039
66041
66042
66044
66047
66048
66050
66051
66053
66058
66070
66071
66072
66079
66080
66089
66091
66092
66093
66094
66095
66098
66099
66101
66102
66104
66105
66106
66108
66110
66113
66114
66115
66119
66122
66125
66128
66130
66131
66136
66137
66138
66143
66144
66146
66147
66154
66163
66169
66173
66177
66179
66181
66183
66187
66188
66190
66191
66201
66204
66206
66207
66210
66217
66220
66222
66223
66224
66226
66232
66233
66236
66240
66242
66249
66253
66255
66257
66262
66266
66267
66269
66270
66274
66277
66279
66285
66290
66294
66296
66297
66304
66306
66307
66309
66314
66315
66318
66320
66324
66327
66329
66331
66337
66338
66340
66342
66345
66347
66349
66350
66351
66353
66359
66362
66363
66366
66368
66369
66370
66378
66379
66383
66389
66391
66393
66394
66396
66403
66404
66406
66410
66414
66415
66416
66425
66432
66433
66434
66435
66437
66443
66447
66450
66460
66467
66470
66474
66476
66480
66486
66489
66490
66491
66492
66493
66495
66497
66498
66511
66513
66516
66519
66521
66522
66523
66526
66531
66533
66535
66541
66542
66545
66548
66549
66550
66555
66556
66563
66565
66567
66568
66569
66573
66575
66576
66579
66594
66601
66602
66603
66605
66608
66610
66618
66619
66620
66621
66634
66636
66648
66652
66653
66655
66657
66659
66662
66665
66669
66670
66676
66681
66682
66692
66693
66695
66701
66703
66704
66708
66709
66716
66717
66726
66727
66728
66729
66731
66733
66736
66738
66739
66751
66754
66758
66760
66761
66767
66768
66771
66772
66774
66776
66786
66787
66789
66790
66792
66794
66796
66798
66799
66800
66802
66805
66806
66807
66809
66814
66815
66821
66822
66823
66826
66827
66832
66837
66841
66843
66844
66845
66848
66850
66851
66852
66864
66867
66868
66869
66870
66871
66872
66873
66875
66877
66879
66881
66882
66885
66887
66888
66889
66890
66893
66895
66901
66902
66904
66907
66912
66913
66916
66922
66923
66924
66925
66929
66930
66932
66935
66937
66941
66945
66946
66947
66950
66952
66953
66954
66957
66960
66964
66965
66967
66977
66980
66981
66988
66990
66991
66994
66997
67005
67008
67011
67012
67016
67019
67020
67021
67026
67030
67031
67033
67035
67036
67039
67042
67043
67046
67048
67049
67050
67051
67052
67053
67054
67056
67059
67062
67063
67064
67066
67070
67071
67072
67075
67078
67080
67082
67089
67092
67094
67100
67101
67102
67110
67112
67113
67118
67119
67122
67124
67125
67132
67133
67142
67156
67164
67168
67169
67171
67177
67178
67183
67184
67185
67187
67188
67192
67193
67195
67197
67201
67207
67210
67211
67214
67215
67217
67218
67219
67221
67222
67229
67233
67236
67238
67242
67243
67245
67247
67248
67250
67251
67255
67261
67264
67265
67277
67281
67282
67283
67286
67287
67288
67289
67291
67293
67302
67306
67308
67309
67311
67312
67313
67314
67316
67320
67324
67325
67327
67330
67334
67335
67337
67340
67344
67352
67353
67356
67358
67359
67361
67363
67372
67376
67378
67380
67382
67383
67384
67385
67387
67391
67392
67397
67403
67405
67408
67410
67413
67417
67429
67440
67446
67449
67450
67453
67454
67455
67457
67459
67461
67462
67463
67466
67467
67468
67470
67475
67482
67483
67486
67490
67492
67493
67502
67504
67505
67509
67521
67523
67525
67526
67527
67529
67530
67531
67533
67537
67539
67540
67542
67545
67547
67549
67553
67559
67560
67566
67567
67571
67577
67585
67588
67592
67595
67596
67597
67598
67602
67606
67608
67612
67613
67614
67618
67620
67621
67622
67628
67629
67630
67631
67636
67637
67639
67643
67644
67645
67652
67653
67656
67659
67660
67661
67665
67666
67668
67669
67674
67675
67676
67679
67680
67681
67683
67684
67690
67692
67694
67695
67697
67698
67699
67701
67702
67703
67706
67709
67710
67711
67713
67717
67720
67722
67723
67725
67726
67730
67731
67732
67733
67736
67742
67743
67744
67745
67752
67763
67765
67766
67771
67785
67791
67792
67793
67794
67795
67799
67802
67808
67811
67812
67814
67818
67824
67825
67827
67830
67831
67833
67836
67841
67842
67849
67850
67853
67855
67859
67861
67864
67865
67866
67867
67868
67870
67871
67872
67878
67881
67883
67886
67888
67889
67890
67891
67898
67900
67905
67906
67910
67915
67918
67919
67922
67924
67925
67927
67931
67932
67937
67941
67942
67944
67945
67946
67948
67950
67952
67953
67954
67957
67960
67961
67963
67966
67969
67975
67977
67979
67980
67992
67994
67995
67996
67997
68004
68007
68011
68012
68015
68023
68024
68027
68028
68030
68031
68033
68038
68041
68042
68045
68046
68049
68050
68055
68056
68057
68059
68061
68062
68064
68065
68069
68070
68072
68073
68076
68077
68078
68083
68090
68093
68098
68099
68103
68106
68107
68108
68111
68115
68117
68119
68123
68124
68125
68132
68134
68138
68141
68146
68149
68151
68155
68156
68157
68161
68163
68171
68174
68176
68177
68178
68180
68181
68183
68184
68186
68195
68198
68200
68201
68205
68206
68209
68211
68219
68226
68227
68229
68230
68235
68236
68237
68238
68242
68243
68247
68249
68255
68256
68259
68267
68269
68276
68278
68279
68284
68285
68290
68292
68294
68296
68299
68300
68301
68302
68303
68305
68306
68308
68310
68312
68317
68318
68321
68322
68323
68324
68327
68328
68330
68332
68340
68341
68342
68343
68345
68347
68350
68352
68357
68359
68360
68362
68369
68372
68374
68378
68379
68380
68389
68394
68397
68398
68399
68402
68406
68408
68409
68411
68412
68420
68423
68427
68429
68432
68437
68444
68450
68453
68457
68458
68459
68464
68466
68467
68468
68469
68472
68475
68476
68482
68483
68485
68489
68491
68495
68496
68498
68500
68501
68502
68504
68505
68506
68512
68513
68517
68522
68529
68531
68533
68534
68535
68538
68540
68542
68544
68546
68549
68553
68557
68559
68564
68565
68571
68573
68580
68581
68583
68587
68588
68590
68591
68592
68598
68600
68601
68602
68609
68611
68614
68617
68623
68624
68626
68630
68632
68636
68637
68639
68640
68641
68642
68645
68653
68655
68658
68665
68668
68669
68672
68676
68679
68681
68685
68687
68688
68689
68691
68692
68698
68703
68724
68728
68729
68734
68736
68742
68744
68748
68752
68753
68757
68759
68760
68765
68767
68775
68777
68779
68781
68782
68785
68787
68788
68797
68799
68800
68803
68806
68807
68810
68811
68817
68818
68821
68825
68826
68828
68835
68837
68838
68844
68845
68846
68847
68850
68853
68854
68858
68862
68867
68870
68872
68875
68882
68883
68884
68886
68892
68897
68904
68908
68911
68913
68917
68921
68926
68927
68929
68937
68939
68946
68948
68949
68951
68955
68962
68963
68965
68974
68976
68977
68978
68982
68986
68987
68990
68991
68992
68993
68995
68996
68998
69005
69009
69010
69012
69016
69017
69023
69025
69028
69029
69031
69032
69035
69044
69045
69048
69050
69053
69054
69056
69057
69060
69065
69067
69068
69070
69071
69079
69084
69085
69086
69090
69096
69097
69100
69102
69103
69104
69108
69109
69110
69112
69113
69115
69116
69124
69131
69134
69135
69139
69143
69144
69148
69149
69151
69153
69154
69155
69156
69158
69161
69162
69164
69168
69169
69172
69173
69174
69180
69183
69186
69187
69188
69198
69205
69208
69209
69212
69218
69223
69225
69227
69228
69230
69234
69235
69239
69243
69244
69248
69253
69254
69256
69257
69258
69261
69266
69272
69276
69278
69279
69280
69281
69289
69291
69292
69293
69296
69298
69302
69305
69307
69310
69312
69322
69323
69324
69325
69326
69327
69328
69329
69332
69333
69335
69336
69337
69338
69343
69345
69356
69359
69361
69369
69377
69380
69383
69385
69388
69390
69391
69392
69394
69395
69396
69404
69405
69407
69410
69414
69416
69417
69418
69419
69420
69422
69423
69424
69426
69427
69435
69438
69439
69440
69446
69448
69455
69460
69461
69463
69464
69466
69468
69470
69471
69472
69473
69476
69478
69481
69483
69484
69489
69492
69493
69494
69495
69496
69498
69499
69500
69505
69508
69509
69512
69513
69514
69518
69519
69520
69521
69526
69529
69530
69531
69533
69537
69541
69545
69548
69549
69551
69554
69555
69557
69560
69571
69577
69578
69581
69585
69594
69595
69596
69597
69600
69604
69605
69611
69612
69617
69618
69619
69623
69625
69626
69628
69631
69634
69636
69637
69638
69645
69648
69649
69651
69653
69656
69657
69658
69661
69663
69668
69676
69678
69683
69692
69695
69697
69698
69703
69708
69710
69713
69715
69716
69719
69723
69725
69732
69733
69736
69748
69753
69754
69755
69756
69757
69758
69759
69761
69766
69768
69769
69773
69774
69775
69777
69778
69783
69786
69788
69791
69795
69802
69803
69810
69819
69823
69828
69829
69830
69834
69835
69837
69839
69841
69847
69848
69852
69855
69858
69859
69865
69870
69871
69872
69873
69874
69878
69881
69883
69885
69890
69892
69894
69895
69896
69898
69904
69905
69911
69913
69914
69924
69925
69928
69932
69933
69934
69935
69940
69946
69951
69955
69957
69960
69970
69978
69979
69981
69984
69985
69990
69991
69994
69995
69996
70003
70007
70010
70013
70014
70017
70020
70025
70029
70030
70031
70034
70036
70038
70046
70047
70050
70051
70052
70053
70054
70055
70063
70067
70069
70075
70080
70086
70087
70089
70090
70097
70098
70102
70103
70104
70107
70109
70110
70111
70112
70113
70114
70117
70118
70122
70128
70129
70130
70132
70138
70141
70146
70148
70151
70153
70155
70160
70170
70172
70175
70178
70181
70184
70188
70189
70192
70193
70200
70203
70207
70208
70210
70211
70216
70221
70223
70230
70232
70240
70245
70246
70251
70261
70262
70267
70268
70274
70276
70277
70282
70285
70288
70289
70292
70293
70297
70298
70299
70300
70303
70305
70306
70308
70311
70312
70314
70315
70317
70319
70320
70325
70329
70331
70332
70333
70344
70345
70346
70347
70349
70350
70352
70354
70356
70363
70365
70369
70370
70371
70372
70373
70376
70377
70378
70381
70384
70385
70391
70393
70396
70397
70398
70399
70403
70407
70408
70411
70415
70418
70421
70423
70429
70431
70434
70436
70442
70446
70448
70449
70452
70453
70455
70461
70472
70475
70477
70479
70480
70482
70483
70485
70487
70489
70491
70494
70496
70497
70499
70502
70504
70506
70508
70514
70521
70523
70525
70527
70529
70533
70536
70541
70542
70544
70545
70546
70549
70551
70553
70556
70559
70561
70562
70563
70566
70567
70568
70579
70586
70589
70591
70596
70599
70606
70608
70614
70615
70617
70620
70625
70626
70628
70629
70630
70633
70634
70641
70643
70647
70649
70652
70654
70658
70661
70664
70666
70670
70674
70675
70676
70677
70678
70684
70687
70690
70695
70699
70702
70703
70707
70710
70711
70716
70717
70722
70723
70725
70726
70728
70731
70732
70736
70737
70738
70747
70748
70750
70752
70753
70754
70761
70767
70769
70780
70782
70785
70786
70787
70789
70790
70791
70793
70795
70797
70798
70801
70804
70807
70809
70811
70816
70819
70821
70822
70823
70824
70826
70827
70828
70830
70831
70833
70837
70841
70844
70845
70848
70849
70850
70858
70861
70865
70873
70874
70875
70879
70881
70884
70885
70887
70888
70892
70893
70896
70898
70900
70901
70905
70906
70907
70911
70921
70922
70930
70938
70942
70944
70946
70949
70950
70952
70956
70959
70966
70968
70969
70981
70984
70985
70986
70987
70988
70991
70995
71002
71005
71015
71016
71017
71019
71020
71023
71027
71028
71029
71030
71034
71035
71036
71045
71051
71054
71056
71058
71061
71065
71066
71067
71070
71072
71073
71077
71083
71086
71087
71089
71090
71094
71099
71102
71105
71109
71119
71122
71131
71136
71137
71138
71140
71141
71149
71150
71153
71155
71156
71158
71161
71162
71163
71165
71166
71170
71171
71172
71174
71181
71183
71184
71187
71189
71191
71193
71195
71196
71200
71203
71206
71207
71208
71211
71216
71217
71218
71220
71222
71224
71229
71237
71242
71244
71245
71246
71248
71251
71253
71256
71258
71264
71265
71270
71279
71281
71289
71290
71292
71304
71305
71307
71309
71310
71314
71319
71320
71322
71330
71334
71338
71343
71344
71348
71351
71355
71359
71362
71363
71364
71369
71371
71375
71376
71381
71383
71387
71388
71391
71394
71396
71397
71398
71400
71402
71403
71405
71406
71415
71417
71421
71422
71424
71427
71428
71430
71433
71435
71437
71438
71444
71446
71450
71454
71459
71464
71465
71466
71471
71473
71474
71478
71482
71486
71492
71493
71500
71501
71502
71504
71505
71507
71508
71509
71514
71516
71518
71525
71532
71533
71538
71541
71547
71550
71551
71553
71554
71565
71567
71569
71572
71573
71574
71584
71585
71587
71589
71593
71594
71596
71603
71606
71607
71609
71613
71616
71619
71621
71625
71626
71627
71631
71634
71636
71639
71643
71648
71649
71651
71652
71658
71659
71666
71669
71678
71679
71682
71685
71688
71689
71690
71695
71696
71697
71699
71702
71703
71704
71708
71712
71715
71717
71718
71719
71722
71723
71726
71727
71730
71732
71734
71735
71738
71740
71750
71751
71758
71760
71764
71768
71770
71773
71776
71778
71779
71780
71783
71784
71786
71791
71792
71800
71801
71804
71805
71808
71812
71814
71820
71821
71823
71825
71829
71831
71832
71837
71838
71841
71842
71845
71846
71853
71855
71856
71859
71861
71862
71865
71866
71868
71869
71871
71872
71874
71875
71877
71881
71883
71884
71890
71892
71895
71896
71905
71907
71910
71911
71913
71916
71921
71923
71924
71928
71931
71938
71947
71952
71956
71958
71959
71964
71965
71968
71969
71970
71980
71981
71984
71991
71993
71994
71996
71998
72000
72001
72004
72006
72011
72012
72016
72023
72025
72027
72033
72034
72036
72037
72039
72041
72042
72043
72044
72046
72047
72048
72049
72051
72052
72054
72066
72067
72068
72071
72074
72076
72078
72079
72083
72087
72089
72090
72091
72093
72094
72096
72098
72099
72109
72115
72116
72118
72124
72125
72135
72137
72138
72140
72145
72152
72155
72157
72158
72161
72162
72164
72170
72176
72182
72183
72187
72189
72191
72194
72207
72208
72209
72210
72214
72219
72228
72232
72233
72237
72238
72239
72242
72247
72249
72254
72255
72261
72264
72268
72272
72277
72278
72283
72285
72286
72288
72290
72291
72297
72306
72308
72311
72313
72315
72316
72320
72321
72324
72325
72331
72332
72334
72342
72343
72347
72351
72353
72355
72361
72363
72368
72369
72371
72372
72375
72376
72377
72378
72379
72381
72382
72384
72385
72387
72392
72398
72399
72401
72402
72404
72406
72407
72408
72410
72412
72413
72416
72417
72418
72421
72422
72425
72426
72427
72428
72434
72436
72437
72438
72441
72447
72452
72454
72455
72457
72460
72464
72466
72467
72473
72476
72478
72482
72484
72491
72495
72496
72497
72501
72505
72506
72507
72511
72512
72516
72518
72519
72523
72526
72530
72535
72537
72540
72542
72543
72545
72546
72548
72550
72554
72564
72565
72567
72572
72574
72577
72578
72581
72584
72586
72587
72588
72592
72594
72598
72601
72604
72605
72609
72614
72619
72622
72624
72626
72630
72631
72633
72634
72635
72636
72638
72641
72643
72646
72649
72654
72655
72658
72659
72660
72661
72666
72667
72669
72671
72673
72674
72675
72680
72683
72688
72690
72693
72695
72700
72702
72706
72707
72711
72713
72714
72715
72716
72717
72718
72720
72722
72727
72731
72738
72741
72742
72746
72747
72750
72756
72765
72766
72769
72772
72777
72778
72785
72786
72787
72789
72791
72801
72802
72804
72808
72812
72813
72822
72823
72826
72827
72829
72834
72835
72843
72845
72851
72855
72857
72858
72860
72861
72863
72866
72867
72870
72873
72874
72884
72885
72891
72897
72900
72905
72906
72907
72909
72913
72916
72917
72918
72919
72929
72931
72932
72945
72947
72951
72952
72955
72958
72959
72961
72965
72967
72968
72970
72977
72983
72984
72995
73002
73004
73005
73009
73010
73015
73024
73026
73028
73031
73033
73035
73036
73037
73040
73042
73046
73047
73048
73050
73053
73056
73060
73061
73065
73066
73067
73070
73074
73075
73078
73079
73081
73083
73084
73087
73088
73089
73090
73092
73097
73107
73110
73116
73126
73133
73135
73136
73137
73140
73143
73145
73146
73148
73151
73153
73155
73157
73159
73160
73162
73166
73169
73173
73176
73177
73178
73181
73183
73185
73187
73188
73191
73198
73201
73208
73213
73215
73216
73220
73224
73226
73227
73231
73235
73236
73237
73238
73243
73246
73247
73251
73253
73257
73259
73262
73266
73267
73268
73269
73270
73275
73276
73278
73279
73282
73291
73292
73296
73297
73310
73312
73315
73316
73319
73320
73321
73322
73325
73326
73327
73331
73334
73335
73345
73349
73351
73353
73354
73359
73360
73361
73364
73369
73370
73373
73377
73378
73380
73381
73384
73385
73386
73387
73389
73390
73391
73394
73396
73399
73401
73402
73404
73409
73411
73413
73415
73416
73417
73419
73420
73421
73423
73424
73425
73431
73437
73444
73445
73455
73457
73466
73471
73473
73475
73479
73480
73481
73487
73490
73508
73510
73511
73519
73528
73529
73534
73536
73537
73540
73542
73544
73547
73549
73551
73560
73562
73565
73566
73575
73577
73578
73580
73583
73587
73590
73595
73597
73599
73602
73604
73605
73607
73609
73610
73611
73620
73621
73627
73629
73632
73637
73639
73640
73643
73653
73654
73656
73658
73662
73666
73668
73672
73673
73681
73683
73686
73692
73693
73696
73698
73699
73701
73710
73712
73718
73722
73723
73728
73730
73736
73738
73741
73742
73745
73747
73754
73757
73761
73766
73767
73768
73769
73771
73773
73777
73778
73782
73786
73787
73789
73798
73800
73801
73803
73804
73806
73807
73808
73810
73813
73814
73817
73819
73822
73824
73825
73828
73833
73836
73842
73843
73844
73848
73849
73853
73854
73855
73863
73868
73870
73871
73872
73875
73879
73882
73899
73904
73906
73911
73919
73924
73929
73930
73931
73933
73934
73938
73939
73942
73948
73953
73954
73955
73957
73958
73965
73974
73975
73976
73980
73981
73986
73987
73990
73992
73995
73997
73999
74000
74001
74008
74014
74015
74018
74023
74027
74030
74036
74038
74043
74044
74050
74052
74056
74057
74062
74064
74065
74067
74068
74070
74071
74072
74074
74075
74083
74085
74089
74090
74095
74097
74104
74105
74108
74110
74111
74113
74116
74117
74122
74123
74124
74127
74130
74132
74137
74138
74147
74148
74152
74161
74170
74172
74174
74176
74177
74179
74186
74187
74192
74193
74194
74199
74202
74204
74205
74206
74209
74210
74214
74215
74221
74223
74225
74226
74228
74231
74232
74237
74239
74245
74247
74248
74249
74255
74256
74257
74260
74261
74265
74267
74270
74273
74276
74281
74282
74289
74290
74294
74295
74302
74306
74308
74310
74311
74312
74313
74318
74322
74325
74327
74330
74333
74334
74337
74339
74343
74351
74355
74356
74359
74362
74367
74368
74374
74376
74378
74387
74390
74394
74396
74400
74402
74404
74406
74407
74412
74416
74418
74425
74428
74435
74438
74441
74442
74447
74448
74450
74452
74454
74455
74456
74459
74460
74462
74465
74466
74467
74469
74474
74479
74482
74485
74495
74500
74501
74512
74514
74516
74518
74520
74521
74522
74526
74529
74533
74540
74541
74543
74548
74553
74554
74557
74558
74565
74567
74569
74573
74574
74582
74587
74593
74595
74596
74597
74598
74599
74602
74603
74604
74605
74607
74609
74612
74615
74618
74623
74625
74626
74627
74632
74633
74637
74639
74640
74646
74648
74654
74656
74657
74658
74660
74662
74664
74667
74672
74677
74678
74679
74680
74686
74689
74691
74696
74697
74700
74701
74703
74707
74709
74711
74712
74720
74723
74724
74725
74730
74734
74735
74736
74737
74738
74739
74741
74742
74743
74745
74749
74750
74754
74757
74766
74767
74769
74770
74773
74775
74776
74778
74779
74781
74784
74787
74791
74793
74795
74798
74801
74803
74804
74807
74809
74811
74813
74828
74830
74842
74843
74844
74850
74853
74857
74861
74863
74865
74869
74871
74872
74874
74876
74880
74882
74887
74889
74890
74892
74894
74898
74899
74901
74903
74909
74911
74912
74913
74914
74919
74921
74922
74926
74927
74928
74932
74933
74938
74940
74943
74944
74950
74952
74954
74955
74956
74959
74960
74962
74968
74969
74976
74977
74980
74981
74982
74984
74985
74988
74989
74996
75003
75006
75007
75010
75014
75015
75018
75025
75028
75038
75046
75048
75049
75051
75056
75058
75060
75062
75063
75066
75068
75072
75078
75081
75086
75087
75094
75095
75096
75097
75101
75105
75106
75107
75108
75111
75116
75117
75120
75124
75129
75133
75134
75135
75136
75137
75138
75140
75141
75142
75143
75145
75146
75149
75150
75158
75163
75165
75167
75169
75171
75176
75179
75188
75191
75192
75196
75200
75204
75205
75206
75208
75215
75217
75219
75221
75222
75225
75226
75229
75231
75234
75236
75238
75239
75243
75244
75245
75246
75247
75248
75250
75252
75258
75263
75265
75267
75268
75269
75274
75281
75282
75284
75285
75286
75287
75289
75292
75293
75296
75302
75303
75306
75307
75309
75310
75311
75314
75316
75325
75326
75328
75330
75331
75333
75340
75341
75343
75344
75347
75350
75355
75356
75364
75365
75366
75367
75368
75374
75376
75384
75385
75387
75390
75391
75392
75393
75399
75402
75406
75409
75412
75415
75417
75430
75431
75433
75436
75437
75439
75441
75443
75446
75449
75453
75454
75455
75456
75457
75458
75460
75461
75463
75473
75483
75488
75492
75497
75498
75500
75507
75513
75514
75516
75517
75522
75525
75527
75528
75530
75531
75541
75542
75543
75551
75558
75560
75562
75563
75564
75571
75576
75577
75578
75579
75580
75584
75586
75588
75589
75593
75594
75595
75599
75601
75603
75604
75608
75609
75610
75612
75613
75614
75615
75618
75619
75621
75624
75625
75634
75636
75638
75642
75643
75657
75658
75660
75662
75669
75670
75671
75674
75675
75676
75677
75679
75681
75682
75687
75690
75692
75693
75694
75695
75696
75697
75698
75703
75712
75715
75721
75723
75725
75729
75733
75736
75737
75739
75740
75741
75749
75750
75760
75769
75770
75771
75776
75780
75781
75782
75783
75785
75786
75790
75791
75795
75797
75800
75801
75804
75806
75820
75821
75823
75824
75826
75827
75829
75839
75842
75846
75851
75852
75859
75862
75863
75864
75865
75866
75872
75875
75880
75882
75884
75887
75888
75890
75893
75895
75896
75897
75898
75899
75901
75902
75903
75907
75908
75910
75918
75921
75924
75928
75930
75931
75936
75938
75939
75941
75945
75946
75951
75957
75966
75967
75979
75980
75982
75984
75989
75990
75995
76001
76007
76009
76010
76017
76019
76020
76022
76025
76027
76031
76034
76039
76040
76041
76043
76047
76048
76050
76052
76060
76063
76064
76065
76066
76068
76069
76073
76074
76077
76084
76086
76089
76091
76093
76094
76104
76105
76107
76109
76110
76111
76113
76120
76122
76123
76124
76125
76128
76130
76131
76133
76139
76144
76145
76146
76149
76150
76152
76154
76155
76159
76161
76167
76169
76171
76172
76174
76176
76179
76183
76184
76185
76196
76200
76201
76202
76205
76206
76207
76208
76209
76212
76213
76218
76219
76220
76225
76227
76230
76232
76233
76235
76242
76243
76249
76253
76257
76259
76260
76263
76265
76268
76269
76270
76273
76275
76278
76279
76281
76286
76291
76293
76294
76295
76299
76304
76311
76313
76317
76318
76331
76332
76335
76337
76342
76347
76349
76353
76355
76356
76357
76359
76361
76364
76365
76370
76378
76384
76385
76388
76391
76400
76401
76404
76413
76420
76423
76424
76426
76428
76430
76431
76438
76439
76440
76441
76443
76447
76448
76450
76453
76456
76457
76458
76464
76466
76468
76469
76471
76472
76473
76475
76477
76478
76479
76484
76486
76487
76495
76496
76497
76499
76502
76505
76508
76510
76521
76523
76525
76526
76535
76537
76541
76555
76556
76558
76559
76574
76578
76583
76585
76587
76589
76591
76597
76602
76604
76605
76607
76609
76612
76616
76617
76619
76620
76622
76625
76626
76628
76634
76637
76644
76646
76652
76655
76661
76662
76663
76665
76670
76680
76685
76686
76696
76698
76700
76701
76702
76704
76706
76714
76716
76720
76724
76726
76728
76729
76730
76731
76734
76735
76739
76743
76750
76751
76752
76754
76758
76759
76768
76770
76771
76773
76775
76777
76778
76780
76781
76790
76800
76802
76810
76812
76813
76814
76816
76823
76829
76830
76831
76832
76833
76834
76836
76842
76850
76852
76857
76863
76864
76865
76868
76872
76874
76876
76877
76878
76880
76886
76887
76890
76892
76895
76896
76898
76900
76902
76908
76909
76911
76912
76914
76918
76921
76922
76924
76926
76928
76930
76931
76932
76936
76940
76943
76947
76948
76950
76952
76954
76956
76958
76959
76960
76962
76965
76973
76980
76983
76985
76991
76995
76996
77001
77002
77004
77005
77007
77008
77012
77018
77019
77021
77023
77025
77029
77035
77036
77038
77039
77041
77046
77048
77050
77051
77053
77054
77055
77062
77064
77065
77066
77067
77073
77074
77075
77077
77079
77080
77089
77091
77093
77097
77099
77102
77111
77112
77114
77116
77118
77119
77121
77127
77129
77131
77133
77136
77138
77139
77140
77152
77158
77164
77169
77170
77173
77177
77180
77181
77185
77188
77195
77197
77198
77200
77206
77208
77212
77213
77217
77219
77224
77235
77238
77241
77247
77251
77253
77259
77261
77264
77265
77266
77267
77272
77278
77280
77281
77282
77283
77286
77290
77294
77296
77301
77302
77303
77312
77314
77319
77322
77324
77330
77331
77339
77342
77349
77351
77354
77355
77359
77367
77371
77373
77375
77377
77379
77380
77383
77386
77389
77392
77394
77400
77404
77406
77407
77408
77409
77412
77413
77414
77419
77422
77424
77426
77432
77434
77435
77437
77439
77449
77452
77454
77457
77460
77461
77462
77465
77467
77468
77474
77475
77477
77478
77480
77488
77489
77491
77492
77497
77498
77505
77506
77507
77508
77509
77512
77513
77514
77516
77518
77527
77529
77531
77532
77533
77535
77536
77543
77544
77545
77547
77556
77557
77560
77564
77567
77569
77571
77578
77580
77584
77585
77586
77587
77591
77594
77595
77597
77604
77609
77610
77614
77624
77626
77630
77632
77633
77636
77638
77640
77643
77654
77658
77660
77661
77665
77670
77671
77677
77678
77682
77684
77685
77687
77690
77691
77692
77693
77694
77704
77706
77709
77710
77711
77725
77727
77731
77733
77737
77738
77740
77746
77750
77752
77756
77760
77761
77762
77765
77767
77771
77779
77780
77783
77786
77787
77797
77800
77801
77805
77809
77811
77812
77815
77816
77818
77821
77822
77823
77827
77828
77833
77839
77844
77845
77847
77854
77861
77862
77864
77869
77878
77882
77887
77891
77892
77898
77905
77907
77911
77913
77914
77916
77917
77919
77921
77923
77924
77927
77929
77935
77940
77941
77946
77948
77952
77956
77958
77959
77960
77964
77966
77968
77969
77972
77974
77976
77980
77981
77982
77986
77990
77992
77993
77996
77997
78001
78005
78008
78009
78016
78017
78020
78024
78027
78028
78029
78030
78034
78038
78040
78046
78047
78048
78049
78052
78054
78055
78061
78062
78063
78064
78065
78071
78080
78082
78084
78091
78095
78102
78103
78107
78113
78114
78117
78118
78120
78121
78123
78125
78127
78129
78131
78132
78134
78138
78140
78142
78144
78145
78146
78147
78148
78149
78154
78155
78156
78158
78160
78170
78180
78183
78186
78188
78191
78195
78199
78200
78202
78204
78205
78206
78208
78209
78215
78218
78219
78221
78228
78231
78237
78239
78241
78243
78244
78248
78250
78252
78253
78256
78257
78259
78268
78270
78275
78277
78278
78279
78281
78283
78285
78287
78289
78294
78298
78299
78300
78301
78303
78305
78309
78311
78313
78316
78317
78318
78319
78321
78324
78326
78329
78333
78335
78336
78337
78338
78342
78343
78344
78349
78351
78354
78359
78362
78363
78364
78366
78373
78375
78378
78379
78388
78393
78396
78400
78402
78403
78410
78412
78416
78422
78427
78428
78430
78431
78432
78434
78435
78440
78447
78449
78453
78454
78456
78459
78465
78471
78473
78476
78482
78484
78487
78490
78498
78507
78510
78511
78513
78515
78516
78519
78524
78525
78529
78530
78537
78539
78540
78541
78552
78555
78558
78561
78566
78567
78569
78573
78576
78577
78578
78583
78584
78586
78589
78594
78595
78602
78604
78605
78610
78613
78614
78615
78619
78623
78624
78625
78628
78639
78640
78641
78642
78644
78645
78649
78653
78659
78663
78666
78671
78677
78678
78681
78683
78687
78689
78694
78696
78698
78699
78703
78704
78706
78707
78708
78710
78712
78713
78717
78719
78720
78722
78723
78724
78725
78728
78732
78735
78736
78738
78739
78740
78741
78743
78746
78747
78750
78756
78766
78767
78772
78782
78783
78787
78789
78790
78796
78803
78808
78810
78818
78820
78822
78823
78824
78829
78830
78832
78835
78842
78843
78844
78845
78846
78847
78850
78851
78852
78853
78854
78857
78862
78863
78868
78869
78870
78872
78875
78877
78879
78885
78889
78896
78901
78905
78908
78910
78911
78914
78915
78916
78918
78928
78930
78933
78943
78954
78959
78962
78964
78969
78973
78977
78978
78981
78983
78984
78986
78989
78990
78991
78997
79001
79013
79015
79023
79027
79028
79030
79032
79036
79037
79039
79047
79048
79053
79059
79063
79064
79065
79067
79068
79070
79073
79079
79081
79082
79083
79087
79090
79094
79095
79103
79106
79107
79109
79110
79112
79117
79125
79132
79136
79141
79146
79150
79151
79155
79156
79158
79160
79161
79164
79165
79169
79173
79174
79175
79176
79180
79183
79184
79188
79189
79190
79191
79193
79195
79204
79205
79206
79207
79217
79219
79221
79224
79225
79226
79227
79241
79244
79250
79251
79255
79259
79268
79269
79270
79275
79276
79277
79278
79280
79282
79284
79288
79289
79291
79296
79299
79302
79307
79310
79313
79315
79317
79329
79332
79334
79338
79341
79343
79346
79350
79351
79352
79360
79363
79366
79369
79375
79377
79378
79382
79384
79385
79387
79388
79405
79406
79407
79408
79412
79413
79420
79425
79426
79427
79428
79432
79436
79437
79438
79443
79444
79445
79447
79448
79450
79451
79454
79461
79468
79469
79474
79477
79481
79486
79489
79499
79500
79503
79504
79505
79510
79511
79512
79517
79519
79525
79526
79533
79534
79538
79539
79541
79544
79545
79548
79549
79552
79555
79556
79560
79561
79562
79563
79565
79566
79569
79570
79571
79574
79576
79577
79579
79580
79581
79586
79587
79593
79596
79610
79613
79616
79620
79623
79628
79632
79635
79641
79642
79650
79651
79653
79657
79660
79663
79665
79666
79671
79673
79677
79678
79679
79682
79688
79689
79691
79692
79696
79697
79701
79704
79709
79710
79711
79712
79716
79717
79718
79721
79723
79730
79732
79733
79736
79737
79739
79742
79744
79745
79747
79753
79756
79759
79762
79763
79768
79770
79774
79780
79785
79789
79790
79791
79795
79797
79798
79799
79801
79803
79804
79805
79809
79815
79821
79823
79827
79828
79830
79834
79842
79843
79844
79845
79848
79853
79855
79858
79860
79861
79862
79863
79864
79865
79867
79869
79871
79876
79877
79882
79884
79893
79894
79901
79903
79905
79910
79912
79914
79915
79916
79917
79919
79921
79925
79933
79936
79944
79946
79962
79964
79967
79976
79980
79981
79982
79984
79985
79988
79992
79995
79998
80011
80019
80024
80026
80035
80044
80046
80050
80052
80061
80064
80068
80069
80071
80073
80074
80080
80081
80082
80084
80085
80087
80089
80090
80092
80097
80098
80099
80101
80102
80104
80107
80109
80110
80112
80117
80119
80121
80128
80129
80130
80138
80142
80146
80148
80156
80158
80168
80171
80172
80174
80175
80176
80177
80181
80185
80195
80198
80199
80202
80210
80213
80215
80216
80219
80223
80228
80229
80230
80235
80237
80240
80242
80244
80248
80251
80252
80256
80262
80267
80268
80270
80274
80278
80281
80282
80284
80288
80297
80298
80300
80307
80313
80322
80324
80325
80327
80331
80333
80336
80337
80339
80346
80347
80349
80352
80353
80354
80355
80365
80375
80376
80378
80380
80381
80382
80383
80393
80395
80396
80399
80402
80403
80407
80409
80414
80419
80421
80424
80435
80436
80437
80441
80443
80444
80445
80448
80452
80453
80454
80455
80457
80460
80463
80467
80468
80469
80470
80473
80474
80483
80490
80492
80493
80496
80497
80498
80504
80519
80523
80527
80531
80532
80534
80539
80545
80546
80554
80555
80556
80560
80565
80569
80570
80571
80574
80575
80577
80583
80584
80585
80586
80596
80597
80598
80599
80601
80604
80605
80606
80609
80616
80623
80627
80628
80629
80630
80631
80635
80640
80642
80648
80652
80657
80666
80675
80676
80677
80684
80690
80692
80693
80697
80699
80700
80707
80708
80712
80714
80715
80718
80721
80723
80724
80725
80728
80729
80730
80731
80732
80733
80735
80736
80742
80744
80755
80757
80763
80764
80770
80775
80776
80783
80792
80794
80795
80797
80798
80804
80805
80806
80809
80812
80813
80814
80816
80826
80830
80831
80832
80833
80835
80836
80837
80840
80841
80844
80846
80847
80848
80849
80850
80851
80853
80854
80859
80863
80866
80871
80872
80873
80876
80881
80883
80885
80887
80888
80891
80893
80896
80897
80901
80905
80906
80909
80910
80918
80920
80922
80928
80936
80940
80942
80945
80949
80953
80957
80966
80967
80968
80969
80970
80972
80977
80979
80980
80988
80992
80993
80996
80997
80998
81000
81009
81010
81015
81019
81020
81021
81023
81029
81047
81054
81056
81057
81058
81065
81070
81074
81077
81078
81079
81085
81087
81092
81094
81096
81098
81100
81103
81111
81112
81116
81117
81118
81121
81125
81127
81130
81132
81134
81137
81138
81143
81144
81147
81148
81149
81150
81153
81156
81161
81162
81163
81164
81172
81175
81180
81181
81185
81189
81190
81192
81196
81203
81209
81211
81217
81219
81220
81225
81234
81236
81237
81238
81239
81242
81246
81247
81248
81250
81251
81255
81257
81258
81260
81263
81265
81267
81268
81271
81275
81276
81281
81284
81285
81288
81289
81295
81305
81308
81309
81312
81314
81315
81318
81319
81324
81331
81337
81338
81340
81341
81349
81351
81356
81358
81361
81363
81367
81369
81370
81372
81375
81378
81384
81385
81389
81394
81396
81397
81398
81399
81400
81401
81402
81404
81410
81411
81421
81422
81423
81428
81430
81431
81434
81435
81440
81441
81446
81449
81450
81451
81453
81454
81455
81465
81469
81470
81473
81474
81479
81480
81485
81487
81488
81492
81493
81500
81504
81509
81513
81515
81516
81518
81519
81520
81524
81529
81534
81536
81537
81539
81541
81542
81547
81549
81557
81558
81560
81562
81563
81564
81567
81571
81573
81574
81578
81583
81588
81596
81600
81601
81605
81608
81616
81619
81624
81630
81632
81635
81649
81656
81659
81661
81662
81663
81667
81669
81673
81674
81677
81680
81683
81685
81686
81687
81689
81691
81692
81693
81696
81697
81701
81702
81707
81708
81709
81712
81715
81725
81726
81734
81739
81742
81744
81745
81748
81758
81760
81764
81767
81770
81774
81777
81778
81779
81782
81785
81796
81798
81801
81802
81812
81815
81818
81823
81825
81827
81829
81830
81835
81836
81840
81843
81848
81853
81856
81858
81861
81868
81875
81876
81883
81884
81888
81891
81892
81897
81899
81900
81906
81908
81913
81920
81925
81929
81930
81934
81937
81944
81947
81948
81949
81957
81961
81965
81967
81968
81971
81973
81978
81981
81982
81985
81987
81995
82001
82004
82014
82016
82018
82023
82029
82031
82038
82041
82042
82043
82044
82046
82047
82048
82049
82056
82059
82062
82068
82070
82071
82072
82076
82081
82083
82084
82085
82086
82087
82093
82095
82098
82099
82103
82106
82111
82112
82113
82116
82117
82121
82122
82123
82128
82129
82130
82131
82137
82146
82147
82153
82157
82158
82159
82160
82162
82164
82167
82169
82170
82179
82180
82182
82185
82188
82193
82196
82197
82199
82200
82206
82207
82210
82212
82213
82218
82219
82225
82226
82231
82232
82233
82243
82251
82252
82254
82256
82262
82263
82265
82273
82276
82279
82281
82284
82286
82288
82291
82295
82297
82298
82299
82301
82302
82303
82304
82311
82312
82313
82317
82318
82322
82324
82328
82329
82335
82336
82339
82341
82345
82349
82350
82353
82363
82368
82371
82373
82376
82377
82380
82381
82387
82389
82394
82396
82401
82405
82406
82407
82411
82413
82415
82417
82418
82420
82423
82430
82432
82433
82439
82440
82445
82452
82455
82456
82460
82461
82470
82472
82474
82476
82477
82478
82479
82480
82482
82489
82491
82493
82504
82505
82506
82507
82511
82513
82515
82519
82524
82526
82527
82533
82547
82548
82550
82552
82553
82555
82560
82563
82564
82565
82570
82577
82578
82580
82584
82586
82590
82591
82593
82601
82603
82604
82614
82615
82621
82624
82626
82627
82631
82632
82635
82639
82640
82643
82645
82647
82649
82652
82653
82656
82657
82658
82660
82661
82664
82665
82672
82673
82675
82678
82687
82688
82691
82693
82694
82695
82696
82698
82701
82705
82710
82711
82714
82718
82726
82727
82732
82739
82740
82747
82750
82754
82758
82760
82762
82763
82764
82767
82768
82770
82776
82777
82783
82793
82794
82798
82801
82806
82808
82809
82813
82814
82817
82818
82822
82829
82831
82840
82841
82852
82853
82856
82860
82861
82868
82869
82873
82875
82877
82878
82881
82882
82884
82886
82887
82888
82889
82899
82902
82909
82910
82911
82912
82916
82917
82920
82928
82930
82934
82935
82936
82937
82942
82945
82946
82947
82951
82955
82956
82958
82962
82965
82971
82973
82976
82979
82982
82983
82984
82986
82988
82989
82991
82994
82997
83000
83013
83014
83022
83023
83026
83034
83036
83045
83046
83047
83048
83055
83059
83061
83062
83066
83069
83071
83072
83077
83079
83081
83082
83083
83089
83091
83095
83096
83097
83099
83100
83102
83108
83109
83110
83117
83121
83123
83125
83128
83132
83133
83134
83137
83140
83143
83144
83148
83150
83152
83158
83159
83160
83161
83163
83166
83168
83169
83172
83174
83175
83177
83183
83189
83193
83197
83208
83214
83215
83220
83223
83225
83227
83229
83230
83231
83232
83233
83239
83241
83242
83243
83244
83245
83246
83247
83249
83252
83256
83260
83262
83266
83268
83276
83278
83279
83281
83282
83283
83284
83285
83286
83287
83290
83293
83297
83298
83301
83305
83308
83320
83322
83323
83324
83326
83332
83334
83335
83340
83345
83348
83353
83354
83355
83356
83364
83368
83373
83375
83376
83377
83380
83384
83385
83388
83393
83396
83403
83404
83405
83411
83420
83421
83423
83426
83427
83430
83440
83448
83453
83454
83462
83464
83469
83471
83473
83486
83488
83489
83492
83493
83495
83499
83508
83514
83515
83518
83522
83528
83531
83532
83536
83537
83540
83541
83543
83550
83552
83554
83555
83560
83562
83565
83568
83569
83571
83580
83581
83582
83584
83585
83591
83592
83593
83596
83597
83599
83601
83603
83606
83609
83611
83613
83615
83617
83621
83623
83628
83630
83634
83639
83640
83649
83655
83657
83659
83664
83666
83669
83670
83680
83681
83682
83689
83695
83696
83697
83702
83705
83708
83709
83712
83715
83719
83721
83725
83726
83729
83730
83732
83738
83743
83745
83747
83748
83752
83757
83758
83765
83768
83774
83775
83778
83779
83782
83790
83797
83799
83801
83803
83807
83808
83811
83812
83813
83815
83816
83824
83825
83826
83830
83833
83836
83837
83838
83845
83852
83853
83856
83858
83862
83863
83870
83871
83881
83884
83888
83889
83892
83897
83898
83899
83901
83906
83908
83910
83911
83915
83919
83921
83926
83929
83930
83931
83932
83934
83940
83942
83947
83950
83951
83953
83955
83956
83958
83970
83971
83982
83984
83985
83988
83990
83994
84001
84004
84008
84010
84012
84016
84025
84028
84034
84038
84044
84048
84061
84063
84065
84067
84068
84069
84073
84076
84077
84080
84081
84088
84090
84093
84097
84100
84102
84108
84110
84113
84114
84124
84126
84128
84130
84135
84136
84138
84142
84146
84150
84158
84159
84160
84164
84171
84177
84178
84183
84184
84191
84192
84194
84197
84199
84200
84201
84203
84209
84210
84212
84213
84214
84220
84221
84223
84224
84225
84226
84229
84230
84237
84241
84242
84243
84247
84249
84250
84251
84252
84254
84259
84264
84265
84276
84278
84281
84283
84287
84290
84291
84293
84295
84296
84298
84303
84304
84307
84309
84314
84315
84317
84318
84326
84333
84334
84341
84342
84345
84349
84350
84355
84359
84360
84361
84362
84367
84369
84370
84376
84377
84385
84386
84389
84391
84399
84409
84410
84412
84414
84415
84419
84421
84423
84425
84426
84429
84430
84432
84439
84441
84443
84452
84455
84457
84462
84465
84466
84469
84470
84473
84474
84477
84480
84481
84482
84485
84489
84490
84495
84497
84499
84504
84508
84510
84511
84514
84519
84520
84522
84523
84524
84525
84526
84527
84532
84535
84536
84537
84548
84552
84555
84556
84557
84565
84566
84567
84574
84575
84578
84582
84583
84587
84588
84589
84590
84593
84595
84597
84600
84602
84605
84613
84614
84616
84617
84618
84621
84625
84626
84628
84630
84636
84637
84640
84641
84651
84652
84654
84656
84657
84659
84660
84662
84663
84665
84666
84667
84669
84675
84680
84681
84682
84683
84689
84692
84693
84694
84696
84697
84698
84706
84710
84715
84718
84722
84726
84734
84735
84736
84738
84741
84743
84751
84753
84757
84761
84766
84770
84772
84773
84775
84776
84777
84778
84779
84784
84791
84792
84793
84796
84803
84805
84808
84811
84813
84817
84827
84829
84830
84836
84839
84840
84844
84848
84849
84850
84851
84854
84855
84858
84862
84863
84867
84868
84870
84871
84874
84882
84883
84886
84890
84910
84914
84917
84927
84939
84948
84949
84954
84962
84963
84964
84967
84968
84972
84976
84978
84991
84995
84996
85001
85002
85003
85005
85009
85015
85019
85023
85026
85029
85031
85034
85037
85038
85040
85041
85046
85051
85052
85055
85056
85057
85059
85060
85061
85078
85080
85083
85084
85088
85090
85092
85096
85098
85101
85102
85103
85107
85120
85123
85124
85126
85127
85130
85132
85135
85138
85140
85143
85144
85148
85150
85163
85165
85166
85171
85172
85174
85178
85182
85188
85192
85193
85194
85196
85197
85199
85200
85203
85204
85214
85223
85224
85230
85232
85233
85234
85236
85237
85238
85239
85241
85242
85245
85249
85250
85251
85252
85255
85260
85262
85263
85266
85268
85269
85272
85276
85277
85281
85283
85285
85287
85290
85295
85299
85300
85303
85306
85307
85311
85314
85315
85316
85317
85318
85319
85324
85333
85335
85338
85340
85341
85342
85343
85344
85346
85349
85351
85355
85358
85360
85367
85369
85370
85372
85373
85379
85380
85390
85392
85393
85395
85397
85400
85403
85404
85407
85410
85417
85418
85419
85422
85431
85434
85435
85436
85438
85440
85442
85443
85444
85446
85449
85454
85456
85460
85463
85464
85471
85477
85484
85487
85489
85499
85506
85508
85509
85513
85515
85516
85519
85523
85525
85532
85534
85535
85538
85540
85543
85545
85546
85548
85549
85550
85557
85562
85567
85571
85575
85578
85581
85584
85586
85587
85588
85590
85595
85601
85602
85606
85610
85615
85619
85620
85631
85632
85649
85653
85661
85669
85670
85672
85674
85679
85682
85690
85696
85699
85701
85703
85707
85711
85712
85719
85721
85722
85725
85728
85729
85733
85736
85738
85741
85743
85744
85748
85752
85754
85763
85766
85767
85770
85777
85778
85782
85787
85788
85791
85792
85794
85795
85807
85812
85813
85816
85819
85822
85823
85828
85833
85835
85838
85839
85842
85846
85850
85856
85858
85859
85861
85863
85867
85870
85875
85879
85882
85886
85890
85892
85893
85894
85895
85896
85899
85900
85901
85903
85907
85908
85912
85915
85917
85929
85930
85931
85935
85936
85937
85938
85942
85948
85950
85958
85962
85966
85971
85976
85980
85986
85992
85995
85997
85999
86003
86009
86014
86016
86019
86020
86024
86026
86027
86032
86033
86035
86037
86040
86042
86043
86044
86046
86048
86057
86058
86064
86067
86073
86074
86078
86083
86085
86086
86089
86091
86092
86093
86095
86096
86101
86107
86109
86114
86116
86122
86127
86132
86133
86134
86135
86136
86145
86148
86152
86153
86157
86161
86166
86168
86174
86178
86181
86183
86185
86187
86188
86192
86194
86196
86203
86205
86206
86209
86212
86214
86216
86217
86218
86222
86225
86228
86230
86231
86232
86234
86238
86239
86241
86248
86250
86253
86255
86260
86261
86262
86263
86265
86267
86269
86270
86271
86274
86279
86280
86288
86291
86293
86295
86297
86298
86300
86302
86305
86307
86310
86313
86314
86315
86322
86325
86327
86332
86334
86335
86336
86337
86340
86341
86345
86348
86351
86354
86356
86361
86366
86367
86371
86383
86390
86394
86396
86400
86402
86403
86407
86420
86422
86426
86427
86432
86435
86436
86443
86445
86449
86452
86461
86463
86464
86471
86475
86476
86479
86481
86483
86484
86486
86489
86491
86493
86497
86498
86500
86501
86503
86511
86513
86520
86521
86523
86526
86527
86530
86532
86533
86539
86543
86545
86546
86550
86552
86555
86558
86559
86561
86563
86566
86569
86577
86586
86601
86604
86610
86611
86614
86619
86621
86622
86626
86630
86631
86637
86638
86640
86647
86651
86652
86653
86656
86660
86663
86667
86669
86671
86675
86676
86677
86684
86696
86698
86700
86705
86708
86712
86727
86729
86737
86746
86747
86748
86749
86752
86754
86755
86756
86759
86760
86762
86767
86768
86771
86776
86783
86785
86790
86792
86793
86795
86799
86804
86805
86806
86809
86811
86812
86813
86815
86816
86823
86827
86829
86831
86833
86836
86837
86838
86843
86844
86848
86852
86857
86858
86859
86860
86862
86863
86867
86868
86872
86873
86874
86882
86883
86884
86888
86893
86894
86897
86901
86902
86903
86905
86914
86925
86930
86937
86938
86939
86941
86945
86950
86951
86955
86956
86962
86963
86965
86972
86975
86977
86979
86981
86990
86992
86993
87001
87003
87008
87011
87013
87015
87020
87022
87026
87034
87035
87043
87048
87060
87062
87064
87079
87084
87087
87088
87089
87090
87097
87099
87100
87102
87103
87105
87107
87109
87111
87115
87116
87119
87120
87125
87128
87132
87133
87134
87138
87139
87145
87147
87149
87150
87152
87160
87162
87163
87166
87170
87171
87177
87179
87181
87183
87186
87189
87191
87197
87200
87210
87213
87214
87217
87218
87220
87222
87223
87224
87227
87228
87229
87231
87232
87238
87240
87242
87245
87251
87254
87255
87258
87262
87265
87266
87269
87271
87272
87273
87276
87280
87283
87284
87287
87288
87299
87304
87313
87314
87315
87316
87323
87325
87330
87334
87339
87341
87344
87345
87348
87349
87356
87359
87365
87372
87374
87375
87376
87377
87382
87385
87401
87405
87406
87410
87412
87415
87418
87419
87422
87423
87424
87425
87433
87434
87436
87437
87441
87443
87444
87447
87450
87453
87454
87455
87464
87466
87469
87471
87472
87475
87476
87479
87485
87486
87488
87489
87501
87502
87505
87506
87507
87508
87511
87514
87515
87517
87519
87524
87527
87529
87533
87534
87537
87539
87542
87543
87555
87563
87564
87566
87567
87575
87578
87582
87583
87586
87588
87589
87595
87597
87598
87599
87601
87603
87604
87606
87607
87610
87611
87613
87614
87615
87619
87620
87621
87624
87627
87628
87635
87637
87639
87643
87646
87647
87649
87650
87654
87655
87656
87660
87664
87665
87669
87670
87673
87675
87679
87683
87687
87691
87695
87701
87703
87708
87713
87716
87717
87718
87720
87722
87728
87729
87731
87735
87736
87739
87740
87742
87743
87745
87748
87750
87751
87755
87757
87762
87766
87768
87773
87777
87778
87779
87783
87786
87788
87792
87798
87800
87801
87806
87810
87814
87816
87819
87822
87823
87828
87831
87836
87837
87839
87841
87844
87849
87855
87860
87861
87862
87864
87865
87868
87869
87873
87877
87878
87879
87881
87882
87886
87892
87895
87903
87905
87910
87911
87915
87918
87921
87922
87926
87930
87931
87937
87938
87943
87949
87952
87954
87957
87961
87967
87972
87973
87976
87977
87978
87981
87986
87987
87988
87993
87994
87995
88002
88007
88014
88015
88016
88022
88024
88026
88029
88030
88035
88037
88041
88043
88044
88054
88057
88060
88061
88068
88070
88075
88083
88085
88086
88088
88090
88108
88110
88115
88120
88121
88124
88125
88129
88132
88139
88143
88145
88148
88150
88153
88154
88161
88162
88163
88164
88172
88175
88176
88177
88180
88183
88186
88194
88198
88201
88205
88207
88210
88212
88221
88227
88231
88232
88234
88242
88245
88248
88252
88253
88264
88267
88274
88276
88277
88282
88287
88288
88292
88294
88295
88296
88298
88300
88302
88307
88308
88313
88314
88315
88317
88320
88323
88325
88327
88329
88336
88343
88344
88353
88355
88356
88365
88367
88370
88371
88373
88376
88377
88383
88386
88389
88391
88393
88396
88399
88403
88404
88406
88408
88409
88410
88413
88420
88422
88423
88425
88428
88433
88435
88439
88441
88448
88452
88453
88456
88457
88463
88467
88468
88469
88471
88472
88473
88476
88479
88487
88494
88503
88507
88508
88509
88511
88512
88514
88515
88516
88517
88521
88525
88528
88530
88532
88534
88539
88545
88548
88554
88557
88560
88562
88569
88573
88575
88577
88580
88589
88592
88599
88600
88602
88603
88604
88614
88616
88617
88618
88623
88624
88627
88631
88633
88634
88635
88638
88640
88650
88652
88654
88655
88658
88661
88662
88666
88668
88672
88674
88675
88677
88679
88683
88684
88690
88702
88705
88706
88708
88709
88713
88714
88718
88722
88729
88733
88735
88736
88742
88745
88751
88755
88756
88760
88764
88766
88768
88770
88771
88774
88782
88783
88784
88793
88798
88799
88801
88805
88810
88811
88816
88822
88823
88824
88827
88830
88837
88840
88842
88844
88846
88847
88848
88850
88852
88853
88858
88860
88872
88873
88880
88886
88888
88898
88900
88903
88908
88911
88915
88916
88918
88920
88929
88930
88933
88934
88936
88939
88940
88942
88946
88954
88957
88960
88964
88969
88976
88979
88981
88982
88983
88987
88995
89000
89001
89008
89010
89017
89018
89022
89023
89029
89034
89035
89036
89040
89041
89046
89048
89052
89053
89058
89059
89069
89071
89074
89077
89078
89080
89087
89089
89093
89096
89098
89104
89105
89108
89111
89114
89118
89119
89120
89121
89123
89124
89127
89129
89130
89131
89133
89139
89140
89141
89143
89146
89147
89149
89151
89154
89165
89166
89167
89169
89172
89174
89175
89177
89178
89180
89181
89186
89189
89191
89198
89202
89205
89208
89213
89215
89224
89226
89228
89230
89231
89233
89235
89239
89241
89243
89244
89245
89247
89250
89251
89254
89262
89267
89268
89277
89278
89279
89282
89285
89286
89289
89290
89303
89305
89308
89311
89312
89315
89316
89319
89320
89321
89322
89333
89342
89343
89348
89350
89351
89354
89357
89359
89364
89366
89367
89370
89376
89380
89381
89387
89388
89389
89391
89392
89396
89398
89404
89405
89406
89407
89408
89412
89418
89420
89421
89422
89427
89428
89430
89437
89440
89451
89453
89454
89457
89459
89461
89463
89465
89467
89468
89469
89486
89488
89490
89491
89492
89497
89499
89502
89505
89509
89510
89520
89523
89532
89533
89537
89543
89545
89549
89552
89558
89559
89564
89567
89572
89573
89577
89578
89581
89582
89585
89592
89595
89597
89601
89602
89604
89605
89606
89611
89612
89613
89617
89619
89624
89625
89626
89627
89630
89631
89635
89637
89638
89639
89641
89643
89649
89651
89662
89668
89669
89670
89672
89675
89685
89692
89694
89699
89700
89702
89703
89707
89711
89718
89720
89721
89722
89724
89730
89734
89738
89741
89752
89753
89754
89764
89765
89766
89769
89770
89771
89772
89773
89776
89778
89783
89785
89789
89790
89796
89798
89801
89808
89812
89813
89817
89818
89819
89825
89829
89833
89842
89848
89849
89859
89871
89874
89879
89881
89883
89884
89885
89887
89888
89890
89894
89897
89898
89899
89900
89907
89913
89930
89932
89943
89944
89945
89946
89947
89954
89956
89957
89969
89972
89978
89979
89983
89984
89993
89994
89998
89999
90002
90005
90010
90012
90014
90023
90024
90025
90037
90040
90043
90045
90052
90053
90054
90056
90060
90062
90065
90066
90068
90073
90078
90081
90082
90083
90084
90087
90092
90093
90097
90104
90105
90106
90113
90114
90118
90119
90121
90123
90128
90129
90131
90138
90145
90150
90151
90154
90161
90162
90166
90171
90174
90181
90183
90192
90195
90196
90197
90198
90199
90202
90203
90227
90230
90231
90232
90237
90243
90251
90259
90263
90266
90272
90274
90276
90279
90282
90284
90294
90296
90297
90299
90301
90303
90308
90309
90313
90314
90315
90318
90319
90321
90326
90328
90330
90331
90332
90335
90339
90340
90344
90345
90346
90351
90357
90362
90363
90364
90366
90368
90371
90372
90377
90380
90382
90385
90389
90395
90396
90397
90399
90402
90405
90408
90419
90422
90425
90427
90429
90435
90437
90438
90446
90447
90449
90450
90454
90459
90462
90463
90464
90467
90475
90477
90478
90483
90486
90496
90499
90500
90510
90513
90514
90517
90520
90523
90524
90525
90528
90530
90531
90535
90538
90545
90551
90552
90558
90562
90563
90567
90574
90577
90578
90580
90581
90582
90585
90587
90589
90590
90593
90596
90597
90599
90600
90602
90603
90605
90611
90615
90616
90620
90628
90635
90636
90637
90640
90644
90646
90651
90652
90655
90658
90662
90665
90671
90678
90682
90686
90693
90708
90709
90719
90723
90724
90727
90731
90736
90739
90740
90742
90743
90751
90754
90755
90757
90759
90763
90767
90773
90774
90776
90777
90778
90785
90796
90799
90802
90810
90814
90815
90817
90818
90831
90832
90837
90838
90849
90857
90862
90868
90874
90877
90878
90879
90880
90894
90895
90896
90903
90904
90906
90907
90912
90917
90920
90923
90929
90934
90937
90938
90939
90940
90943
90944
90959
90960
90962
90964
90965
90969
90970
90972
90978
90982
90983
90985
90986
90987
90989
90993
90994
90999
91001
91002
91003
91004
91010
91012
91013
91015
91018
91025
91030
91031
91033
91034
91035
91036
91040
91042
91043
91047
91048
91049
91054
91057
91062
91064
91067
91072
91073
91074
91075
91077
91082
91083
91089
91090
91092
91099
91101
91103
91106
91109
91110
91119
91121
91122
91127
91129
91131
91133
91135
91136
91143
91144
91148
91149
91151
91153
91160
91162
91164
91167
91170
91171
91172
91176
91177
91180
91186
91193
91201
91204
91206
91210
91211
91217
91227
91228
91231
91239
91242
91244
91246
91247
91251
91253
91254
91256
91257
91260
91267
91268
91269
91271
91272
91273
91274
91276
91281
91282
91293
91295
91297
91298
91299
91300
91305
91311
91315
91318
91319
91324
91330
91335
91338
91340
91342
91343
91345
91353
91357
91358
91361
91363
91366
91369
91370
91375
91378
91380
91386
91389
91396
91399
91403
91407
91409
91421
91427
91428
91432
91435
91442
91443
91444
91449
91451
91452
91460
91463
91467
91471
91477
91482
91484
91485
91489
91493
91494
91498
91499
91501
91503
91507
91516
91518
91521
91524
91526
91532
91534
91537
91550
91553
91556
91558
91572
91575
91576
91580
91582
91586
91587
91588
91591
91592
91593
91595
91598
91601
91608
91609
91610
91612
91616
91618
91621
91624
91626
91627
91634
91635
91636
91638
91641
91646
91650
91661
91668
91669
91674
91676
91682
91684
91686
91688
91690
91691
91693
91695
91701
91702
91703
91704
91711
91712
91715
91721
91728
91733
91737
91739
91740
91746
91748
91751
91759
91762
91763
91767
91774
91775
91778
91779
91782
91785
91786
91790
91792
91794
91799
91801
91806
91808
91810
91811
91821
91823
91832
91833
91834
91836
91838
91842
91846
91848
91850
91854
91860
91861
91865
91867
91873
91875
91876
91878
91879
91880
91882
91883
91885
91888
91898
91903
91905
91914
91917
91920
91921
91924
91926
91930
91936
91939
91940
91942
91953
91957
91958
91960
91964
91965
91969
91977
91983
91986
91987
91990
91993
91994
91997
92001
92011
92014
92019
92021
92028
92029
92032
92033
92036
92040
92041
92042
92050
92051
92055
92057
92060
92066
92071
92073
92075
92076
92086
92087
92097
92102
92108
92109
92110
92111
92113
92117
92118
92121
92130
92132
92138
92140
92142
92143
92145
92147
92148
92150
92156
92157
92159
92161
92162
92166
92168
92174
92176
92179
92180
92186
92189
92197
92208
92211
92219
92232
92238
92240
92241
92245
92250
92252
92257
92258
92269
92279
92280
92284
92287
92288
92291
92292
92296
92299
92301
92304
92312
92313
92316
92317
92325
92328
92335
92336
92341
92342
92344
92347
92348
92352
92356
92359
92360
92363
92368
92388
92389
92394
92403
92405
92406
92408
92411
92414
92418
92426
92434
92436
92437
92440
92443
92444
92460
92461
92470
92471
92475
92479
92480
92487
92493
92498
92501
92506
92508
92511
92514
92516
92517
92518
92525
92526
92527
92528
92529
92530
92534
92538
92539
92550
92551
92552
92556
92561
92566
92574
92577
92578
92584
92586
92599
92602
92604
92609
92610
92611
92613
92622
92631
92634
92636
92640
92641
92645
92648
92650
92653
92655
92660
92663
92664
92668
92670
92671
92673
92676
92677
92689
92690
92691
92698
92702
92703
92704
92705
92706
92707
92708
92710
92714
92715
92718
92720
92722
92724
92726
92729
92730
92733
92737
92739
92741
92743
92746
92749
92751
92752
92757
92760
92761
92765
92766
92767
92769
92776
92777
92778
92780
92782
92786
92789
92794
92795
92796
92797
92811
92813
92817
92818
92821
92824
92826
92827
92829
92830
92834
92836
92847
92850
92855
92857
92859
92864
92868
92869
92871
92874
92875
92876
92877
92879
92881
92887
92889
92891
92897
92898
92899
92906
92910
92911
92914
92915
92916
92917
92926
92928
92931
92932
92933
92935
92939
92941
92944
92945
92946
92948
92953
92956
92957
92971
92973
92976
92979
92983
92986
92988
92995
92996
92999
93000
93005
93008
93013
93019
93021
93028
93029
93031
93037
93040
93049
93050
93051
93052
93053
93055
93056
93058
93060
93061
93062
93067
93073
93075
93077
93087
93089
93092
93094
93097
93098
93100
93101
93102
93103
93109
93113
93122
93123
93127
93131
93132
93133
93135
93136
93139
93143
93148
93151
93156
93157
93166
93168
93170
93172
93173
93183
93184
93187
93188
93193
93198
93203
93210
93212
93220
93221
93223
93227
93229
93234
93238
93239
93243
93244
93252
93255
93258
93259
93260
93261
93264
93265
93266
93275
93276
93277
93279
93282
93285
93287
93291
93292
93298
93311
93312
93314
93315
93322
93324
93329
93335
93337
93349
93350
93356
93361
93366
93375
93379
93382
93385
93386
93387
93391
93398
93406
93407
93408
93411
93413
93414
93418
93419
93420
93421
93422
93424
93425
93429
93434
93435
93446
93450
93452
93454
93458
93462
93464
93466
93468
93473
93476
93481
93487
93488
93494
93496
93499
93503
93504
93505
93511
93514
93526
93528
93529
93531
93533
93534
93536
93537
93538
93541
93545
93552
93555
93559
93564
93565
93568
93569
93571
93580
93582
93585
93586
93587
93590
93591
93593
93598
93599
93604
93607
93610
93617
93618
93621
93622
93623
93626
93627
93633
93643
93644
93646
93648
93655
93659
93668
93674
93675
93676
93677
93682
93683
93692
93697
93702
93703
93705
93711
93713
93717
93720
93722
93723
93731
93733
93737
93738
93743
93748
93750
93753
93756
93758
93760
93769
93771
93772
93773
93774
93777
93783
93786
93791
93792
93796
93797
93804
93807
93808
93810
93816
93822
93824
93825
93828
93833
93834
93837
93839
93841
93845
93847
93850
93851
93863
93880
93886
93893
93895
93896
93898
93899
93900
93906
93911
93913
93917
93921
93932
93944
93948
93951
93952
93954
93963
93978
93981
93987
93988
93989
93991
93994
93999
94000
94001
94002
94005
94007
94009
94012
94023
94026
94030
94043
94044
94052
94055
94063
94064
94068
94069
94071
94072
94076
94077
94079
94084
94091
94093
94094
94100
94111
94124
94128
94132
94134
94137
94138
94143
94144
94150
94155
94156
94166
94169
94178
94181
94182
94187
94188
94192
94193
94197
94198
94202
94206
94210
94214
94217
94219
94223
94230
94234
94236
94246
94251
94252
94253
94256
94257
94258
94261
94265
94277
94278
94282
94283
94284
94286
94293
94295
94297
94301
94313
94316
94322
94323
94325
94326
94330
94331
94332
94365
94366
94368
94369
94372
94374
94375
94376
94377
94384
94400
94401
94403
94404
94409
94410
94418
94420
94424
94425
94426
94438
94442
94444
94448
94450
94452
94455
94456
94457
94464
94466
94467
94469
94478
94483
94487
94490
94493
94494
94502
94503
94505
94507
94509
94511
94515
94520
94522
94523
94526
94527
94528
94538
94539
94545
94548
94550
94558
94560
94562
94563
94565
94571
94572
94574
94577
94580
94588
94591
94595
94596
94597
94598
94604
94605
94607
94611
94613
94614
94626
94628
94630
94632
94634
94636
94641
94643
94644
94653
94657
94658
94666
94667
94672
94674
94678
94690
94697
94698
94700
94701
94702
94704
94707
94708
94710
94713
94715
94716
94719
94720
94725
94728
94729
94732
94737
94741
94742
94746
94757
94763
94764
94766
94767
94768
94771
94772
94781
94783
94784
94785
94786
94787
94788
94789
94793
94798
94801
94803
94810
94813
94817
94819
94821
94836
94837
94841
94852
94853
94855
94865
94866
94869
94870
94872
94880
94889
94893
94894
94900
94903
94906
94907
94908
94909
94912
94916
94923
94926
94931
94932
94934
94936
94937
94938
94940
94941
94943
94953
94957
94961
94962
94963
94964
94965
94966
94967
94970
94971
94976
94979
94983
94984
94985
94986
94992
94999
95001
95003
95007
95011
95012
95016
95018
95020
95021
95024
95029
95035
95036
95037
95039
95044
95045
95048
95051
95054
95055
95057
95059
95060
95061
95063
95067
95074
95078
95079
95082
95091
95095
95110
95121
95126
95136
95137
95138
95141
95150
95152
95154
95163
95164
95167
95175
95176
95178
95179
95181
95182
95183
95188
95189
95193
95199
95200
95201
95203
95208
95221
95223
95229
95230
95231
95233
95234
95240
95243
95252
95253
95254
95255
95256
95257
95259
95267
95268
95269
95273
95281
95285
95289
95290
95292
95293
95295
95297
95300
95303
95310
95311
95314
95315
95319
95322
95325
95330
95334
95335
95336
95342
95359
95362
95364
95368
95371
95385
95387
95388
95392
95394
95397
95398
95399
95402
95404
95405
95406
95407
95411
95415
95417
95418
95419
95421
95425
95426
95428
95429
95433
95439
95440
95448
95449
95450
95451
95454
95456
95459
95465
95466
95470
95473
95475
95486
95495
95504
95506
95509
95512
95513
95514
95517
95526
95528
95529
95530
95535
95540
95543
95544
95547
95548
95552
95554
95558
95559
95568
95570
95571
95573
95577
95580
95584
95585
95588
95589
95590
95591
95595
95596
95597
95598
95601
95606
95626
95633
95635
95636
95639
95640
95642
95644
95647
95657
95660
95661
95666
95671
95674
95682
95688
95689
95693
95695
95703
95705
95707
95710
95713
95728
95733
95746
95750
95752
95757
95761
95767
95769
95777
95778
95780
95786
95789
95794
95798
95799
95803
95805
95809
95810
95815
95816
95823
95825
95826
95837
95838
95847
95866
95871
95872
95876
95880
95884
95887
95889
95890
95894
95895
95896
95901
95909
95910
95911
95914
95916
95921
95925
95927
95928
95937
95940
95941
95944
95946
95948
95949
95951
95952
95954
95958
95959
95971
95977
95979
95981
95987
95991
95993
96004
96005
96007
96011
96013
96016
96019
96020
96021
96026
96039
96042
96045
96049
96052
96056
96057
96061
96064
96066
96068
96069
96070
96071
96084
96087
96091
96096
96097
96100
96101
96102
96103
96104
96106
96108
96110
96113
96114
96122
96127
96128
96129
96130
96134
96136
96139
96140
96141
96148
96149
96154
96157
96160
96162
96167
96169
96179
96186
96189
96194
96201
96206
96209
96210
96217
96222
96228
96229
96230
96244
96245
96246
96248
96251
96259
96265
96266
96270
96274
96281
96282
96285
96286
96288
96294
96295
96298
96302
96303
96304
96305
96306
96311
96312
96315
96316
96318
96323
96324
96331
96333
96336
96337
96338
96340
96341
96342
96352
96353
96354
96356
96357
96363
96365
96370
96371
96372
96374
96377
96383
96385
96386
96390
96392
96396
96397
96399
96400
96404
96405
96406
96408
96409
96410
96412
96413
96414
96415
96416
96418
96419
96422
96424
96425
96426
96429
96430
96433
96436
96437
96441
96447
96451
96452
96455
96458
96462
96464
96466
96471
96475
96485
96486
96493
96500
96501
96506
96511
96518
96519
96520
96523
96525
96527
96528
96533
96534
96539
96541
96549
96551
96555
96559
96561
96562
96572
96575
96576
96586
96587
96593
96594
96599
96600
96601
96602
96606
96608
96612
96613
96614
96615
96620
96621
96622
96626
96629
96631
96632
96633
96634
96635
96638
96640
96642
96646
96648
96649
96654
96657
96658
96660
96664
96666
96668
96671
96672
96674
96677
96684
96688
96694
96697
96702
96705
96708
96709
96712
96717
96721
96722
96726
96729
96741
96749
96751
96764
96765
96773
96778
96780
96782
96783
96790
96797
96798
96808
96809
96812
96814
96815
96816
96819
96821
96822
96828
96829
96830
96833
96834
96844
96851
96854
96855
96859
96860
96872
96876
96878
96879
96880
96881
96882
96885
96887
96888
96893
96899
96912
96914
96923
96924
96925
96940
96944
96945
96952
96953
96956
96958
96960
96965
96966
96971
96978
96987
96991
96994
96995
96996
97000
97003
97005
97006
97007
97009
97011
97012
97015
97018
97027
97029
97036
97039
97041
97046
97048
97049
97050
97054
97060
97062
97064
97065
97071
97072
97075
97084
97093
97096
97098
97102
97104
97105
97108
97110
97113
97116
97134
97146
97148
97149
97154
97156
97157
97161
97165
97170
97172
97179
97186
97188
97189
97192
97195
97197
97199
97209
97212
97216
97219
97222
97227
97234
97237
97241
97246
97250
97255
97257
97258
97259
97260
97261
97264
97265
97269
97275
97278
97279
97280
97281
97283
97284
97287
97288
97289
97291
97293
97296
97302
97308
97313
97314
97315
97326
97331
97337
97338
97341
97342
97343
97349
97350
97351
97353
97354
97357
97360
97361
97363
97371
97373
97378
97382
97386
97389
97394
97395
97399
97402
97409
97414
97415
97416
97417
97421
97422
97427
97443
97444
97445
97446
97452
97457
97463
97464
97465
97472
97478
97479
97481
97482
97486
97488
97492
97494
97495
97496
97499
97511
97513
97518
97519
97520
97523
97528
97529
97532
97540
97548
97550
97551
97554
97560
97562
97565
97570
97573
97575
97576
97577
97583
97584
97588
97589
97593
97613
97621
97623
97625
97631
97632
97637
97639
97643
97645
97649
97651
97656
97660
97664
97670
97671
97674
97685
97687
97688
97690
97691
97692
97698
97699
97703
97704
97707
97712
97713
97715
97718
97728
97739
97740
97742
97745
97747
97753
97755
97757
97762
97764
97768
97770
97773
97779
97781
97785
97788
97793
97794
97796
97804
97810
97816
97818
97820
97832
97834
97842
97846
97847
97850
97853
97855
97857
97860
97864
97866
97867
97874
97877
97883
97886
97891
97904
97905
97908
97909
97911
97924
97936
97938
97939
97944
97945
97947
97954
97955
97957
97960
97967
97971
97972
97973
97976
97977
97980
97982
97989
97990
97994
97999
98003
98006
98012
98014
98018
98028
98032
98037
98038
98039
98054
98056
98058
98066
98071
98074
98078
98087
98088
98090
98092
98102
98103
98106
98110
98113
98115
98119
98120
98121
98125
98126
98129
98137
98142
98146
98151
98152
98154
98161
98172
98179
98180
98184
98185
98191
98192
98199
98200
98203
98207
98214
98220
98221
98225
98226
98231
98237
98238
98243
98245
98248
98250
98251
98252
98256
98257
98259
98263
98267
98272
98275
98279
98284
98285
98286
98304
98305
98310
98312
98315
98319
98325
98329
98331
98333
98337
98341
98347
98348
98352
98353
98354
98357
98359
98362
98365
98369
98370
98375
98376
98377
98378
98383
98384
98386
98393
98400
98401
98402
98403
98406
98408
98410
98416
98423
98425
98428
98438
98440
98446
98450
98454
98465
98467
98468
98475
98486
98487
98490
98493
98495
98496
98498
98499
98503
98509
98512
98520
98525
98527
98528
98530
98531
98538
98541
98545
98547
98549
98554
98557
98565
98567
98572
98575
98577
98578
98581
98582
98588
98589
98596
98600
98604
98607
98610
98612
98615
98618
98620
98625
98627
98628
98629
98632
98635
98638
98641
98643
98645
98646
98647
98652
98662
98669
98671
98676
98677
98680
98681
98682
98686
98689
98693
98695
98697
98704
98711
98714
98719
98722
98733
98736
98738
98745
98752
98757
98759
98761
98764
98769
98774
98778
98790
98792
98803
98804
98811
98813
98816
98818
98824
98827
98833
98835
98836
98837
98838
98843
98844
98845
98848
98850
98854
98860
98865
98871
98873
98874
98877
98885
98897
98902
98903
98910
98915
98918
98919
98926
98928
98932
98934
98939
98940
98951
98952
98955
98957
98961
98970
98975
98978
98980
98982
98984
98985
98989
98991
98993
98996
99002
99003
99011
99013
99014
99015
99019
99022
99024
99025
99027
99029
99033
99040
99041
99045
99046
99054
99057
99058
99066
99076
99078
99084
99086
99087
99088
99089
99093
99096
99098
99102
99104
99105
99112
99116
99117
99121
99122
99125
99128
99132
99133
99149
99155
99156
99171
99172
99173
99174
99175
99180
99182
99186
99187
99188
99192
99197
99198
99212
99217
99224
99225
99231
99233
99234
99239
99241
99242
99244
99246
99253
99255
99256
99257
99258
99260
99268
99269
99271
99272
99275
99277
99278
99280
99284
99288
99289
99299
99301
99302
99304
99305
99309
99310
99313
99327
99331
99334
99335
99337
99340
99343
99346
99348
99352
99355
99356
99358
99362
99364
99367
99371
99372
99380
99382
99386
99387
99393
99394
99397
99407
99408
99412
99413
99415
99423
99424
99428
99431
99432
99434
99435
99438
99447
99448
99451
99452
99455
99458
99459
99462
99464
99473
99476
99480
99483
99491
99492
99494
99512
99513
99527
99535
99540
99548
99550
99560
99566
99570
99572
99575
99582
99584
99586
99590
99593
99594
99605
99608
99611
99612
99620
99630
99632
99634
99635
99638
99651
99652
99657
99661
99662
99664
99666
99668
99671
99673
99674
99682
99688
99690
99695
99701
99704
99705
99712
99715
99718
99723
99725
99727
99729
99730
99734
99741
99742
99746
99750
99752
99754
99757
99759
99762
99764
99767
99770
99771
99775
99781
99786
99790
99792
99800
99805
99806
99807
99809
99812
99817
99819
99821
99826
99830
99831
99834
99836
99839
99845
99848
99849
99854
99866
99871
99872
99873
99877
99879
99882
99883
99886
99887
99889
99894
99895
99898
99901
99902
99903
99904
99907
99910
99915
99916
99923
99924
99931
99932
99936
99937
99940
99948
99949
99952
99955
99959
99961
99962
99966
99967
99969
99974
99975
99977
99980
99983
99984
99986
99989
99994
100001
100006
100015
100018
100019
100021
100022
100023
100027
100029
100030
100031
100033
100034
100046
100050
100056
100057
100058
100060
100061
100063
100065
100069
100070
100071
100072
100074
100077
100079
100080
100087
100094
100098
100103
100104
100105
100108
100111
100112
100116
100123
100126
100136
100138
100140
100142
100160
100165
100168
100169
100170
100172
100177
100178
100179
100185
100189
100195
100202
100203
100204
100211
100213
100214
100215
100220
100222
100233
100236
100240
100242
100244
100248
100249
100255
100256
100259
100261
100264
100267
100273
100274
100275
100276
100277
100281
100282
100283
100284
100286
100291
100292
100293
100295
100296
100297
100298
100300
100302
100303
100304
100305
100306
100307
100308
100309
100311
100315
100319
100321
100322
100324
100325
100326
100327
100328
100330
100331
100332
100333
100336
100337
100338
100339
100340
100341
100342
100345
100346
100347
100348
100350
100351
100352
100353
100355
100356
100357
100358
100362
100363
100365
100369
100370
100371
100377
100378
100379
100380
100385
100387
100388
100389
100390
100391
100392
100393
100394
100396
100397
100399
100402
100403
100405
100407
100410
100415
100416
100417
100420
100422
100423
100424
100426
100429
100430
100431
100432
100433
100434
100435
100437
100438
100440
100441
100442
100445
100446
100448
100450
100455
100456
100457
100458
100460
100461
100462
100464
100465
100466
100467
100468
100469
100471
100472
100475
100477
100479
100481
100483
100484
100485
100487
100489
100492
100493
100494
100495
100496
100497
100499
100503
100505
100506
100507
100508
100510
100513
100514
100520
100521
100522
100525
100526
100528
100529
100530
100532
100535
100536
100538
100541
100543
100544
100545
100548
100549
100551
100552
100553
100556
100560
100561
100562
100564
100565
100566
100567
100569
100570
100572
100573
100574
100575
100576
100577
100578
100579
100581
100585
100586
100588
100589
100590
100592
100593
100597
100598
100599
100600
100601
100604
100607
100608
100609
100611
100612
100614
100615
100618
100619
100622
100624
100626
100627
100628
100632
100633
100636
100637
100642
100643
100644
100645
100646
100647
100648
100649
100650
100651
100652
100653
100654
100655
100656
100658
100659
100660
100661
100666
100667
100669
100671
100672
100673
100674
100675
100676
100678
100680
100681
100682
100686
100688
100692
100694
100695
100696
100699
100700
100702
100704
100707
100708
100711
100713
100716
100719
100720
100723
100728
100732
100735
100737
100740
100741
100745
100754
100757
100759
100761
100762
100765
100766
100771
100772
100774
100775
100776
100777
100779
100783
100786
100789
100791
100794
100796
100797
100798
100805
100806
100808
100810
100815
100816
100818
100820
100821
100822
100823
100825
100829
100830
100831
100834
100838
100840
100844
100845
100848
100849
100851
100853
100856
100857
100860
100861
100864
100865
100871
100875
100876
100878
100887
100888
100889
100890
100894
100895
100896
100897
100899
100900
100902
100903
100904
100905
100908
100909
100912
100913
100921
100923
100925
100927
100928
100931
100933
100934
100936
100943
100945
100950
100951
100952
100955
100959
100964
100966
100967
100968
100969
100971
100975
100976
100980
100981
100983
100984
100986
100988
100989
100990
100993
100994
100995
100998
101000
101003
101011
101012
101013
101014
101015
101016
101019
101020
101024
101025
101028
101029
101031
101033
101034
101035
101037
101038
101040
101041
101042
101045
101047
101051
101052
101054
101055
101057
101060
101061
101062
101064
101065
101066
101067
101068
101070
101077
101078
101079
101080
101082
101083
101085
101086
101088
101090
101092
101093
101096
101097
101098
101100
101101
101102
101103
101106
101107
101108
101109
101110
101112
101113
101114
101116
101117
101119
101122
101125
101128
101129
101133
101134
101136
101137
101139
101140
101143
101144
101149
101150
101151
101154
101155
101160
101161
101164
101168
101169
101170
101171
101172
101174
101176
101180
101182
101186
101188
101190
101192
101193
101197
101198
101199
101200
101201
101202
101203
101204
101206
101209
101211
101214
101221
101222
101223
101225
101228
101229
101230
101231
101234
101236
101237
101240
101243
101244
101248
101249
101253
101254
101257
101259
101261
101264
101265
101266
101268
101269
101270
101272
101273
101274
101275
101277
101278
101284
101285
101288
101292
101293
101294
101295
101298
101302
101305
101306
101307
101310
101314
101316
101319
101323
101326
101327
101330
101331
101332
101335
101341
101346
101347
101349
101350
101351
101352
101353
101355
101356
101360
101363
101365
101366
101369
101370
101374
101375
101377
101380
101381
101388
101389
101392
101396
101397
101398
101399
101401
101402
101409
101410
101412
101413
101414
101418
101426
101427
101429
101430
101435
101436
101438
101439
101443
101445
101446
101450
101451
101453
101455
101457
101458
101459
101460
101461
101462
101464
101465
101467
101468
101469
101474
101475
101476
101477
101478
101480
101481
101482
101483
101484
101486
101487
101490
101493
101496
101497
101498
101500
101501
101503
101505
101508
101510
101511
101513
101516
101518
101519
101522
101523
101526
101527
101528
101531
101532
101533
101536
101537
101538
101542
101544
101545
101547
101553
101555
101556
101557
101558
101559
101560
101561
101563
101567
101568
101571
101574
101576
101577
101579
101581
101584
101585
101590
101591
101594
101595
101596
101597
101600
101601
101603
101604
101605
101607
101614
101619
101626
101628
101629
101630
101633
101634
101635
101638
101639
101647
101651
101655
101656
101657
101658
101660
101661
101662
101665
101666
101667
101668
101670
101678
101679
101682
101684
101685
101686
101687
101688
101690
101691
101692
101694
101696
101697
101701
101703
101704
101706
101707
101709
101711
101712
101714
101721
101722
101723
101727
101730
101732
101733
101734
101738
101741
101745
101749
101751
101760
101762
101763
101765
101768
101771
101772
101778
101782
101787
101789
101790
101794
101796
101798
101799
101805
101807
101808
101812
101814
101815
101816
101817
101819
101824
101827
101828
101829
101830
101832
101834
101835
101837
101838
101840
101849
101851
101852
101856
101857
101859
101860
101862
101865
101866
101868
101869
101873
101874
101878
101881
101885
101886
101890
101895
101897
101900
101904
101906
101907
101908
101911
101912
101918
101919
101921
101922
101923
101925
101927
101930
101932
101933
101935
101937
101941
101943
101944
101945
101948
101949
101951
101954
101957
101960
101961
101963
101964
101965
101966
101967
101968
101971
101973
101974
101976
101978
101979
101981
101983
101986
101987
101988
101989
101993
101994
101998
101999
102000
102003
102005
102008
102010
102011
102012
102015
102017
102018
102021
102026
102027
102028
102029
102030
102036
102038
102039
102040
102047
102048
102052
102057
102058
102063
102064
102065
102066
102067
102068
102070
102073
102077
102078
102079
102080
102081
102083
102085
102086
102095
102097
102099
102100
102101
102109
102119
102130
102131
102132
102133
102138
102146
102147
102149
102152
102155
102156
102158
102159
102160
102161
102162
102167
102169
102172
102173
102175
102178
102181
102182
102185
102188
102189
102191
102193
102199
102201
102203
102204
102205
102208
102209
102210
102211
102212
102213
102215
102216
102217
102221
102225
102226
102227
102231
102233
102236
102237
102240
102244
102246
102249
102252
102254
102258
102260
102264
102266
102267
102268
102270
102275
102276
102278
102279
102280
102283
102287
102289
102290
102292
102293
102296
102301
102304
102305
102306
102309
102311
102319
102321
102322
102323
102326
102332
102333
102334
102335
102340
102342
102346
102347
102350
102351
102352
102353
102354
102357
102358
102360
102362
102365
102370
102371
102373
102374
102376
102380
102384
102386
102390
102393
102395
102396
102397
102401
102402
102404
102405
102406
102407
102416
102420
102422
102423
102424
102426
102431
102433
102434
102436
102437
102439
102440
102445
102446
102448
102452
102456
102457
102460
102462
102463
102464
102465
102467
102470
102472
102473
102474
102477
102478
102484
102486
102491
102493
102494
102495
102496
102497
102500
102503
102504
102505
102508
102511
102512
102514
102515
102517
102518
102519
102524
102525
102526
102527
102528
102532
102533
102535
102540
102542
102545
102546
102547
102558
102561
102562
102563
102569
102571
102572
102575
102576
102581
102583
102589
102593
102594
102597
102601
102603
102604
102611
102612
102615
102616
102619
102621
102625
102627
102635
102638
102639
102641
102647
102657
102658
102659
102661
102662
102663
102667
102668
102669
102670
102671
102676
102677
102678
102680
102681
102683
102684
102687
102692
102694
102696
102697
102698
102699
102700
102701
102702
102703
102704
102705
102706
102708
102712
102715
102717
102718
102719
102722
102729
102732
102734
102735
102741
102743
102745
102746
102750
102754
102755
102756
102757
102762
102763
102764
102765
102766
102769
102770
102772
102776
102778
102780
102781
102782
102783
102786
102789
102795
102799
102800
102802
102803
102814
102817
102818
102821
102823
102826
102831
102832
102835
102836
102837
102839
102841
102842
102843
102846
102848
102849
102852
102855
102860
102862
102865
102866
102867
102868
102876
102879
102888
102890
102891
102893
102895
102900
102904
102906
102913
102914
102920
102921
102923
102924
102930
102932
102936
102937
102938
102944
102946
102952
102953
102958
102962
102966
102970
102971
102972
102984
102987
102988
102989
102990
102991
102993
102997
103001
103005
103006
103012
103013
103014
103017
103030
103031
103035
103036
103042
103043
103045
103048
103051
103055
103057
103062
103063
103067
103068
103070
103071
103075
103076
103078
103079
103080
103082
103085
103087
103091
103095
103096
103097
103098
103104
103106
103110
103114
103116
103118
103120
103123
103125
103126
103128
103129
103130
103131
103135
103140
103143
103146
103148
103151
103153
103155
103160
103164
103165
103167
103168
103169
103170
103171
103174
103178
103179
103181
103182
103185
103186
103188
103192
103194
103195
103198
103199
103202
103203
103204
103205
103206
103211
103212
103213
103214
103215
103218
103221
103222
103223
103225
103226
103229
103230
103232
103234
103236
103241
103242
103244
103251
103254
103262
103267
103268
103271
103272
103273
103274
103276
103281
103282
103283
103284
103289
103290
103292
103293
103294
103296
103298
103300
103302
103304
103305
103306
103308
103309
103311
103312
103315
103316
103329
103330
103331
103335
103337
103338
103343
103345
103346
103350
103351
103354
103358
103359
103360
103363
103371
103372
103373
103375
103377
103378
103380
103384
103386
103387
103388
103389
103390
103396
103397
103398
103400
103402
103405
103406
103408
103409
103414
103415
103417
103420
103423
103424
103429
103430
103432
103433
103435
103438
103448
103449
103454
103458
103460
103462
103468
103470
103472
103473
103478
103480
103486
103487
103490
103491
103495
103496
103500
103502
103504
103507
103510
103512
103521
103527
103536
103542
103547
103548
103550
103551
103553
103557
103558
103572
103574
103579
103581
103583
103585
103588
103590
103592
103593
103594
103599
103603
103604
103605
103606
103607
103608
103609
103617
103618
103621
103626
103631
103632
103633
103643
103645
103646
103648
103649
103651
103652
103655
103659
103662
103664
103666
103667
103668
103672
103678
103681
103682
103684
103686
103693
103698
103701
103702
103703
103705
103706
103707
103710
103714
103715
103717
103718
103719
103721
103722
103723
103732
103734
103736
103737
103738
103739
103745
103747
103748
103751
103756
103760
103761
103768
103770
103773
103774
103776
103777
103778
103780
103784
103786
103787
103790
103791
103794
103801
103802
103803
103806
103807
103808
103809
103814
103818
103825
103826
103827
103830
103836
103837
103841
103842
103843
103844
103846
103850
103851
103853
103854
103856
103857
103858
103862
103864
103866
103868
103872
103878
103879
103882
103884
103885
103886
103888
103889
103891
103892
103894
103896
103897
103899
103903
103906
103908
103910
103911
103912
103917
103920
103924
103925
103926
103927
103931
103932
103934
103935
103937
103941
103945
103947
103948
103950
103951
103952
103959
103960
103961
103963
103964
103966
103971
103983
103984
103987
103988
103990
103991
103993
103998
104004
104008
104009
104010
104011
104012
104019
104020
104023
104028
104030
104037
104038
104039
104040
104042
104043
104048
104049
104051
104054
104055
104063
104064
104065
104067
104080
104083
104087
104088
104091
104092
104094
104098
104099
104102
104105
104118
104122
104123
104127
104128
104132
104135
104137
104143
104145
104146
104149
104150
104152
104153
104156
104157
104158
104163
104167
104168
104172
104176
104179
104182
104188
104189
104192
104193
104194
104195
104196
104198
104201
104203
104205
104207
104210
104214
104217
104218
104219
104221
104225
104226
104227
104231
104236
104238
104241
104243
104247
104249
104254
104257
104258
104261
104266
104269
104272
104273
104280
104284
104290
104293
104295
104297
104301
104303
104309
104310
104314
104316
104317
104319
104322
104323
104324
104326
104328
104332
104336
104341
104346
104347
104349
104350
104351
104352
104354
104356
104358
104359
104364
104366
104369
104371
104374
104377
104378
104379
104381
104393
104394
104398
104402
104405
104406
104408
104409
104410
104412
104414
104423
104424
104429
104432
104435
104437
104440
104441
104443
104444
104446
104447
104448
104449
104450
104463
104464
104465
104466
104467
104468
104471
104473
104475
104478
104479
104482
104484
104486
104488
104489
104491
104497
104500
104501
104503
104508
104509
104510
104517
104519
104521
104522
104523
104526
104530
104533
104542
104547
104549
104553
104554
104559
104571
104574
104575
104577
104580
104584
104594
104598
104599
104601
104603
104604
104606
104611
104612
104613
104614
104615
104622
104625
104626
104631
104633
104634
104635
104637
104640
104643
104644
104645
104649
104650
104652
104654
104655
104657
104658
104662
104664
104670
104674
104677
104679
104680
104683
104684
104685
104687
104688
104689
104690
104694
104696
104698
104699
104701
104702
104703
104706
104709
104712
104721
104726
104727
104733
104734
104735
104736
104743
104754
104759
104760
104761
104762
104770
104773
104774
104776
104778
104784
104785
104787
104790
104792
104799
104801
104804
104809
104812
104813
104814
104816
104817
104828
104829
104834
104836
104838
104839
104840
104841
104848
104849
104855
104856
104858
104862
104863
104864
104865
104870
104873
104874
104881
104888
104889
104891
104892
104894
104899
104901
104907
104911
104915
104919
104920
104921
104926
104929
104930
104932
104939
104940
104941
104944
104945
104959
104965
104966
104967
104970
104971
104974
104975
104977
104979
104983
104984
104985
104987
104989
104993
105001
105002
105003
105005
105007
105010
105017
105019
105021
105026
105029
105033
105036
105037
105043
105047
105048
105049
105059
105060
105061
105062
105065
105067
105068
105069
105070
105075
105078
105085
105092
105098
105104
105106
105107
105110
105112
105115
105117
105120
105121
105123
105124
105126
105127
105131
105133
105134
105136
105138
105140
105143
105145
105147
105150
105155
105156
105160
105164
105166
105169
105173
105178
105179
105180
105184
105189
105194
105195
105198
105204
105212
105216
105219
105220
105226
105228
105232
105233
105239
105242
105243
105247
105250
105251
105255
105258
105260
105262
105266
105267
105268
105270
105271
105272
105273
105274
105275
105276
105278
105284
105286
105287
105292
105297
105298
105301
105302
105304
105310
105316
105318
105321
105324
105326
105330
105335
105336
105338
105343
105344
105346
105349
105350
105351
105352
105355
105357
105360
105363
105365
105368
105369
105371
105378
105380
105382
105383
105390
105392
105396
105399
105400
105402
105404
105408
105409
105411
105414
105416
105417
105424
105429
105432
105434
105437
105444
105449
105453
105454
105457
105458
105459
105460
105464
105465
105466
105468
105469
105472
105483
105486
105487
105488
105490
105492
105494
105500
105501
105505
105508
105509
105510
105512
105513
105514
105516
105519
105522
105525
105532
105543
105546
105547
105548
105550
105551
105557
105558
105564
105565
105567
105571
105572
105576
105578
105583
105584
105586
105588
105593
105598
105600
105605
105610
105612
105613
105617
105621
105622
105623
105625
105633
105635
105638
105642
105644
105647
105651
105654
105656
105657
105658
105660
105664
105665
105677
105678
105682
105686
105687
105689
105693
105694
105695
105697
105699
105701
105704
105705
105710
105711
105714
105718
105721
105722
105729
105731
105733
105736
105742
105747
105750
105752
105755
105761
105771
105784
105785
105786
105791
105792
105797
105807
105811
105812
105813
105815
105817
105823
105825
105829
105832
105834
105838
105841
105843
105846
105851
105856
105861
105863
105864
105866
105867
105870
105871
105872
105876
105879
105880
105883
105885
105888
105889
105890
105894
105897
105898
105904
105908
105911
105912
105913
105918
105922
105923
105925
105926
105928
105933
105934
105935
105938
105940
105941
105945
105946
105947
105953
105954
105958
105961
105964
105970
105971
105974
105975
105987
105988
105989
105991
105994
106000
106001
106004
106007
106010
106011
106014
106024
106025
106026
106030
106036
106043
106045
106046
106047
106049
106050
106051
106053
106055
106057
106062
106063
106064
106075
106076
106078
106080
106081
106083
106086
106087
106088
106090
106094
106101
106103
106105
106106
106111
106112
106113
106115
106117
106119
106121
106135
106138
106142
106143
106145
106146
106148
106149
106150
106152
106153
106154
106156
106157
106158
106159
106161
106167
106181
106184
106186
106189
106190
106193
106197
106198
106200
106202
106204
106208
106209
106213
106217
106219
106222
106223
106226
106233
106236
106237
106240
106241
106243
106246
106248
106249
106253
106266
106272
106278
106285
106287
106288
106295
106297
106301
106304
106306
106307
106310
106311
106313
106317
106318
106321
106327
106328
106334
106336
106337
106340
106341
106343
106344
106347
106353
106354
106356
106358
106359
106362
106363
106367
106369
106376
106379
106382
106384
106390
106391
106397
106398
106402
106403
106411
106412
106413
106415
106416
106419
106421
106422
106424
106426
106428
106430
106434
106442
106444
106446
106451
106453
106454
106458
106460
106463
106467
106470
106478
106480
106482
106483
106492
106493
106494
106496
106498
106499
106504
106505
106507
106509
106514
106515
106518
106524
106525
106528
106529
106533
106536
106537
106538
106542
106543
106547
106548
106554
106555
106556
106557
106562
106564
106581
106582
106583
106589
106593
106594
106596
106603
106605
106608
106609
106610
106612
106613
106616
106618
106621
106624
106625
106627
106631
106633
106634
106636
106638
106640
106644
106646
106647
106649
106656
106664
106665
106670
106671
106673
106674
106681
106686
106687
106691
106692
106694
106695
106696
106698
106699
106700
106705
106707
106711
106717
106718
106719
106720
106721
106722
106725
106731
106732
106733
106734
106738
106741
106742
106744
106745
106748
106751
106756
106759
106761
106763
106767
106769
106771
106773
106775
106778
106779
106780
106782
106786
106788
106792
106793
106797
106806
106808
106812
106816
106818
106822
106824
106826
106833
106839
106841
106845
106848
106850
106861
106863
106864
106865
106869
106872
106877
106884
106885
106887
106888
106890
106891
106894
106898
106901
106906
106910
106911
106915
106917
106918
106925
106928
106929
106934
106942
106943
106953
106954
106955
106956
106957
106958
106960
106966
106968
106969
106974
106977
106978
106980
106982
106984
106986
106989
106992
106993
106999
107001
107002
107004
107011
107014
107015
107019
107022
107023
107024
107028
107031
107032
107033
107034
107035
107036
107040
107046
107047
107049
107053
107054
107058
107059
107060
107063
107065
107067
107070
107071
107078
107079
107084
107086
107089
107090
107094
107099
107104
107106
107110
107112
107113
107117
107118
107120
107121
107122
107123
107127
107128
107129
107130
107138
107139
107140
107141
107142
107144
107145
107147
107152
107158
107159
107163
107164
107167
107173
107175
107177
107179
107188
107189
107194
107198
107200
107202
107205
107206
107212
107213
107215
107216
107218
107220
107221
107222
107232
107234
107235
107246
107248
107253
107256
107260
107263
107266
107267
107271
107277
107281
107285
107288
107289
107290
107292
107294
107297
107301
107302
107308
107309
107312
107314
107316
107317
107318
107322
107326
107328
107329
107333
107335
107338
107340
107341
107343
107344
107349
107354
107364
107365
107368
107372
107374
107375
107380
107382
107384
107385
107387
107391
107392
107394
107399
107400
107404
107407
107410
107415
107417
107420
107427
107429
107430
107432
107434
107435
107436
107441
107442
107443
107445
107446
107449
107451
107452
107455
107461
107462
107463
107468
107470
107471
107472
107477
107478
107482
107483
107484
107486
107487
107489
107493
107494
107496
107497
107498
107499
107504
107506
107507
107510
107515
107517
107518
107519
107531
107534
107536
107537
107541
107542
107544
107545
107547
107550
107558
107559
107560
107563
107569
107571
107573
107576
107584
107586
107591
107603
107604
107608
107610
107611
107612
107616
107621
107622
107624
107625
107628
107631
107632
107634
107637
107639
107642
107651
107653
107654
107656
107659
107662
107663
107666
107668
107671
107674
107675
107676
107677
107680
107683
107685
107689
107691
107693
107696
107697
107698
107707
107710
107711
107712
107713
107715
107719
107725
107726
107730
107731
107732
107734
107738
107739
107740
107743
107744
107745
107746
107748
107749
107750
107752
107753
107754
107755
107758
107760
107762
107766
107768
107779
107784
107789
107792
107793
107795
107798
107799
107800
107801
107802
107803
107804
107805
107807
107808
107809
107810
107811
107816
107820
107821
107824
107835
107836
107837
107840
107842
107849
107850
107859
107860
107861
107865
107870
107872
107873
107874
107875
107879
107881
107885
107890
107893
107895
107896
107898
107900
107902
107907
107908
107910
107918
107919
107921
107928
107929
107934
107937
107938
107941
107942
107943
107953
107956
107958
107960
107962
107963
107964
107965
107969
107973
107978
107980
107983
107986
107988
107990
107991
107994
107995
108001
108002
108005
108006
108008
108009
108010
108025
108027
108028
108031
108036
108038
108039
108042
108044
108046
108047
108048
108049
108050
108053
108055
108056
108057
108059
108061
108063
108064
108068
108072
108073
108076
108079
108082
108083
108086
108087
108092
108093
108096
108098
108100
108101
108104
108108
108112
108115
108117
108119
108127
108133
108134
108137
108138
108142
108149
108152
108154
108156
108157
108158
108159
108160
108166
108167
108168
108171
108174
108176
108181
108182
108183
108185
108187
108190
108196
108198
108200
108206
108208
108209
108212
108214
108215
108216
108220
108222
108224
108230
108231
108239
108240
108244
108245
108248
108251
108263
108264
108267
108268
108269
108270
108273
108275
108276
108280
108281
108285
108288
108289
108295
108298
108301
108302
108304
108305
108307
108308
108309
108312
108314
108317
108321
108323
108324
108327
108330
108332
108333
108337
108341
108346
108350
108352
108354
108360
108362
108363
108366
108373
108375
108381
108385
108386
108387
108393
108396
108398
108399
108402
108405
108412
108416
108419
108421
108422
108425
108428
108429
108430
108434
108435
108436
108437
108438
108443
108446
108451
108453
108456
108459
108466
108469
108474
108476
108477
108481
108489
108492
108493
108499
108502
108503
108506
108507
108515
108518
108519
108520
108523
108526
108533
108537
108538
108542
108547
108548
108553
108561
108562
108565
108566
108570
108573
108575
108579
108581
108583
108584
108587
108596
108600
108602
108603
108606
108607
108608
108609
108613
108618
108620
108623
108625
108628
108629
108630
108631
108638
108651
108652
108654
108655
108661
108665
108668
108669
108673
108680
108683
108684
108686
108687
108688
108693
108695
108696
108699
108703
108709
108710
108712
108715
108717
108720
108728
108729
108730
108733
108738
108740
108742
108744
108745
108748
108752
108761
108767
108768
108771
108772
108773
108777
108785
108786
108789
108791
108792
108796
108807
108808
108815
108825
108826
108830
108834
108835
108837
108838
108839
108847
108850
108851
108859
108860
108861
108864
108867
108870
108873
108879
108881
108882
108889
108891
108895
108900
108901
108906
108907
108911
108914
108915
108916
108922
108928
108930
108931
108936
108941
108942
108945
108947
108948
108950
108953
108955
108958
108962
108964
108968
108969
108970
108975
108981
108984
108985
108986
108987
108991
108994
108995
109004
109006
109008
109012
109013
109017
109018
109020
109022
109024
109026
109027
109028
109033
109037
109039
109049
109051
109054
109055
109056
109060
109061
109065
109068
109070
109074
109075
109076
109077
109078
109084
109088
109089
109093
109094
109095
109098
109110
109112
109115
109116
109122
109126
109127
109134
109136
109142
109144
109145
109147
109149
109150
109156
109158
109161
109163
109164
109169
109177
109178
109189
109190
109193
109194
109198
109199
109203
109205
109208
109215
109216
109218
109219
109224
109228
109229
109231
109238
109240
109242
109243
109247
109248
109249
109250
109255
109259
109269
109274
109275
109276
109277
109279
109283
109287
109288
109293
109295
109296
109297
109298
109299
109302
109304
109311
109315
109316
109317
109318
109324
109327
109329
109331
109332
109335
109336
109337
109339
109340
109341
109346
109349
109354
109359
109364
109365
109367
109369
109370
109373
109375
109376
109377
109384
109388
109390
109395
109400
109403
109408
109412
109415
109416
109419
109420
109421
109424
109425
109429
109431
109432
109440
109445
109449
109450
109453
109456
109461
109463
109466
109467
109472
109474
109475
109477
109478
109481
109482
109485
109487
109496
109499
109503
109509
109510
109516
109517
109518
109519
109521
109522
109524
109526
109529
109531
109532
109535
109544
109546
109554
109556
109561
109562
109563
109567
109568
109572
109575
109577
109578
109580
109581
109583
109584
109585
109588
109593
109595
109596
109598
109599
109605
109606
109609
109616
109620
109625
109627
109633
109638
109639
109640
109642
109644
109649
109657
109659
109660
109664
109666
109667
109669
109670
109671
109673
109682
109683
109684
109686
109687
109688
109697
109699
109700
109704
109709
109713
109716
109720
109723
109729
109733
109737
109739
109743
109745
109748
109749
109753
109755
109757
109759
109760
109762
109773
109775
109778
109786
109787
109790
109791
109793
109799
109801
109809
109811
109812
109813
109814
109816
109817
109818
109823
109831
109832
109834
109835
109842
109846
109847
109848
109849
109853
109854
109860
109861
109862
109863
109864
109866
109868
109880
109882
109883
109887
109895
109896
109897
109898
109899
109902
109904
109913
109916
109920
109921
109927
109931
109933
109935
109942
109945
109947
109948
109949
109954
109956
109957
109958
109960
109963
109965
109969
109970
109972
109978
109981
109984
109986
109988
109991
109994
109997
110003
110004
110005
110008
110015
110018
110020
110022
110027
110034
110038
110039
110041
110045
110049
110053
110055
110056
110061
110068
110069
110071
110073
110074
110075
110076
110078
110080
110089
110095
110096
110097
110101
110102
110104
110110
110114
110115
110119
110122
110124
110125
110126
110128
110131
110132
110133
110135
110136
110137
110138
110139
110145
110147
110154
110155
110156
110158
110162
110164
110165
110168
110171
110174
110176
110178
110187
110191
110192
110195
110200
110201
110203
110206
110208
110211
110213
110214
110217
110218
110219
110226
110227
110229
110230
110233
110238
110240
110241
110243
110245
110253
110254
110257
110258
110259
110260
110261
110270
110272
110276
110283
110284
110288
110291
110292
110298
110299
110305
110306
110311
110315
110317
110321
110322
110325
110329
110335
110342
110345
110346
110347
110352
110355
110357
110362
110364
110366
110367
110371
110380
110382
110385
110386
110393
110399
110400
110401
110402
110408
110413
110423
110424
110425
110426
110432
110434
110436
110438
110441
110445
110446
110447
110452
110453
110456
110460
110467
110472
110473
110474
110480
110482
110494
110495
110496
110498
110502
110513
110514
110517
110523
110526
110530
110533
110534
110536
110544
110547
110548
110551
110557
110559
110565
110567
110568
110572
110577
110578
110579
110581
110584
110588
110589
110590
110593
110596
110598
110606
110610
110611
110613
110614
110615
110616
110618
110622
110631
110632
110633
110634
110645
110646
110647
110651
110653
110660
110661
110665
110666
110669
110670
110671
110674
110677
110680
110682
110683
110684
110685
110690
110691
110695
110698
110699
110706
110707
110709
110711
110712
110714
110718
110719
110723
110726
110731
110732
110735
110736
110745
110755
110757
110758
110760
110767
110769
110770
110771
110773
110774
110776
110783
110786
110789
110792
110794
110800
110816
110821
110826
110833
110834
110838
110846
110848
110849
110850
110860
110861
110863
110873
110878
110881
110882
110886
110889
110890
110891
110893
110895
110898
110901
110903
110904
110905
110907
110909
110911
110917
110918
110919
110924
110925
110927
110929
110931
110932
110936
110944
110946
110948
110950
110952
110955
110956
110959
110960
110965
110968
110969
110971
110972
110976
110977
110979
110983
110985
110987
110993
110994
110996
110998
110999
111002
111003
111004
111010
111012
111014
111017
111020
111021
111023
111031
111035
111036
111037
111042
111044
111054
111055
111059
111062
111066
111068
111069
111070
111073
111075
111078
111086
111088
111090
111092
111094
111097
111098
111101
111108
111109
111110
111115
111118
111120
111128
111130
111132
111134
111138
111140
111142
111144
111149
111155
111158
111161
111171
111172
111173
111176
111179
111181
111182
111184
111186
111188
111199
111200
111201
111222
111229
111231
111232
111234
111239
111243
111244
111249
111260
111267
111269
111270
111273
111275
111276
111279
111281
111282
111283
111290
111291
111292
111297
111299
111302
111304
111312
111320
111323
111329
111331
111332
111335
111338
111340
111341
111344
111345
111352
111362
111363
111366
111368
111370
111371
111372
111373
111374
111376
111381
111385
111387
111389
111390
111393
111398
111400
111404
111405
111411
111412
111415
111418
111419
111420
111424
111426
111430
111431
111436
111449
111459
111463
111475
111476
111479
111482
111484
111486
111487
111489
111490
111494
111496
111501
111504
111505
111516
111519
111528
111529
111530
111531
111535
111545
111549
111554
111555
111571
111573
111575
111584
111587
111590
111600
111602
111608
111613
111614
111627
111629
111635
111636
111641
111648
111652
111653
111654
111656
111658
111661
111663
111665
111667
111670
111671
111672
111673
111678
111680
111681
111690
111694
111699
111703
111704
111707
111708
111710
111717
111721
111722
111724
111731
111734
111738
111744
111747
111755
111764
111766
111769
111772
111781
111782
111784
111789
111790
111793
111800
111807
111809
111813
111817
111820
111828
111830
111833
111842
111843
111847
111848
111850
111855
111872
111879
111880
111882
111884
111887
111896
111900
111902
111907
111909
111911
111915
111923
111925
111926
111930
111932
111936
111937
111941
111942
111943
111946
111958
111964
111966
111969
111971
111976
111978
111983
111988
111989
111990
111993
111997
111999
112000
112002
112003
112005
112006
112008
112012
112013
112024
112025
112027
112028
112031
112032
112037
112039
112043
112045
112065
112070
112073
112075
112084
112086
112091
112094
112098
112100
112101
112106
112107
112110
112113
112119
112120
112123
112130
112136
112142
112144
112150
112155
112160
112161
112163
112164
112165
112167
112168
112169
112170
112178
112179
112183
112185
112190
112193
112197
112198
112203
112207
112209
112215
112219
112237
112238
112243
112245
112253
112258
112261
112265
112266
112269
112270
112272
112274
112280
112285
112294
112295
112296
112298
112303
112309
112313
112318
112320
112325
112327
112335
112337
112342
112343
112345
112351
112353
112355
112356
112359
112361
112362
112366
112368
112371
112373
112384
112387
112388
112391
112392
112395
112396
112399
112405
112406
112413
112415
112416
112418
112419
112422
112424
112425
112426
112427
112441
112442
112451
112454
112455
112456
112465
112469
112470
112478
112479
112482
112495
112496
112497
112498
112500
112502
112506
112508
112521
112525
112526
112527
112530
112537
112542
112558
112561
112562
112568
112573
112574
112580
112586
112587
112595
112599
112601
112603
112606
112607
112609
112610
112613
112615
112618
112622
112624
112629
112631
112633
112635
112638
112640
112644
112649
112652
112654
112655
112656
112661
112662
112665
112673
112675
112677
112680
112682
112686
112690
112694
112695
112697
112698
112699
112700
112706
112712
112717
112718
112722
112724
112727
112731
112734
112736
112737
112738
112750
112756
112764
112767
112772
112780
112783
112784
112785
112786
112789
112794
112795
112798
112800
112804
112810
112813
112815
112816
112819
112821
112822
112825
112826
112827
112828
112830
112832
112839
112840
112844
112846
112847
112848
112852
112854
112857
112869
112876
112880
112882
112885
112886
112887
112892
112896
112897
112900
112901
112904
112908
112909
112910
112916
112919
112922
112925
112928
112931
112932
112934
112936
112938
112939
112942
112944
112948
112950
112953
112959
112960
112961
112963
112964
112971
112972
112979
112980
112984
112986
112987
112989
112994
112997
112998
113000
113002
113005
113009
113010
113012
113013
113017
113021
113026
113028
113037
113039
113040
113047
113048
113052
113053
113057
113068
113073
113081
113082
113084
113094
113096
113098
113101
113102
113110
113112
113116
113119
113120
113124
113127
113136
113138
113146
113147
113150
113155
113156
113160
113161
113164
113168
113170
113171
113172
113173
113178
113184
113187
113191
113192
113198
113202
113203
113204
113210
113211
113222
113228
113231
113232
113239
113245
113247
113254
113255
113256
113257
113259
113261
113262
113265
113266
113267
113270
113271
113278
113280
113284
113286
113287
113290
113292
113293
113295
113298
113301
113305
113312
113314
113326
113327
113333
113334
113335
113336
113338
113347
113348
113351
113353
113355
113357
113359
113360
113363
113367
113375
113376
113381
113384
113385
113390
113396
113401
113403
113404
113419
113420
113424
113427
113437
113442
113448
113454
113461
113464
113469
113470
113473
113477
113478
113487
113488
113495
113497
113498
113501
113507
113513
113517
113522
113524
113526
113528
113529
113530
113531
113536
113540
113545
113547
113551
113553
113556
113558
113561
113562
113566
113569
113575
113576
113578
113587
113590
113593
113598
113603
113604
113610
113614
113617
113619
113624
113626
113629
113631
113634
113638
113649
113651
113656
113661
113663
113671
113672
113678
113679
113683
113684
113691
113692
113698
113699
113702
113703
113714
113715
113717
113723
113725
113727
113729
113735
113739
113743
113744
113752
113760
113764
113765
113771
113781
113783
113786
113788
113792
113797
113798
113799
113801
113804
113805
113806
113813
113821
113822
113825
113827
113832
113834
113836
113838
113841
113849
113850
113851
113852
113853
113857
113866
113869
113871
113883
113888
113890
113891
113897
113907
113909
113911
113912
113914
113917
113928
113930
113937
113938
113949
113952
113954
113964
113968
113970
113971
113973
113978
113992
113993
113997
114001
114016
114020
114022
114024
114026
114035
114038
114039
114043
114045
114046
114050
114052
114053
114054
114061
114064
114065
114067
114071
114073
114079
114080
114083
114087
114090
114093
114099
114100
114106
114114
114115
114122
114124
114127
114132
114137
114140
114144
114147
114149
114153
114163
114166
114171
114172
114181
114196
114198
114199
114201
114203
114204
114205
114207
114208
114209
114213
114215
114218
114222
114223
114225
114226
114228
114235
114244
114248
114251
114253
114261
114262
114264
114265
114274
114278
114280
114284
114289
114291
114292
114294
114300
114305
114308
114325
114330
114333
114335
114340
114341
114347
114348
114354
114363
114367
114370
114373
114380
114387
114392
114397
114405
114407
114408
114409
114412
114415
114417
114419
114423
114424
114431
114435
114439
114448
114450
114452
114454
114457
114458
114483
114484
114485
114487
114489
114491
114497
114500
114503
114514
114515
114516
114528
114541
114542
114553
114554
114559
114564
114565
114567
114577
114587
114597
114598
114599
114600
114601
114602
114604
114607
114611
114615
114617
114618
114622
114626
114632
114634
114640
114641
114644
114652
114654
114656
114658
114660
114662
114665
114666
114667
114671
114672
114675
114676
114684
114690
114699
114700
114702
114711
114714
114720
114722
114723
114724
114731
114732
114734
114735
114737
114741
114743
114746
114754
114755
114758
114760
114763
114768
114769
114770
114774
114775
114783
114784
114785
114792
114793
114794
114796
114797
114805
114810
114816
114817
114819
114824
114825
114829
114833
114834
114835
114838
114839
114840
114843
114845
114850
114852
114863
114867
114870
114876
114881
114883
114886
114887
114891
114892
114896
114897
114898
114901
114905
114915
114927
114930
114931
114933
114939
114940
114941
114942
114948
114951
114956
114957
114958
114971
114976
114978
114986
115003
115005
115007
115017
115018
115023
115036
115045
115049
115051
115056
115061
115062
115064
115072
115075
115076
115079
115081
115087
115092
115093
115096
115098
115100
115106
115115
115117
115131
115132
115135
115143
115144
115145
115151
115153
115154
115155
115160
115161
115163
115172
115173
115175
115181
115188
115189
115190
115191
115192
115194
115195
115200
115201
115202
115204
115208
115210
115218
115219
115220
115226
115227
115228
115229
115230
115232
115235
115239
115240
115242
115247
115253
115261
115271
115274
115275
115280
115281
115284
115289
115291
115296
115299
115300
115302
115303
115304
115306
115307
115316
115320
115324
115328
115332
115333
115334
115335
115338
115344
115350
115351
115355
115356
115357
115358
115364
115371
115372
115376
115379
115382
115384
115388
115389
115392
115394
115403
115406
115407
115412
115414
115416
115417
115418
115424
115426
115427
115429
115432
115437
115441
115442
115445
115451
115454
115461
115464
115466
115467
115468
115471
115473
115474
115476
115478
115483
115489
115507
115508
115514
115516
115517
115518
115519
115526
115527
115528
115531
115534
115538
115539
115541
115542
115552
115553
115554
115556
115557
115564
115570
115571
115576
115581
115584
115590
115592
115594
115595
115597
115598
115602
115612
115613
115617
115619
115620
115623
115636
115638
115640
115641
115644
115645
115646
115648
115651
115652
115657
115666
115668
115681
115683
115686
115687
115691
115695
115706
115707
115716
115717
115718
115719
115728
115737
115740
115744
115752
115754
115756
115762
115765
115766
115768
115777
115780
115785
115789
115790
115791
115792
115799
115809
115813
115814
115820
115823
115825
115826
115833
115837
115839
115841
115850
115854
115856
115857
115861
115865
115867
115877
115878
115882
115888
115889
115891
115892
115893
115894
115895
115896
115897
115899
115900
115910
115915
115921
115924
115926
115930
115932
115933
115934
115941
115953
115954
115962
115963
115966
115968
115971
115972
115974
115978
115981
115983
115990
115999
116001
116007
116009
116010
116011
116015
116023
116024
116025
116026
116027
116028
116031
116037
116039
116041
116043
116044
116050
116056
116060
116075
116076
116078
116089
116090
116093
116096
116099
116100
116101
116107
116108
116112
116115
116122
116129
116131
116135
116137
116138
116145
116150
116152
116154
116155
116156
116164
116166
116168
116169
116178
116186
116187
116190
116192
116194
116195
116196
116197
116201
116202
116209
116213
116215
116216
116219
116227
116229
116231
116240
116245
116247
116253
116254
116271
116273
116277
116281
116283
116285
116292
116294
116298
116299
116301
116303
116304
116310
116316
116323
116324
116325
116326
116329
116332
116334
116335
116337
116338
116339
116340
116347
116348
116350
116352
116353
116354
116356
116358
116366
116376
116377
116381
116388
116389
116398
116399
116407
116414
116416
116421
116422
116425
116428
116429
116431
116433
116436
116443
116446
116449
116450
116453
116464
116467
116469
116472
116474
116484
116486
116489
116491
116492
116494
116495
116497
116501
116504
116507
116510
116511
116512
116513
116515
116526
116531
116534
116537
116541
116542
116545
116547
116548
116550
116551
116554
116558
116560
116561
116562
116564
116567
116581
116583
116592
116594
116602
116604
116607
116610
116612
116614
116619
116622
116630
116634
116636
116645
116649
116654
116661
116663
116664
116667
116669
116670
116672
116678
116680
116681
116685
116686
116688
116690
116692
116693
116696
116699
116700
116707
116708
116714
116718
116723
116726
116729
116730
116735
116741
116747
116748
116749
116750
116757
116761
116768
116771
116773
116777
116782
116785
116786
116787
116788
116796
116804
116806
116807
116808
116809
116812
116814
116816
116820
116825
116826
116829
116831
116844
116845
116849
116851
116853
116854
116859
116864
116865
116871
116875
116876
116880
116882
116887
116891
116892
116898
116899
116900
116907
116915
116918
116921
116925
116930
116937
116938
116939
116942
116945
116951
116952
116963
116964
116969
116971
116974
116979
116986
116990
116992
116996
116998
117004
117006
117009
117012
117018
117022
117027
117028
117032
117035
117039
117041
117042
117050
117053
117054
117056
117062
117063
117067
117068
117073
117076
117078
117082
117084
117091
117097
117099
117119
117120
117121
117122
117126
117129
117132
117137
117139
117141
117145
117154
117155
117158
117162
117163
117164
117170
117171
117176
117177
117178
117183
117186
117190
117191
117193
117201
117202
117203
117208
117210
117211
117214
117215
117216
117223
117226
117232
117233
117234
117240
117243
117254
117255
117260
117262
117264
117266
117267
117270
117273
117283
117285
117294
117295
117302
117303
117306
117313
117314
117316
117324
117331
117332
117335
117336
117337
117342
117346
117354
117355
117356
117358
117366
117370
117382
117383
117384
117392
117395
117396
117399
117401
117403
117406
117411
117419
117427
117429
117430
117433
117434
117444
117445
117450
117452
117454
117455
117457
117460
117461
117465
117467
117469
117475
117482
117484
117485
117491
117493
117501
117502
117503
117508
117512
117513
117518
117519
117526
117527
117531
117532
117534
117539
117540
117542
117546
117549
117555
117559
117560
117561
117566
117567
117568
117577
117580
117586
117587
117591
117593
117594
117598
117602
117604
117608
117609
117614
117615
117620
117622
117625
117633
117634
117642
117645
117647
117653
117656
117664
117665
117669
117672
117675
117677
117678
117681
117686
117689
117694
117697
117699
117700
117704
117708
117710
117714
117717
117718
117723
117727
117729
117732
117733
117734
117735
117737
117739
117745
117758
117759
117760
117774
117777
117785
117791
117795
117810
117811
117812
117813
117816
117819
117824
117826
117828
117829
117831
117835
117836
117842
117845
117856
117859
117863
117864
117870
117871
117876
117878
117885
117886
117887
117892
117896
117898
117899
117902
117903
117905
117906
117907
117913
117915
117917
117934
117940
117943
117945
117947
117953
117960
117964
117974
117976
117977
117982
117983
117984
117986
117989
117993
117995
117998
117999
118003
118006
118007
118008
118009
118013
118014
118022
118025
118026
118028
118030
118042
118047
118055
118068
118069
118072
118075
118078
118080
118081
118083
118087
118089
118090
118091
118094
118095
118099
118101
118104
118106
118111
118116
118119
118121
118124
118128
118129
118133
118135
118139
118143
118147
118148
118151
118152
118156
118159
118162
118169
118171
118175
118176
118178
118179
118183
118188
118192
118195
118199
118203
118206
118207
118209
118211
118213
118219
118220
118223
118224
118230
118233
118236
118244
118249
118265
118273
118277
118279
118280
118283
118287
118288
118290
118296
118298
118301
118304
118306
118312
118314
118315
118318
118319
118322
118325
118326
118328
118331
118334
118335
118339
118343
118344
118347
118352
118355
118359
118360
118368
118372
118374
118375
118387
118388
118389
118391
118396
118408
118416
118420
118424
118430
118433
118434
118436
118438
118440
118448
118450
118457
118463
118472
118480
118482
118487
118490
118502
118510
118514
118517
118522
118523
118525
118530
118539
118544
118549
118551
118552
118561
118562
118563
118565
118567
118572
118574
118577
118583
118586
118587
118590
118591
118593
118597
118598
118608
118613
118618
118623
118628
118629
118633
118639
118641
118644
118649
118651
118652
118656
118667
118681
118687
118689
118690
118693
118694
118696
118705
118708
118709
118711
118715
118718
118719
118726
118729
118732
118735
118737
118740
118741
118742
118747
118750
118752
118755
118759
118765
118768
118769
118772
118783
118785
118788
118792
118801
118804
118806
118807
118808
118809
118818
118821
118823
118828
118830
118835
118837
118838
118841
118843
118850
118858
118859
118860
118861
118867
118870
118877
118880
118881
118882
118895
118896
118897
118899
118900
118901
118904
118906
118909
118917
118918
118920
118923
118928
118930
118932
118935
118937
118941
118942
118945
118947
118949
118951
118952
118953
118954
118957
118958
118959
118962
118969
118973
118974
118977
118979
118981
118992
118999
119001
119008
119009
119010
119016
119019
119022
119030
119041
119042
119045
119046
119049
119056
119058
119063
119064
119066
119067
119068
119073
119074
119083
119084
119087
119091
119092
119093
119095
119097
119100
119101
119109
119116
119120
119123
119126
119147
119154
119165
119172
119175
119177
119178
119182
119184
119185
119188
119192
119193
119194
119199
119205
119208
119215
119217
119219
119221
119222
119225
119229
119235
119244
119247
119252
119254
119258
119262
119263
119267
119273
119279
119280
119283
119299
119302
119311
119318
119329
119331
119335
119357
119361
119365
119372
119375
119379
119389
119395
119398
119399
119400
119402
119408
119409
119410
119420
119421
119432
119436
119438
119443
119444
119448
119455
119458
119467
119478
119481
119487
119493
119494
119495
119500
119502
119504
119506
119510
119514
119515
119519
119521
119522
119523
119524
119525
119526
119528
119529
119533
119534
119535
119539
119540
119546
119552
119553
119554
119557
119560
119566
119567
119576
119590
119591
119594
119596
119597
119598
119603
119604
119606
119607
119608
119609
119610
119611
119614
119615
119619
119623
119626
119630
119635
119642
119646
119653
119656
119663
119669
119670
119673
119680
119689
119695
119702
119703
119705
119707
119711
119715
119726
119728
119732
119734
119736
119740
119744
119747
119748
119752
119756
119760
119767
119770
119774
119775
119781
119784
119786
119789
119793
119797
119801
119806
119807
119809
119813
119831
119836
119841
119848
119852
119855
119861
119862
119864
119865
119866
119868
119869
119870
119873
119879
119881
119883
119884
119885
119888
119890
119895
119901
119902
119903
119904
119905
119906
119915
119924
119926
119927
119929
119930
119941
119944
119947
119950
119951
119954
119962
119963
119964
119969
119971
119972
119978
119980
119989
119994
119995
119996
120006
120008
120011
120014
120018
120019
120026
120035
120037
120040
120044
120045
120052
120053
120059
120062
120065
120066
120067
120068
120071
120072
120073
120074
120076
120078
120081
120091
120092
120094
120099
120111
120115
120117
120122
120134
120135
120138
120144
120154
120155
120156
120162
120163
120164
120170
120174
120175
120177
120178
120184
120193
120195
120208
120210
120217
120220
120222
120225
120226
120227
120231
120233
120236
120237
120240
120244
120247
120248
120257
120264
120267
120268
120270
120273
120276
120277
120279
120282
120284
120287
120292
120295
120299
120307
120308
120312
120321
120326
120328
120329
120331
120332
120336
120342
120343
120346
120350
120351
120353
120354
120360
120362
120366
120370
120376
120378
120379
120380
120383
120384
120388
120389
120394
120397
120401
120404
120413
120414
120417
120423
120429
120431
120436
120440
120451
120456
120459
120460
120461
120462
120463
120465
120467
120468
120493
120498
120500
120501
120509
120512
120521
120523
120528
120529
120534
120544
120548
120554
120559
120561
120566
120572
120577
120580
120582
120589
120590
120591
120603
120613
120616
120617
120620
120630
120635
120641
120650
120651
120657
120669
120671
120674
120677
120684
120685
120690
120691
120693
120700
120706
120709
120714
120724
120732
120738
120740
120743
120751
120755
120758
120761
120766
120770
120771
120772
120774
120783
120789
120795
120801
120804
120807
120811
120815
120816
120817
120823
120824
120827
120829
120833
120843
120850
120851
120853
120857
120859
120861
120862
120867
120870
120876
120877
120878
120885
120886
120889
120893
120902
120903
120908
120910
120912
120915
120916
120929
120933
120938
120945
120947
120950
120952
120955
120958
120961
120970
120974
120979
120985
120987
120988
120994
120995
120997
120998
120999
121002
121019
121022
121027
121032
121036
121037
121038
121040
121048
121050
121051
121054
121055
121056
121057
121066
121071
121073
121077
121078
121085
121087
121088
121092
121096
121098
121101
121103
121110
121113
121117
121118
121120
121121
121140
121143
121151
121154
121157
121158
121159
121174
121184
121185
121198
121199
121200
121206
121213
121215
121218
121222
121224
121225
121229
121233
121238
121240
121241
121243
121245
121247
121250
121254
121255
121258
121262
121270
121272
121275
121276
121279
121294
121296
121298
121299
121302
121304
121306
121307
121308
121313
121318
121320
121321
121322
121323
121324
121327
121344
121345
121346
121353
121355
121359
121361
121365
121370
121378
121379
121381
121385
121389
121391
121392
121408
121409
121410
121412
121421
121423
121424
121432
121441
121446
121450
121452
121453
121455
121458
121459
121462
121463
121466
121469
121471
121472
121478
121481
121487
121496
121497
121501
121503
121507
121509
121520
121528
121536
121538
121545
121549
121551
121552
121564
121568
121569
121571
121577
121580
121586
121588
121591
121592
121593
121597
121599
121602
121604
121606
121611
121612
121615
121616
121619
121623
121626
121627
121631
121633
121640
121642
121643
121655
121657
121661
121676
121686
121687
121688
121696
121697
121710
121711
121712
121713
121714
121717
121719
121722
121724
121726
121730
121731
121733
121735
121737
121743
121751
121754
121755
121765
121769
121771
121772
121773
121775
121781
121782
121786
121792
121801
121803
121805
121819
121820
121821
121827
121837
121846
121854
121856
121862
121863
121867
121871
121878
121881
121882
121883
121890
121893
121895
121900
121903
121911
121914
121916
121919
121921
121929
121930
121934
121942
121947
121949
121954
121955
121956
121958
121967
121968
121969
121972
121980
121983
121987
121988
121990
121991
121993
121995
122005
122010
122013
122015
122016
122025
122026
122028
122030
122035
122040
122041
122042
122049
122050
122060
122062
122063
122074
122075
122076
122078
122086
122088
122089
122097
122099
122101
122103
122108
122109
122115
122119
122121
122124
122128
122131
122140
122142
122143
122148
122149
122156
122157
122160
122163
122165
122169
122173
122175
122180
122182
122183
122196
122200
122202
122211
122226
122241
122245
122258
122260
122262
122266
122273
122279
122282
122289
122290
122292
122298
122299
122304
122307
122311
122313
122317
122322
122323
122328
122333
122335
122340
122345
122347
122352
122354
122355
122357
122358
122369
122371
122373
122374
122385
122393
122394
122396
122401
122403
122407
122411
122412
122416
122419
122421
122432
122434
122436
122438
122443
122447
122452
122453
122454
122468
122471
122474
122478
122481
122485
122486
122487
122491
122498
122499
122502
122509
122510
122513
122515
122519
122521
122523
122526
122539
122541
122545
122548
122550
122552
122558
122561
122571
122575
122582
122584
122586
122594
122603
122611
122615
122617
122618
122619
122620
122621
122624
122625
122628
122632
122640
122641
122645
122653
122654
122657
122659
122664
122665
122666
122669
122676
122678
122679
122687
122691
122692
122693
122695
122704
122706
122714
122722
122723
122731
122733
122735
122738
122740
122741
122744
122749
122752
122756
122758
122764
122765
122768
122770
122772
122776
122781
122782
122786
122787
122792
122795
122799
122802
122804
122805
122815
122820
122821
122825
122827
122828
122829
122831
122835
122837
122842
122845
122851
122862
122863
122865
122875
122877
122888
122891
122898
122899
122900
122901
122902
122906
122908
122909
122910
122913
122919
122924
122933
122939
122944
122953
122960
122961
122964
122967
122973
122975
122976
122981
122984
122987
122989
123000
123003
123008
123010
123011
123014
123017
123020
123022
123023
123025
123026
123028
123030
123038
123044
123050
123052
123053
123056
123057
123059
123061
123062
123070
123079
123080
123082
123085
123094
123096
123099
123102
123103
123104
123106
123111
123113
123116
123117
123118
123119
123120
123123
123125
123128
123129
123141
123143
123144
123145
123146
123147
123151
123154
123167
123172
123175
123177
123181
123182
123183
123186
123189
123194
123198
123199
123203
123213
123218
123222
123225
123226
123232
123244
123248
123252
123255
123256
123258
123259
123261
123263
123282
123283
123285
123286
123289
123293
123295
123296
123297
123303
123304
123307
123308
123310
123315
123318
123323
123329
123331
123332
123335
123342
123344
123351
123357
123360
123366
123371
123375
123378
123379
123385
123386
123389
123394
123396
123402
123403
123404
123407
123410
123425
123428
123429
123435
123437
123441
123445
123450
123451
123455
123462
123467
123470
123473
123475
123479
123486
123488
123495
123499
123503
123504
123505
123506
123514
123515
123516
123518
123524
123529
123532
123533
123542
123543
123545
123546
123550
123558
123560
123561
123570
123572
123575
123577
123578
123581
123585
123590
123602
123603
123606
123618
123621
123623
123624
123628
123631
123637
123642
123644
123645
123646
123648
123651
123653
123655
123660
123671
123674
123677
123680
123682
123683
123691
123697
123706
123708
123709
123714
123715
123716
123717
123723
123726
123729
123731
123734
123736
123737
123740
123742
123744
123746
123768
123772
123773
123778
123782
123785
123789
123794
123815
123816
123820
123829
123830
123833
123835
123843
123845
123849
123851
123853
123856
123863
123876
123886
123888
123892
123894
123898
123899
123905
123906
123916
123919
123926
123927
123935
123937
123939
123945
123953
123956
123963
123967
123968
123969
123977
123978
123980
123986
123991
123996
124001
124003
124005
124006
124007
124008
124011
124012
124017
124020
124022
124031
124040
124042
124044
124047
124049
124050
124052
124053
124055
124058
124059
124066
124067
124074
124085
124091
124093
124097
124108
124109
124110
124117
124118
124121
124122
124128
124130
124131
124137
124140
124141
124142
124143
124146
124157
124158
124162
124164
124166
124170
124173
124175
124180
124191
124194
124195
124199
124201
124207
124208
124214
124226
124230
124232
124233
124236
124237
124244
124250
124254
124259
124260
124270
124271
124276
124278
124283
124284
124287
124295
124298
124299
124301
124304
124305
124306
124308
124313
124320
124324
124333
124337
124338
124340
124343
124347
124349
124359
124364
124365
124366
124368
124369
124370
124373
124375
124381
124387
124389
124397
124401
124402
124405
124409
124417
124420
124426
124428
124431
124435
124446
124448
124460
124461
124467
124474
124475
124476
124477
124490
124500
124506
124512
124518
124519
124521
124524
124525
124527
124533
124534
124535
124540
124542
124560
124562
124563
124566
124570
124571
124572
124575
124577
124580
124586
124589
124592
124597
124598
124603
124606
124609
124610
124615
124618
124620
124623
124625
124629
124632
124638
124641
124643
124646
124649
124652
124653
124658
124663
124675
124676
124679
124680
124685
124686
124689
124692
124693
124694
124695
124696
124697
124709
124720
124730
124738
124741
124742
124743
124745
124749
124750
124752
124754
124758
124761
124763
124766
124767
124769
124773
124775
124780
124783
124784
124787
124788
124790
124791
124792
124797
124799
124800
124802
124807
124810
124813
124825
124827
124834
124851
124852
124856
124858
124859
124860
124875
124876
124877
124883
124884
124885
124896
124904
124911
124915
124919
124921
124923
124928
124931
124933
124934
124935
124938
124939
124940
124944
124945
124949
124951
124955
124957
124958
124962
124979
124981
124983
124986
124991
124995
124996
124999
125001
125003
125007
125023
125024
125030
125041
125042
125046
125050
125053
125057
125060
125062
125063
125069
125072
125085
125086
125087
125093
125098
125099
125107
125113
125119
125124
125131
125135
125142
125144
125146
125149
125150
125152
125153
125154
125155
125156
125158
125160
125166
125167
125173
125174
125175
125180
125183
125189
125192
125194
125199
125201
125209
125210
125211
125212
125215
125216
125219
125222
125226
125231
125235
125239
125242
125243
125251
125261
125263
125267
125270
125274
125276
125278
125283
125287
125288
125290
125292
125301
125308
125309
125310
125312
125316
125337
125338
125339
125341
125344
125347
125367
125372
125380
125389
125396
125399
125402
125404
125405
125407
125412
125416
125420
125421
125422
125427
125428
125430
125436
125441
125443
125446
125447
125450
125456
125461
125462
125475
125478
125483
125494
125502
125508
125517
125519
125524
125525
125528
125530
125534
125537
125538
125540
125541
125543
125546
125547
125551
125554
125556
125557
125559
125561
125567
125569
125578
125581
125590
125596
125598
125603
125606
125611
125613
125625
125626
125634
125636
125641
125643
125650
125655
125656
125657
125658
125659
125660
125666
125672
125673
125677
125682
125683
125684
125688
125693
125701
125702
125705
125713
125714
125718
125736
125737
125741
125744
125746
125752
125763
125764
125766
125781
125788
125796
125801
125806
125818
125820
125821
125822
125825
125836
125844
125845
125864
125867
125870
125879
125883
125887
125894
125897
125899
125900
125904
125906
125907
125910
125913
125915
125916
125921
125927
125930
125933
125934
125935
125949
125957
125959
125970
125973
125974
125978
125980
125981
125985
125986
125988
125989
125991
125996
125998
126003
126008
126010
126014
126015
126017
126019
126025
126027
126029
126036
126038
126042
126052
126053
126058
126060
126061
126068
126072
126075
126088
126092
126100
126107
126110
126119
126120
126121
126126
126128
126145
126146
126159
126166
126168
126172
126175
126176
126183
126187
126195
126201
126202
126205
126218
126222
126233
126237
126238
126241
126250
126251
126253
126256
126261
126268
126276
126284
126287
126291
126292
126293
126303
126305
126308
126309
126311
126313
126318
126321
126325
126326
126329
126330
126331
126333
126341
126344
126356
126361
126362
126365
126367
126372
126376
126378
126393
126402
126403
126419
126422
126433
126437
126443
126446
126451
126456
126462
126463
126466
126469
126470
126471
126474
126481
126495
126503
126507
126511
126515
126516
126519
126529
126530
126537
126543
126546
126551
126567
126574
126581
126582
126585
126588
126590
126593
126594
126595
126596
126598
126609
126617
126625
126636
126652
126653
126655
126660
126666
126669
126670
126673
126677
126680
126684
126690
126692
126697
126699
126707
126709
126712
126725
126728
126730
126735
126738
126743
126744
126751
126753
126755
126759
126761
126762
126767
126768
126770
126774
126781
126783
126784
126794
126795
126814
126815
126818
126820
126821
126832
126835
126840
126845
126862
126863
126865
126881
126887
126889
126892
126902
126903
126906
126908
126909
126910
126912
126913
126915
126918
126921
126929
126930
126940
126950
126951
126952
126953
126954
126958
126959
126962
126963
126964
126976
126978
126985
126986
126989
126999
127002
127005
127009
127012
127020
127021
127022
127032
127034
127036
127037
127038
127039
127042
127045
127049
127053
127054
127055
127058
127063
127065
127066
127075
127078
127079
127081
127087
127088
127091
127103
127104
127105
127113
127122
127123
127127
127134
127137
127139
127141
127146
127151
127164
127167
127173
127176
127178
127184
127185
127186
127194
127196
127200
127216
127217
127218
127224
127230
127236
127240
127242
127245
127251
127253
127256
127258
127262
127264
127265
127271
127272
127278
127282
127284
127287
127288
127290
127291
127293
127296
127298
127302
127303
127312
127316
127327
127331
127333
127334
127337
127346
127363
127365
127369
127379
127385
127388
127390
127397
127399
127405
127406
127408
127409
127412
127413
127423
127426
127433
127437
127441
127443
127444
127447
127448
127451
127452
127457
127463
127466
127467
127468
127471
127473
127476
127480
127489
127491
127500
127501
127505
127507
127512
127514
127515
127518
127527
127533
127541
127543
127548
127553
127557
127561
127567
127574
127579
127587
127592
127595
127601
127609
127611
127614
127615
127617
127618
127625
127637
127643
127646
127651
127657
127661
127662
127674
127675
127680
127686
127688
127696
127701
127702
127706
127707
127709
127710
127712
127733
127736
127737
127743
127756
127757
127762
127764
127767
127771
127774
127779
127784
127787
127792
127797
127798
127801
127802
127808
127812
127814
127815
127822
127823
127824
127826
127828
127829
127835
127842
127846
127849
127852
127854
127857
127859
127862
127870
127880
127881
127883
127887
127889
127899
127900
127906
127910
127914
127919
127920
127923
127929
127933
127935
127938
127942
127946
127948
127949
127950
127951
127959
127960
127964
127971
127972
127982
127983
127992
127999
128000
128009
